ISO-10303-21;
HEADER;
/****************************************************************
 * Generated by software with PDE/Lib inside                    *
 * PDElib Version 3.2.7, created Mon Oct 07, 2002 at 14:55:21   *
 * International Technegroup Inc. (www.iti-oh.com)              *
 ****************************************************************/
FILE_DESCRIPTION((''),'2;1');
FILE_NAME('C:\\Users\\Administrator\\Desktop\\µ×°å ¸ÄU²Û.STP','2020-11-20T16:45:35',(''),(''),'STEP Write','Mastercam V9 ... CNC Software, Inc.','');
FILE_SCHEMA(('CONFIG_CONTROL_DESIGN'));
ENDSEC;
DATA;
#10=(NAMED_UNIT(*)PLANE_ANGLE_UNIT()SI_UNIT($,.RADIAN.));
#11=DIMENSIONAL_EXPONENTS(0.0,0.0,0.0,0.0,0.0,0.0,0.0);
#12=PLANE_ANGLE_MEASURE_WITH_UNIT(PLANE_ANGLE_MEASURE(0.017453292500000),#10);
#16=(CONVERSION_BASED_UNIT('DEGREE',#12)NAMED_UNIT(#11)PLANE_ANGLE_UNIT());
#20=(NAMED_UNIT(*)SI_UNIT($,.STERADIAN.)SOLID_ANGLE_UNIT());
#24=(LENGTH_UNIT()NAMED_UNIT(*)SI_UNIT(.MILLI.,.METRE.));
#26=UNCERTAINTY_MEASURE_WITH_UNIT(LENGTH_MEASURE(0.001000000000000),#24,'DISTANCE_ACCURACY_VALUE','');
#28=(GEOMETRIC_REPRESENTATION_CONTEXT(3)GLOBAL_UNCERTAINTY_ASSIGNED_CONTEXT((#26))GLOBAL_UNIT_ASSIGNED_CONTEXT((#16,#20,#24))REPRESENTATION_CONTEXT('','3D'));
#29=APPLICATION_CONTEXT('configuration controlled 3D designs of mechanical parts and assemblies');
#30=APPLICATION_PROTOCOL_DEFINITION('International Standard','config_control_design',1995,#29);
#31=MECHANICAL_CONTEXT('None',#29,'mechanical');
#32=PRODUCT('None','None','None',(#31));
#33=PRODUCT_RELATED_PRODUCT_CATEGORY('detail',$,(#32));
#34=PRODUCT_CATEGORY('part',$);
#35=PRODUCT_CATEGORY_RELATIONSHIP('None','None',#34,#33);
#36=PERSON('PERSON1','None','None',$,$,$);
#37=ORGANIZATION('','None','None');
#38=PERSON_AND_ORGANIZATION(#36,#37);
#39=PERSON_AND_ORGANIZATION_ROLE('design_owner');
#40=CC_DESIGN_PERSON_AND_ORGANIZATION_ASSIGNMENT(#38,#39,(#32));
#41=PRODUCT_DEFINITION_FORMATION_WITH_SPECIFIED_SOURCE('None','None',#32,.NOT_KNOWN.);
#42=PERSON('PERSON2','None','None',$,$,$);
#43=ORGANIZATION('','None','None');
#44=PERSON_AND_ORGANIZATION(#42,#43);
#45=PERSON_AND_ORGANIZATION_ROLE('creator');
#46=CC_DESIGN_PERSON_AND_ORGANIZATION_ASSIGNMENT(#44,#45,(#41));
#47=PERSON('PERSON3','None','None',$,$,$);
#48=ORGANIZATION('','None','None');
#49=PERSON_AND_ORGANIZATION(#47,#48);
#50=PERSON_AND_ORGANIZATION_ROLE('part_supplier');
#51=CC_DESIGN_PERSON_AND_ORGANIZATION_ASSIGNMENT(#49,#50,(#41));
#52=APPROVAL_STATUS('approved');
#53=APPROVAL(#52,'None');
#54=PERSON('PERSON4','None','None',$,$,$);
#55=ORGANIZATION('','None','None');
#56=PERSON_AND_ORGANIZATION(#54,#55);
#57=APPROVAL_ROLE('None');
#58=APPROVAL_PERSON_ORGANIZATION(#56,#53,#57);
#59=CALENDAR_DATE(2020,20,11);
#60=COORDINATED_UNIVERSAL_TIME_OFFSET(0,0,.AHEAD.);
#61=LOCAL_TIME(16,45,35.0,#60);
#62=DATE_AND_TIME(#59,#61);
#63=APPROVAL_DATE_TIME(#62,#53);
#64=CC_DESIGN_APPROVAL(#53,(#41));
#65=SECURITY_CLASSIFICATION_LEVEL('unclassified');
#66=SECURITY_CLASSIFICATION('None','None',#65);
#67=CC_DESIGN_SECURITY_CLASSIFICATION(#66,(#41));
#68=APPROVAL_STATUS('approved');
#69=APPROVAL(#68,'None');
#70=PERSON('PERSON5','None','None',$,$,$);
#71=ORGANIZATION('','None','None');
#72=PERSON_AND_ORGANIZATION(#70,#71);
#73=APPROVAL_ROLE('None');
#74=APPROVAL_PERSON_ORGANIZATION(#72,#69,#73);
#75=CALENDAR_DATE(2020,20,11);
#76=COORDINATED_UNIVERSAL_TIME_OFFSET(0,0,.AHEAD.);
#77=LOCAL_TIME(16,45,35.0,#76);
#78=DATE_AND_TIME(#75,#77);
#79=APPROVAL_DATE_TIME(#78,#69);
#80=CC_DESIGN_APPROVAL(#69,(#66));
#81=PERSON('PERSON6','None','None',$,$,$);
#82=ORGANIZATION('','None','None');
#83=PERSON_AND_ORGANIZATION(#81,#82);
#84=PERSON_AND_ORGANIZATION_ROLE('classification_officer');
#85=CC_DESIGN_PERSON_AND_ORGANIZATION_ASSIGNMENT(#83,#84,(#66));
#86=DATE_TIME_ROLE('classification_date');
#87=CALENDAR_DATE(2020,20,11);
#88=COORDINATED_UNIVERSAL_TIME_OFFSET(0,0,.AHEAD.);
#89=LOCAL_TIME(16,45,35.0,#88);
#90=DATE_AND_TIME(#87,#89);
#91=CC_DESIGN_DATE_AND_TIME_ASSIGNMENT(#90,#86,(#66));
#92=DESIGN_CONTEXT('part definition',#29,'design');
#93=DOCUMENT_TYPE('cad_filename');
#94=DOCUMENT('None','None','None',#93);
#95=PRODUCT_DEFINITION_WITH_ASSOCIATED_DOCUMENTS('None','None',#41,#92,(#94));
#96=PERSON('PERSON7','None','None',$,$,$);
#97=ORGANIZATION('','None','None');
#98=PERSON_AND_ORGANIZATION(#96,#97);
#99=PERSON_AND_ORGANIZATION_ROLE('creator');
#100=CC_DESIGN_PERSON_AND_ORGANIZATION_ASSIGNMENT(#98,#99,(#95));
#101=DATE_TIME_ROLE('creation_date');
#102=CALENDAR_DATE(2020,20,11);
#103=COORDINATED_UNIVERSAL_TIME_OFFSET(0,0,.AHEAD.);
#104=LOCAL_TIME(16,45,35.0,#103);
#105=DATE_AND_TIME(#102,#104);
#106=CC_DESIGN_DATE_AND_TIME_ASSIGNMENT(#105,#101,(#95));
#107=APPROVAL_STATUS('approved');
#108=APPROVAL(#107,'None');
#109=PERSON('PERSON8','None','None',$,$,$);
#110=ORGANIZATION('','None','None');
#111=PERSON_AND_ORGANIZATION(#109,#110);
#112=APPROVAL_ROLE('None');
#113=APPROVAL_PERSON_ORGANIZATION(#111,#108,#112);
#114=CALENDAR_DATE(2020,20,11);
#115=COORDINATED_UNIVERSAL_TIME_OFFSET(0,0,.AHEAD.);
#116=LOCAL_TIME(16,45,35.0,#115);
#117=DATE_AND_TIME(#114,#116);
#118=APPROVAL_DATE_TIME(#117,#108);
#119=CC_DESIGN_APPROVAL(#108,(#95));
#120=PRODUCT_DEFINITION_SHAPE('None','None',#95);
#121=SHAPE_REPRESENTATION('',(),#28);
#122=SHAPE_DEFINITION_REPRESENTATION(#120,#121);
#123=CARTESIAN_POINT('',(-87.500000000000000,-58.0,0.0));
#124=DIRECTION('',(0.0,0.0,1.0));
#125=DIRECTION('',(1.0,0.0,0.0));
#126=AXIS2_PLACEMENT_3D('',#123,#124,#125);
#127=CIRCLE('',#126,5.0);
#128=CARTESIAN_POINT('',(-92.500000000000000,-58.0,0.0));
#129=CARTESIAN_POINT('',(-87.500000000000000,-63.0,0.0));
#130=TRIMMED_CURVE('',#127,(PARAMETER_VALUE(180.0),#128),(PARAMETER_VALUE(270.0),#129),.T.,.PARAMETER.);
#131=CARTESIAN_POINT('',(-87.500000000000000,-63.0,0.0));
#132=DIRECTION('',(1.0,0.0,0.0));
#133=VECTOR('',#132,19.500000000000000);
#134=LINE('',#131,#133);
#135=CARTESIAN_POINT('',(-68.0,-63.0,0.0));
#136=TRIMMED_CURVE('',#134,(PARAMETER_VALUE(0.0),#131),(PARAMETER_VALUE(1.0),#135),.T.,.PARAMETER.);
#137=CARTESIAN_POINT('',(87.500000000000000,58.0,0.0));
#138=DIRECTION('',(0.0,0.0,1.0));
#139=DIRECTION('',(1.0,0.0,0.0));
#140=AXIS2_PLACEMENT_3D('',#137,#138,#139);
#141=CIRCLE('',#140,5.0);
#142=CARTESIAN_POINT('',(92.500000000000000,58.0,0.0));
#143=CARTESIAN_POINT('',(87.500000000000000,63.0,0.0));
#144=TRIMMED_CURVE('',#141,(PARAMETER_VALUE(0.0),#142),(PARAMETER_VALUE(90.000000000000028),#143),.T.,.PARAMETER.);
#145=CARTESIAN_POINT('',(87.500000000000000,63.0,0.0));
#146=DIRECTION('',(-1.0,0.0,0.0));
#147=VECTOR('',#146,175.0);
#148=LINE('',#145,#147);
#149=CARTESIAN_POINT('',(-87.500000000000000,63.0,0.0));
#150=TRIMMED_CURVE('',#148,(PARAMETER_VALUE(0.0),#145),(PARAMETER_VALUE(1.0),#149),.T.,.PARAMETER.);
#151=CARTESIAN_POINT('',(-92.500000000000000,58.0,0.0));
#152=DIRECTION('',(0.0,-1.0,0.0));
#153=VECTOR('',#152,116.0);
#154=LINE('',#151,#153);
#155=CARTESIAN_POINT('',(-92.500000000000000,-58.0,0.0));
#156=TRIMMED_CURVE('',#154,(PARAMETER_VALUE(0.0),#151),(PARAMETER_VALUE(1.0),#155),.T.,.PARAMETER.);
#157=CARTESIAN_POINT('',(-87.500000000000000,58.0,0.0));
#158=DIRECTION('',(0.0,0.0,1.0));
#159=DIRECTION('',(1.0,0.0,0.0));
#160=AXIS2_PLACEMENT_3D('',#157,#158,#159);
#161=CIRCLE('',#160,5.0);
#162=CARTESIAN_POINT('',(-87.500000000000000,63.0,0.0));
#163=CARTESIAN_POINT('',(-92.500000000000000,58.0,0.0));
#164=TRIMMED_CURVE('',#161,(PARAMETER_VALUE(90.000000000000028),#162),(PARAMETER_VALUE(180.0),#163),.T.,.PARAMETER.);
#165=CARTESIAN_POINT('',(-68.0,-68.0,0.0));
#166=DIRECTION('',(0.0,0.0,1.0));
#167=DIRECTION('',(1.0,0.0,0.0));
#168=AXIS2_PLACEMENT_3D('',#165,#166,#167);
#169=CIRCLE('',#168,5.000000000000007);
#170=CARTESIAN_POINT('',(-62.999999999999993,-68.0,0.0));
#171=CARTESIAN_POINT('',(-68.0,-62.999999999999993,0.0));
#172=TRIMMED_CURVE('',#169,(PARAMETER_VALUE(0.0),#170),(PARAMETER_VALUE(90.000000000000028),#171),.T.,.PARAMETER.);
#173=CARTESIAN_POINT('',(62.999999999818101,-68.0,0.0));
#174=DIRECTION('',(-1.0,0.0,0.0));
#175=VECTOR('',#174,0.499999999793538);
#176=LINE('',#173,#175);
#177=CARTESIAN_POINT('',(62.500000000024563,-68.0,0.0));
#178=TRIMMED_CURVE('',#176,(PARAMETER_VALUE(0.0),#173),(PARAMETER_VALUE(1.0),#177),.T.,.PARAMETER.);
#179=CARTESIAN_POINT('',(58.0,-68.0,0.0));
#180=DIRECTION('',(0.0,0.0,1.0));
#181=DIRECTION('',(1.0,0.0,0.0));
#182=AXIS2_PLACEMENT_3D('',#179,#180,#181);
#183=CIRCLE('',#182,5.000000000000007);
#184=CARTESIAN_POINT('',(58.0,-73.0,0.0));
#185=CARTESIAN_POINT('',(63.000000000000007,-68.0,0.0));
#186=TRIMMED_CURVE('',#183,(PARAMETER_VALUE(270.0),#184),(PARAMETER_VALUE(360.0),#185),.T.,.PARAMETER.);
#187=CARTESIAN_POINT('',(58.0,-73.0,0.0));
#188=DIRECTION('',(-1.0,0.0,0.0));
#189=VECTOR('',#188,116.0);
#190=LINE('',#187,#189);
#191=CARTESIAN_POINT('',(-58.0,-73.0,0.0));
#192=TRIMMED_CURVE('',#190,(PARAMETER_VALUE(0.0),#187),(PARAMETER_VALUE(1.0),#191),.T.,.PARAMETER.);
#193=CARTESIAN_POINT('',(87.500000000000000,-58.0,0.0));
#194=DIRECTION('',(0.0,0.0,1.0));
#195=DIRECTION('',(1.0,0.0,0.0));
#196=AXIS2_PLACEMENT_3D('',#193,#194,#195);
#197=CIRCLE('',#196,5.0);
#198=CARTESIAN_POINT('',(87.500000000000000,-63.0,0.0));
#199=CARTESIAN_POINT('',(92.500000000000000,-58.0,0.0));
#200=TRIMMED_CURVE('',#197,(PARAMETER_VALUE(270.0),#198),(PARAMETER_VALUE(360.0),#199),.T.,.PARAMETER.);
#201=CARTESIAN_POINT('',(68.0,-68.0,0.0));
#202=DIRECTION('',(0.0,0.0,1.0));
#203=DIRECTION('',(1.0,0.0,0.0));
#204=AXIS2_PLACEMENT_3D('',#201,#202,#203);
#205=CIRCLE('',#204,5.000000000000007);
#206=CARTESIAN_POINT('',(68.0,-62.999999999999993,0.0));
#207=CARTESIAN_POINT('',(62.999999999999993,-68.0,0.0));
#208=TRIMMED_CURVE('',#205,(PARAMETER_VALUE(90.000000000000028),#206),(PARAMETER_VALUE(180.0),#207),.T.,.PARAMETER.);
#209=CARTESIAN_POINT('',(68.0,-63.0,0.0));
#210=DIRECTION('',(1.0,0.0,0.0));
#211=VECTOR('',#210,19.500000000000000);
#212=LINE('',#209,#211);
#213=CARTESIAN_POINT('',(87.500000000000000,-63.0,0.0));
#214=TRIMMED_CURVE('',#212,(PARAMETER_VALUE(0.0),#209),(PARAMETER_VALUE(1.0),#213),.T.,.PARAMETER.);
#215=CARTESIAN_POINT('',(92.500000000000000,-58.0,0.0));
#216=DIRECTION('',(0.0,1.0,0.0));
#217=VECTOR('',#216,116.0);
#218=LINE('',#215,#217);
#219=CARTESIAN_POINT('',(92.500000000000000,58.0,0.0));
#220=TRIMMED_CURVE('',#218,(PARAMETER_VALUE(0.0),#215),(PARAMETER_VALUE(1.0),#219),.T.,.PARAMETER.);
#221=CARTESIAN_POINT('',(-58.0,-68.0,0.0));
#222=DIRECTION('',(0.0,0.0,1.0));
#223=DIRECTION('',(1.0,0.0,0.0));
#224=AXIS2_PLACEMENT_3D('',#221,#222,#223);
#225=CIRCLE('',#224,5.000000000000014);
#226=CARTESIAN_POINT('',(-63.000000000000014,-68.0,0.0));
#227=CARTESIAN_POINT('',(-58.0,-73.000000000000014,0.0));
#228=TRIMMED_CURVE('',#225,(PARAMETER_VALUE(180.0),#226),(PARAMETER_VALUE(270.0),#227),.T.,.PARAMETER.);
#229=CARTESIAN_POINT('',(55.0,-2.273737E-013,0.0));
#230=DIRECTION('',(0.0,0.0,1.0));
#231=DIRECTION('',(1.0,0.0,0.0));
#232=AXIS2_PLACEMENT_3D('',#229,#230,#231);
#233=CIRCLE('',#232,2.100000000000009);
#234=CARTESIAN_POINT('',(57.100000000000009,-2.273737E-013,0.0));
#235=CARTESIAN_POINT('',(57.100000000000009,-2.273737E-013,0.0));
#236=TRIMMED_CURVE('',#233,(PARAMETER_VALUE(0.0),#234),(PARAMETER_VALUE(359.999999999999940),#235),.T.,.PARAMETER.);
#237=CARTESIAN_POINT('',(27.500000000000000,-47.631397208099997,0.0));
#238=DIRECTION('',(0.0,0.0,1.0));
#239=DIRECTION('',(1.0,0.0,0.0));
#240=AXIS2_PLACEMENT_3D('',#237,#238,#239);
#241=CIRCLE('',#240,2.100000000000009);
#242=CARTESIAN_POINT('',(29.600000000000009,-47.631397208099997,0.0));
#243=CARTESIAN_POINT('',(29.600000000000009,-47.631397208099997,0.0));
#244=TRIMMED_CURVE('',#241,(PARAMETER_VALUE(0.0),#242),(PARAMETER_VALUE(359.999999999999940),#243),.T.,.PARAMETER.);
#245=CARTESIAN_POINT('',(-27.500000000000000,-47.631397208099770,0.0));
#246=DIRECTION('',(0.0,0.0,1.0));
#247=DIRECTION('',(1.0,0.0,0.0));
#248=AXIS2_PLACEMENT_3D('',#245,#246,#247);
#249=CIRCLE('',#248,2.099999999999994);
#250=CARTESIAN_POINT('',(-25.400000000000006,-47.631397208099770,0.0));
#251=CARTESIAN_POINT('',(-25.400000000000006,-47.631397208099770,0.0));
#252=TRIMMED_CURVE('',#249,(PARAMETER_VALUE(0.0),#250),(PARAMETER_VALUE(359.999999999999940),#251),.T.,.PARAMETER.);
#253=CARTESIAN_POINT('',(-55.0,2.273737E-013,0.0));
#254=DIRECTION('',(0.0,0.0,1.0));
#255=DIRECTION('',(1.0,0.0,0.0));
#256=AXIS2_PLACEMENT_3D('',#253,#254,#255);
#257=CIRCLE('',#256,2.099999999999994);
#258=CARTESIAN_POINT('',(-52.900000000000006,2.273737E-013,0.0));
#259=CARTESIAN_POINT('',(-52.900000000000006,2.273737E-013,0.0));
#260=TRIMMED_CURVE('',#257,(PARAMETER_VALUE(0.0),#258),(PARAMETER_VALUE(359.999999999999940),#259),.T.,.PARAMETER.);
#261=CARTESIAN_POINT('',(-27.500000000000000,47.631397208100232,0.0));
#262=DIRECTION('',(0.0,0.0,1.0));
#263=DIRECTION('',(1.0,0.0,0.0));
#264=AXIS2_PLACEMENT_3D('',#261,#262,#263);
#265=CIRCLE('',#264,2.099999999999994);
#266=CARTESIAN_POINT('',(-25.400000000000006,47.631397208100232,0.0));
#267=CARTESIAN_POINT('',(-25.400000000000006,47.631397208100232,0.0));
#268=TRIMMED_CURVE('',#265,(PARAMETER_VALUE(0.0),#266),(PARAMETER_VALUE(359.999999999999940),#267),.T.,.PARAMETER.);
#269=CARTESIAN_POINT('',(27.500000000000000,47.631397208099997,0.0));
#270=DIRECTION('',(0.0,0.0,1.0));
#271=DIRECTION('',(1.0,0.0,0.0));
#272=AXIS2_PLACEMENT_3D('',#269,#270,#271);
#273=CIRCLE('',#272,2.100000000000023);
#274=CARTESIAN_POINT('',(29.600000000000023,47.631397208099997,0.0));
#275=CARTESIAN_POINT('',(29.600000000000023,47.631397208099997,0.0));
#276=TRIMMED_CURVE('',#273,(PARAMETER_VALUE(0.0),#274),(PARAMETER_VALUE(359.999999999999940),#275),.T.,.PARAMETER.);
#277=CARTESIAN_POINT('',(-47.631397208099770,27.500000000000000,0.0));
#278=DIRECTION('',(0.0,0.0,1.0));
#279=DIRECTION('',(1.0,0.0,0.0));
#280=AXIS2_PLACEMENT_3D('',#277,#278,#279);
#281=CIRCLE('',#280,2.100000000000023);
#282=CARTESIAN_POINT('',(-45.531397208099747,27.500000000000000,0.0));
#283=CARTESIAN_POINT('',(-45.531397208099747,27.500000000000000,0.0));
#284=TRIMMED_CURVE('',#281,(PARAMETER_VALUE(0.0),#282),(PARAMETER_VALUE(359.999999999999940),#283),.T.,.PARAMETER.);
#285=CARTESIAN_POINT('',(-47.631397208099770,-27.500000000000000,0.0));
#286=DIRECTION('',(0.0,0.0,1.0));
#287=DIRECTION('',(1.0,0.0,0.0));
#288=AXIS2_PLACEMENT_3D('',#285,#286,#287);
#289=CIRCLE('',#288,2.100000000000009);
#290=CARTESIAN_POINT('',(-45.531397208099762,-27.500000000000000,0.0));
#291=CARTESIAN_POINT('',(-45.531397208099762,-27.500000000000000,0.0));
#292=TRIMMED_CURVE('',#289,(PARAMETER_VALUE(0.0),#290),(PARAMETER_VALUE(359.999999999999940),#291),.T.,.PARAMETER.);
#293=CARTESIAN_POINT('',(0.0,-55.0,0.0));
#294=DIRECTION('',(0.0,0.0,1.0));
#295=DIRECTION('',(1.0,0.0,0.0));
#296=AXIS2_PLACEMENT_3D('',#293,#294,#295);
#297=CIRCLE('',#296,2.099999999999980);
#298=CARTESIAN_POINT('',(2.099999999999980,-55.0,0.0));
#299=CARTESIAN_POINT('',(2.099999999999980,-55.0,0.0));
#300=TRIMMED_CURVE('',#297,(PARAMETER_VALUE(0.0),#298),(PARAMETER_VALUE(359.999999999999940),#299),.T.,.PARAMETER.);
#301=CARTESIAN_POINT('',(47.631397208099770,-27.500000000000000,0.0));
#302=DIRECTION('',(0.0,0.0,1.0));
#303=DIRECTION('',(1.0,0.0,0.0));
#304=AXIS2_PLACEMENT_3D('',#301,#302,#303);
#305=CIRCLE('',#304,2.100000000000009);
#306=CARTESIAN_POINT('',(49.731397208099779,-27.500000000000000,0.0));
#307=CARTESIAN_POINT('',(49.731397208099779,-27.500000000000000,0.0));
#308=TRIMMED_CURVE('',#305,(PARAMETER_VALUE(0.0),#306),(PARAMETER_VALUE(359.999999999999940),#307),.T.,.PARAMETER.);
#309=CARTESIAN_POINT('',(47.631397208099770,27.500000000000000,0.0));
#310=DIRECTION('',(0.0,0.0,1.0));
#311=DIRECTION('',(1.0,0.0,0.0));
#312=AXIS2_PLACEMENT_3D('',#309,#310,#311);
#313=CIRCLE('',#312,2.100000000000023);
#314=CARTESIAN_POINT('',(49.731397208099793,27.500000000000000,0.0));
#315=CARTESIAN_POINT('',(49.731397208099793,27.500000000000000,0.0));
#316=TRIMMED_CURVE('',#313,(PARAMETER_VALUE(0.0),#314),(PARAMETER_VALUE(359.999999999999940),#315),.T.,.PARAMETER.);
#317=CARTESIAN_POINT('',(0.0,55.0,0.0));
#318=DIRECTION('',(0.0,0.0,1.0));
#319=DIRECTION('',(1.0,0.0,0.0));
#320=AXIS2_PLACEMENT_3D('',#317,#318,#319);
#321=CIRCLE('',#320,2.100000000000023);
#322=CARTESIAN_POINT('',(2.100000000000023,55.0,0.0));
#323=CARTESIAN_POINT('',(2.100000000000023,55.0,0.0));
#324=TRIMMED_CURVE('',#321,(PARAMETER_VALUE(0.0),#322),(PARAMETER_VALUE(359.999999999999940),#323),.T.,.PARAMETER.);
#325=CARTESIAN_POINT('',(0.0,0.0,0.0));
#326=DIRECTION('',(0.0,0.0,1.0));
#327=DIRECTION('',(1.0,0.0,0.0));
#328=AXIS2_PLACEMENT_3D('',#325,#326,#327);
#329=CIRCLE('',#328,45.0);
#330=CARTESIAN_POINT('',(45.0,0.0,0.0));
#331=CARTESIAN_POINT('',(45.0,0.0,0.0));
#332=TRIMMED_CURVE('',#329,(PARAMETER_VALUE(0.0),#330),(PARAMETER_VALUE(359.999999999999940),#331),.T.,.PARAMETER.);
#333=CARTESIAN_POINT('',(85.750000000000000,50.0,0.0));
#334=DIRECTION('',(0.0,-1.0,0.0));
#335=VECTOR('',#334,25.0);
#336=LINE('',#333,#335);
#337=CARTESIAN_POINT('',(85.750000000000000,25.0,0.0));
#338=TRIMMED_CURVE('',#336,(PARAMETER_VALUE(0.0),#333),(PARAMETER_VALUE(1.0),#337),.T.,.PARAMETER.);
#339=CARTESIAN_POINT('',(83.0,50.0,0.0));
#340=DIRECTION('',(0.0,0.0,1.0));
#341=DIRECTION('',(1.0,0.0,0.0));
#342=AXIS2_PLACEMENT_3D('',#339,#340,#341);
#343=CIRCLE('',#342,2.750000000000028);
#344=CARTESIAN_POINT('',(85.750000000000028,50.0,0.0));
#345=CARTESIAN_POINT('',(80.249999999999972,50.0,0.0));
#346=TRIMMED_CURVE('',#343,(PARAMETER_VALUE(0.0),#344),(PARAMETER_VALUE(180.0),#345),.T.,.PARAMETER.);
#347=CARTESIAN_POINT('',(80.250000000000000,25.0,0.0));
#348=DIRECTION('',(0.0,1.0,0.0));
#349=VECTOR('',#348,25.0);
#350=LINE('',#347,#349);
#351=CARTESIAN_POINT('',(80.250000000000000,50.0,0.0));
#352=TRIMMED_CURVE('',#350,(PARAMETER_VALUE(0.0),#347),(PARAMETER_VALUE(1.0),#351),.T.,.PARAMETER.);
#353=CARTESIAN_POINT('',(83.0,25.0,0.0));
#354=DIRECTION('',(0.0,0.0,1.0));
#355=DIRECTION('',(1.0,0.0,0.0));
#356=AXIS2_PLACEMENT_3D('',#353,#354,#355);
#357=CIRCLE('',#356,2.750000000000028);
#358=CARTESIAN_POINT('',(80.249999999999972,25.0,0.0));
#359=CARTESIAN_POINT('',(85.750000000000028,25.0,0.0));
#360=TRIMMED_CURVE('',#357,(PARAMETER_VALUE(180.0),#358),(PARAMETER_VALUE(360.0),#359),.T.,.PARAMETER.);
#361=CARTESIAN_POINT('',(-80.250000000000000,-25.0,0.0));
#362=DIRECTION('',(0.0,-1.0,0.0));
#363=VECTOR('',#362,25.0);
#364=LINE('',#361,#363);
#365=CARTESIAN_POINT('',(-80.250000000000000,-50.0,0.0));
#366=TRIMMED_CURVE('',#364,(PARAMETER_VALUE(0.0),#361),(PARAMETER_VALUE(1.0),#365),.T.,.PARAMETER.);
#367=CARTESIAN_POINT('',(-83.0,-25.0,0.0));
#368=DIRECTION('',(0.0,0.0,1.0));
#369=DIRECTION('',(1.0,0.0,0.0));
#370=AXIS2_PLACEMENT_3D('',#367,#368,#369);
#371=CIRCLE('',#370,2.750000000000014);
#372=CARTESIAN_POINT('',(-80.249999999999986,-25.0,0.0));
#373=CARTESIAN_POINT('',(-85.750000000000014,-25.0,0.0));
#374=TRIMMED_CURVE('',#371,(PARAMETER_VALUE(0.0),#372),(PARAMETER_VALUE(180.0),#373),.T.,.PARAMETER.);
#375=CARTESIAN_POINT('',(-85.750000000000000,-50.0,0.0));
#376=DIRECTION('',(0.0,1.0,0.0));
#377=VECTOR('',#376,25.0);
#378=LINE('',#375,#377);
#379=CARTESIAN_POINT('',(-85.750000000000000,-25.0,0.0));
#380=TRIMMED_CURVE('',#378,(PARAMETER_VALUE(0.0),#375),(PARAMETER_VALUE(1.0),#379),.T.,.PARAMETER.);
#381=CARTESIAN_POINT('',(-83.0,-50.0,0.0));
#382=DIRECTION('',(0.0,0.0,1.0));
#383=DIRECTION('',(1.0,0.0,0.0));
#384=AXIS2_PLACEMENT_3D('',#381,#382,#383);
#385=CIRCLE('',#384,2.750000000000000);
#386=CARTESIAN_POINT('',(-85.750000000000000,-50.0,0.0));
#387=CARTESIAN_POINT('',(-80.250000000000000,-50.0,0.0));
#388=TRIMMED_CURVE('',#385,(PARAMETER_VALUE(180.0),#386),(PARAMETER_VALUE(360.0),#387),.T.,.PARAMETER.);
#389=CARTESIAN_POINT('',(-80.250000000000000,50.0,0.0));
#390=DIRECTION('',(0.0,-1.0,0.0));
#391=VECTOR('',#390,25.0);
#392=LINE('',#389,#391);
#393=CARTESIAN_POINT('',(-80.250000000000000,25.0,0.0));
#394=TRIMMED_CURVE('',#392,(PARAMETER_VALUE(0.0),#389),(PARAMETER_VALUE(1.0),#393),.T.,.PARAMETER.);
#395=CARTESIAN_POINT('',(-83.0,50.0,0.0));
#396=DIRECTION('',(0.0,0.0,1.0));
#397=DIRECTION('',(1.0,0.0,0.0));
#398=AXIS2_PLACEMENT_3D('',#395,#396,#397);
#399=CIRCLE('',#398,2.750000000000014);
#400=CARTESIAN_POINT('',(-80.249999999999986,50.0,0.0));
#401=CARTESIAN_POINT('',(-85.750000000000014,50.0,0.0));
#402=TRIMMED_CURVE('',#399,(PARAMETER_VALUE(0.0),#400),(PARAMETER_VALUE(180.0),#401),.T.,.PARAMETER.);
#403=CARTESIAN_POINT('',(-85.750000000000000,25.0,0.0));
#404=DIRECTION('',(0.0,1.0,0.0));
#405=VECTOR('',#404,25.0);
#406=LINE('',#403,#405);
#407=CARTESIAN_POINT('',(-85.750000000000000,50.0,0.0));
#408=TRIMMED_CURVE('',#406,(PARAMETER_VALUE(0.0),#403),(PARAMETER_VALUE(1.0),#407),.T.,.PARAMETER.);
#409=CARTESIAN_POINT('',(-83.0,25.0,0.0));
#410=DIRECTION('',(0.0,0.0,1.0));
#411=DIRECTION('',(1.0,0.0,0.0));
#412=AXIS2_PLACEMENT_3D('',#409,#410,#411);
#413=CIRCLE('',#412,2.750000000000028);
#414=CARTESIAN_POINT('',(-85.750000000000028,25.0,0.0));
#415=CARTESIAN_POINT('',(-80.249999999999972,25.0,0.0));
#416=TRIMMED_CURVE('',#413,(PARAMETER_VALUE(180.0),#414),(PARAMETER_VALUE(360.0),#415),.T.,.PARAMETER.);
#417=CARTESIAN_POINT('',(85.750000000000000,-25.0,0.0));
#418=DIRECTION('',(0.0,-1.0,0.0));
#419=VECTOR('',#418,25.0);
#420=LINE('',#417,#419);
#421=CARTESIAN_POINT('',(85.750000000000000,-50.0,0.0));
#422=TRIMMED_CURVE('',#420,(PARAMETER_VALUE(0.0),#417),(PARAMETER_VALUE(1.0),#421),.T.,.PARAMETER.);
#423=CARTESIAN_POINT('',(83.0,-25.0,0.0));
#424=DIRECTION('',(0.0,0.0,1.0));
#425=DIRECTION('',(1.0,0.0,0.0));
#426=AXIS2_PLACEMENT_3D('',#423,#424,#425);
#427=CIRCLE('',#426,2.750000000000028);
#428=CARTESIAN_POINT('',(85.750000000000028,-25.0,0.0));
#429=CARTESIAN_POINT('',(80.249999999999972,-25.0,0.0));
#430=TRIMMED_CURVE('',#427,(PARAMETER_VALUE(0.0),#428),(PARAMETER_VALUE(180.0),#429),.T.,.PARAMETER.);
#431=CARTESIAN_POINT('',(80.250000000000000,-50.0,0.0));
#432=DIRECTION('',(0.0,1.0,0.0));
#433=VECTOR('',#432,25.0);
#434=LINE('',#431,#433);
#435=CARTESIAN_POINT('',(80.250000000000000,-25.0,0.0));
#436=TRIMMED_CURVE('',#434,(PARAMETER_VALUE(0.0),#431),(PARAMETER_VALUE(1.0),#435),.T.,.PARAMETER.);
#437=CARTESIAN_POINT('',(83.0,-50.0,0.0));
#438=DIRECTION('',(0.0,0.0,1.0));
#439=DIRECTION('',(1.0,0.0,0.0));
#440=AXIS2_PLACEMENT_3D('',#437,#438,#439);
#441=CIRCLE('',#440,2.750000000000000);
#442=CARTESIAN_POINT('',(80.250000000000000,-50.0,0.0));
#443=CARTESIAN_POINT('',(85.750000000000000,-50.0,0.0));
#444=TRIMMED_CURVE('',#441,(PARAMETER_VALUE(180.0),#442),(PARAMETER_VALUE(360.0),#443),.T.,.PARAMETER.);
#445=CARTESIAN_POINT('',(-48.752699864657643,51.253302908559590,0.0));
#446=DIRECTION('',(0.0,0.0,1.0));
#447=DIRECTION('',(1.0,0.0,0.0));
#448=AXIS2_PLACEMENT_3D('',#445,#446,#447);
#449=CIRCLE('',#448,4.299999999999727);
#450=CARTESIAN_POINT('',(-48.752699864657643,46.953302908559863,0.0));
#451=CARTESIAN_POINT('',(-48.752699864657643,55.553302908559317,0.0));
#452=TRIMMED_CURVE('',#449,(PARAMETER_VALUE(270.0),#450),(PARAMETER_VALUE(90.0),#451),.T.,.PARAMETER.);
#453=CARTESIAN_POINT('',(-48.752699864659007,46.953302908559863,0.0));
#454=DIRECTION('',(-0.999996942023020,0.002473043592071,0.0));
#455=VECTOR('',#454,19.576417644961612);
#456=LINE('',#453,#455);
#457=CARTESIAN_POINT('',(-68.329057645386115,47.001716242772439,0.0));
#458=TRIMMED_CURVE('',#456,(PARAMETER_VALUE(0.0),#453),(PARAMETER_VALUE(1.0),#457),.T.,.PARAMETER.);
#459=CARTESIAN_POINT('',(-48.752699864656279,55.553302908559317,0.0));
#460=DIRECTION('',(-0.999996942023022,-0.002473043591194,0.0));
#461=VECTOR('',#460,19.576417644550336);
#462=LINE('',#459,#461);
#463=CARTESIAN_POINT('',(-68.329057644972153,55.504889574364917,0.0));
#464=TRIMMED_CURVE('',#462,(PARAMETER_VALUE(0.0),#459),(PARAMETER_VALUE(1.0),#463),.T.,.PARAMETER.);
#465=CARTESIAN_POINT('',(48.742699864656970,51.253302908552307,0.0));
#466=DIRECTION('',(0.0,0.0,1.0));
#467=DIRECTION('',(1.0,0.0,0.0));
#468=AXIS2_PLACEMENT_3D('',#465,#466,#467);
#469=CIRCLE('',#468,4.299999999999727);
#470=CARTESIAN_POINT('',(48.742699864656970,55.553302908552034,0.0));
#471=CARTESIAN_POINT('',(48.742699864656970,46.953302908552580,0.0));
#472=TRIMMED_CURVE('',#469,(PARAMETER_VALUE(90.000000000000028),#470),(PARAMETER_VALUE(270.0),#471),.T.,.PARAMETER.);
#473=CARTESIAN_POINT('',(48.742699864656970,46.953302908552587,0.0));
#474=DIRECTION('',(0.999996942023021,0.002473043591913,0.0));
#475=VECTOR('',#474,19.360031080316496);
#476=LINE('',#473,#475);
#477=CARTESIAN_POINT('',(68.102671742444102,47.001181109355009,0.0));
#478=TRIMMED_CURVE('',#476,(PARAMETER_VALUE(0.0),#473),(PARAMETER_VALUE(1.0),#477),.T.,.PARAMETER.);
#479=CARTESIAN_POINT('',(48.742699864656061,55.553302908552041,0.0));
#480=DIRECTION('',(0.999996942023022,-0.002473043591351,0.0));
#481=VECTOR('',#480,19.360031079765086);
#482=LINE('',#479,#481);
#483=CARTESIAN_POINT('',(68.102671741891811,55.505424707761868,0.0));
#484=TRIMMED_CURVE('',#482,(PARAMETER_VALUE(0.0),#479),(PARAMETER_VALUE(1.0),#483),.T.,.PARAMETER.);
#485=CARTESIAN_POINT('',(48.917126024003657,-53.601332401754007,0.0));
#486=DIRECTION('',(0.0,0.0,1.0));
#487=DIRECTION('',(1.0,0.0,0.0));
#488=AXIS2_PLACEMENT_3D('',#485,#486,#487);
#489=CIRCLE('',#488,4.250350316657793);
#490=CARTESIAN_POINT('',(48.970639924358686,-49.351318980977339,0.0));
#491=CARTESIAN_POINT('',(48.972699864656519,-57.851319385563265,0.0));
#492=TRIMMED_CURVE('',#489,(PARAMETER_VALUE(89.278600251786500),#490),(PARAMETER_VALUE(270.749170542845600),#491),.T.,.PARAMETER.);
#493=CARTESIAN_POINT('',(68.972494373379050,-53.601318980977339,0.0));
#494=DIRECTION('',(0.0,0.0,1.0));
#495=DIRECTION('',(1.0,0.0,0.0));
#496=AXIS2_PLACEMENT_3D('',#493,#494,#495);
#497=CIRCLE('',#496,4.250000404586000);
#498=CARTESIAN_POINT('',(68.970639924359602,-57.851318980977339,0.0));
#499=CARTESIAN_POINT('',(68.970639924358693,-49.351318980977339,0.0));
#500=TRIMMED_CURVE('',#497,(PARAMETER_VALUE(269.974999506966240),#498),(PARAMETER_VALUE(90.025000493045994),#499),.T.,.PARAMETER.);
#501=CARTESIAN_POINT('',(68.972494373379050,-57.851319385563329,0.0));
#502=DIRECTION('',(-1.0,0.0,0.0));
#503=VECTOR('',#502,20.0);
#504=LINE('',#501,#503);
#505=CARTESIAN_POINT('',(48.972494373379050,-57.851319385563329,0.0));
#506=TRIMMED_CURVE('',#504,(PARAMETER_VALUE(0.0),#501),(PARAMETER_VALUE(1.0),#505),.T.,.PARAMETER.);
#507=CARTESIAN_POINT('',(68.970639924358693,-49.351318980977339,0.0));
#508=DIRECTION('',(-1.0,0.0,0.0));
#509=VECTOR('',#508,20.0);
#510=LINE('',#507,#509);
#511=CARTESIAN_POINT('',(48.970639924358693,-49.351318980977339,0.0));
#512=TRIMMED_CURVE('',#510,(PARAMETER_VALUE(0.0),#507),(PARAMETER_VALUE(1.0),#511),.T.,.PARAMETER.);
#513=CARTESIAN_POINT('',(-48.917126024006393,-53.601332401759691,0.0));
#514=DIRECTION('',(0.0,0.0,1.0));
#515=DIRECTION('',(1.0,0.0,0.0));
#516=AXIS2_PLACEMENT_3D('',#513,#514,#515);
#517=CIRCLE('',#516,4.250350316657793);
#518=CARTESIAN_POINT('',(-48.972699864656889,-57.851319385568978,0.0));
#519=CARTESIAN_POINT('',(-48.970639924360071,-49.351318980983010,0.0));
#520=TRIMMED_CURVE('',#517,(PARAMETER_VALUE(269.250829457186340),#518),(PARAMETER_VALUE(90.721399748195282),#519),.T.,.PARAMETER.);
#521=CARTESIAN_POINT('',(-68.972494373381778,-53.601318980985297,0.0));
#522=DIRECTION('',(0.0,0.0,1.0));
#523=DIRECTION('',(1.0,0.0,0.0));
#524=AXIS2_PLACEMENT_3D('',#521,#522,#523);
#525=CIRCLE('',#524,4.250000404586000);
#526=CARTESIAN_POINT('',(-68.970639924361777,-49.351318980985297,0.0));
#527=CARTESIAN_POINT('',(-68.970639924361777,-57.851318980985297,0.0));
#528=TRIMMED_CURVE('',#525,(PARAMETER_VALUE(89.974999506958866),#526),(PARAMETER_VALUE(270.025000493041090),#527),.T.,.PARAMETER.);
#529=CARTESIAN_POINT('',(-68.972494373380869,-57.851319385571287,0.0));
#530=DIRECTION('',(1.0,1.136868E-013,0.0));
#531=VECTOR('',#530,20.0);
#532=LINE('',#529,#531);
#533=CARTESIAN_POINT('',(-48.972494373380869,-57.851319385569013,0.0));
#534=TRIMMED_CURVE('',#532,(PARAMETER_VALUE(0.0),#529),(PARAMETER_VALUE(1.0),#533),.T.,.PARAMETER.);
#535=CARTESIAN_POINT('',(-68.970639924361421,-49.351318980985297,0.0));
#536=DIRECTION('',(1.0,1.140421E-013,0.0));
#537=VECTOR('',#536,20.0);
#538=LINE('',#535,#537);
#539=CARTESIAN_POINT('',(-48.970639924361421,-49.351318980983017,0.0));
#540=TRIMMED_CURVE('',#538,(PARAMETER_VALUE(0.0),#535),(PARAMETER_VALUE(1.0),#539),.T.,.PARAMETER.);
#541=CARTESIAN_POINT('',(-68.972494373399996,51.253302908600013,0.0));
#542=DIRECTION('',(0.0,0.0,1.0));
#543=DIRECTION('',(1.0,0.0,0.0));
#544=AXIS2_PLACEMENT_3D('',#541,#542,#543);
#545=CIRCLE('',#544,4.300000000000000);
#546=CARTESIAN_POINT('',(-68.329057644972153,55.504889574364931,0.0));
#547=CARTESIAN_POINT('',(-68.329057645386115,47.001716242772446,0.0));
#548=TRIMMED_CURVE('',#545,(PARAMETER_VALUE(81.394141189579827),#546),(PARAMETER_VALUE(278.605858804841430),#547),.T.,.PARAMETER.);
#549=CARTESIAN_POINT('',(68.742562517799996,51.253302908599998,0.0));
#550=DIRECTION('',(0.0,0.0,1.0));
#551=DIRECTION('',(1.0,0.0,0.0));
#552=AXIS2_PLACEMENT_3D('',#549,#550,#551);
#553=CIRCLE('',#552,4.300000000000000);
#554=CARTESIAN_POINT('',(68.102671742444102,47.001181109355009,0.0));
#555=CARTESIAN_POINT('',(68.102671741891811,55.505424707761875,0.0));
#556=TRIMMED_CURVE('',#553,(PARAMETER_VALUE(261.441924608880810),#554),(PARAMETER_VALUE(98.558075398561073),#555),.T.,.PARAMETER.);
#557=CARTESIAN_POINT('',(68.0,-63.0,-0.500000000000000));
#558=DIRECTION('',(0.0,-1.0,0.0));
#559=DIRECTION('',(0.0,0.0,-1.0));
#560=AXIS2_PLACEMENT_3D('',#557,#558,#559);
#561=PLANE('',#560);
#562=CARTESIAN_POINT('',(68.0,-63.0,-0.500000000000000));
#563=VERTEX_POINT('',#562);
#564=CARTESIAN_POINT('',(68.0,-63.0,-8.0));
#565=VERTEX_POINT('',#564);
#566=CARTESIAN_POINT('',(68.0,-63.0,-4.250000000000000));
#567=DIRECTION('',(0.0,0.0,1.0));
#568=VECTOR('',#567,1.0);
#569=LINE('',#566,#568);
#570=EDGE_CURVE('',#563,#565,#569,.F.);
#571=ORIENTED_EDGE('',*,*,#570,.T.);
#572=CARTESIAN_POINT('',(87.500000000000000,-63.0,-8.0));
#573=VERTEX_POINT('',#572);
#574=CARTESIAN_POINT('',(0.0,-63.0,-8.0));
#575=DIRECTION('',(-1.0,0.0,0.0));
#576=VECTOR('',#575,1.0);
#577=LINE('',#574,#576);
#578=EDGE_CURVE('',#565,#573,#577,.F.);
#579=ORIENTED_EDGE('',*,*,#578,.T.);
#580=CARTESIAN_POINT('',(87.500000000000000,-63.0,-0.500000000000000));
#581=VERTEX_POINT('',#580);
#582=CARTESIAN_POINT('',(87.500000000000000,-63.0,-4.250000000000000));
#583=DIRECTION('',(0.0,0.0,-1.0));
#584=VECTOR('',#583,1.0);
#585=LINE('',#582,#584);
#586=EDGE_CURVE('',#581,#573,#585,.T.);
#587=ORIENTED_EDGE('',*,*,#586,.F.);
#588=CARTESIAN_POINT('',(77.750000000000000,-63.0,-0.500000000000000));
#589=DIRECTION('',(-1.0,0.0,0.0));
#590=VECTOR('',#589,1.0);
#591=LINE('',#588,#590);
#592=EDGE_CURVE('',#581,#563,#591,.T.);
#593=ORIENTED_EDGE('',*,*,#592,.T.);
#594=EDGE_LOOP('',(#571,#579,#587,#593));
#595=FACE_OUTER_BOUND('',#594,.T.);
#596=ADVANCED_FACE('',(#595),#561,.T.);
#597=CARTESIAN_POINT('',(87.500000000000000,-58.0,-8.750000000000000));
#598=DIRECTION('',(0.0,0.0,1.0));
#599=DIRECTION('',(1.0,0.0,0.0));
#600=AXIS2_PLACEMENT_3D('',#597,#598,#599);
#601=CYLINDRICAL_SURFACE('',#600,5.0);
#602=CARTESIAN_POINT('',(92.495028585398302,-58.230692631130800,-8.0));
#603=VERTEX_POINT('',#602);
#604=CARTESIAN_POINT('',(87.500000000000000,-63.0,-8.0));
#605=CARTESIAN_POINT('',(87.817634307373012,-63.0,-8.000000000000002));
#606=CARTESIAN_POINT('',(88.135261643032294,-62.969641254468222,-8.0));
#607=CARTESIAN_POINT('',(88.759028351741577,-62.849302956377457,-7.999999999999998));
#608=CARTESIAN_POINT('',(89.065154033817905,-62.759326045108047,-8.0));
#609=CARTESIAN_POINT('',(89.654831521751646,-62.523007038031849,-8.0));
#610=CARTESIAN_POINT('',(89.938370384855276,-62.376670129159962,-8.0));
#611=CARTESIAN_POINT('',(90.472605747428716,-62.032927797961932,-8.0));
#612=CARTESIAN_POINT('',(90.723290521036574,-61.835529920391203,-8.0));
#613=CARTESIAN_POINT('',(91.182738477216631,-61.396811572879550,-8.0));
#614=CARTESIAN_POINT('',(91.391491575425874,-61.155500732310138,-8.0));
#615=CARTESIAN_POINT('',(91.759514982756258,-60.637692867809882,-8.0));
#616=CARTESIAN_POINT('',(91.918777214179926,-60.361207209175980,-8.0));
#617=CARTESIAN_POINT('',(92.182049518972363,-59.783060249994612,-8.0));
#618=CARTESIAN_POINT('',(92.286053813811876,-59.481411639118981,-8.0));
#619=CARTESIAN_POINT('',(92.435041621085020,-58.863860956044853,-8.0));
#620=CARTESIAN_POINT('',(92.480021863404843,-58.547972438385351,-8.000000000000002));
#621=CARTESIAN_POINT('',(92.494676007779759,-58.230676347528579,-8.0));
#622=B_SPLINE_CURVE_WITH_KNOTS('',3,(#604,#605,#606,#607,#608,#609,#610,#611,#612,#613,#614,#615,#616,#617,#618,#619,#620,#621),.UNSPECIFIED.,.F.,.U.,(4,2,2,2,2,2,2,2,4),(0.0,0.125000000000000,0.250000000000000,0.375000000000000,0.500000000000000,0.625000000000000,0.750000000000000,0.875000000000000,1.0),.UNSPECIFIED.);
#623=EDGE_CURVE('',#573,#603,#622,.T.);
#624=ORIENTED_EDGE('',*,*,#623,.T.);
#625=CARTESIAN_POINT('',(92.500000000000000,-58.0,-8.0));
#626=VERTEX_POINT('',#625);
#627=CARTESIAN_POINT('',(92.494676007779759,-58.230676347528579,-8.0));
#628=CARTESIAN_POINT('',(92.498224705905884,-58.153838832198993,-8.0));
#629=CARTESIAN_POINT('',(92.500000000000000,-58.076919419007247,-8.0));
#630=CARTESIAN_POINT('',(92.500000000000000,-57.999999999999979,-8.0));
#631=QUASI_UNIFORM_CURVE('',3,(#627,#628,#629,#630),.UNSPECIFIED.,.F.,.U.);
#632=EDGE_CURVE('',#603,#626,#631,.T.);
#633=ORIENTED_EDGE('',*,*,#632,.T.);
#634=CARTESIAN_POINT('',(92.500000000000000,-58.0,-0.500000000000000));
#635=VERTEX_POINT('',#634);
#636=CARTESIAN_POINT('',(92.500000000000000,-58.0,-4.250000000000000));
#637=DIRECTION('',(0.0,0.0,-1.0));
#638=VECTOR('',#637,1.0);
#639=LINE('',#636,#638);
#640=EDGE_CURVE('',#635,#626,#639,.T.);
#641=ORIENTED_EDGE('',*,*,#640,.F.);
#642=CARTESIAN_POINT('',(87.500000000000000,-58.0,-0.500000000000006));
#643=DIRECTION('',(0.0,0.0,1.0));
#644=DIRECTION('',(1.0,0.0,0.0));
#645=AXIS2_PLACEMENT_3D('',#642,#643,#644);
#646=CIRCLE('',#645,5.0);
#647=EDGE_CURVE('',#581,#635,#646,.T.);
#648=ORIENTED_EDGE('',*,*,#647,.F.);
#649=ORIENTED_EDGE('',*,*,#586,.T.);
#650=EDGE_LOOP('',(#624,#633,#641,#648,#649));
#651=FACE_OUTER_BOUND('',#650,.T.);
#652=ADVANCED_FACE('',(#651),#601,.T.);
#653=CARTESIAN_POINT('',(92.500000000000000,-58.0,-0.500000000000000));
#654=DIRECTION('',(1.0,0.0,0.0));
#655=DIRECTION('',(0.0,0.0,-1.0));
#656=AXIS2_PLACEMENT_3D('',#653,#654,#655);
#657=PLANE('',#656);
#658=ORIENTED_EDGE('',*,*,#640,.T.);
#659=CARTESIAN_POINT('',(92.500000000000000,58.0,-8.0));
#660=VERTEX_POINT('',#659);
#661=CARTESIAN_POINT('',(92.500000000000000,-5.0,-8.0));
#662=DIRECTION('',(0.0,-1.0,0.0));
#663=VECTOR('',#662,1.0);
#664=LINE('',#661,#663);
#665=EDGE_CURVE('',#626,#660,#664,.F.);
#666=ORIENTED_EDGE('',*,*,#665,.T.);
#667=CARTESIAN_POINT('',(92.500000000000000,58.0,-0.500000000000009));
#668=VERTEX_POINT('',#667);
#669=CARTESIAN_POINT('',(92.500000000000000,58.0,-4.250000000000000));
#670=DIRECTION('',(0.0,0.0,-1.0));
#671=VECTOR('',#670,1.0);
#672=LINE('',#669,#671);
#673=EDGE_CURVE('',#668,#660,#672,.T.);
#674=ORIENTED_EDGE('',*,*,#673,.F.);
#675=CARTESIAN_POINT('',(92.500000000000000,-3.469447E-015,-0.500000000000008));
#676=DIRECTION('',(0.0,-1.0,0.0));
#677=VECTOR('',#676,1.000000000000000);
#678=LINE('',#675,#677);
#679=EDGE_CURVE('',#668,#635,#678,.T.);
#680=ORIENTED_EDGE('',*,*,#679,.T.);
#681=EDGE_LOOP('',(#658,#666,#674,#680));
#682=FACE_OUTER_BOUND('',#681,.T.);
#683=ADVANCED_FACE('',(#682),#657,.T.);
#684=CARTESIAN_POINT('',(87.500000000000000,58.0,-8.750000000000000));
#685=DIRECTION('',(0.0,0.0,1.0));
#686=DIRECTION('',(1.0,0.0,0.0));
#687=AXIS2_PLACEMENT_3D('',#684,#685,#686);
#688=CYLINDRICAL_SURFACE('',#687,5.0);
#689=CARTESIAN_POINT('',(87.730657839581696,62.995030091034799,-8.0));
#690=VERTEX_POINT('',#689);
#691=CARTESIAN_POINT('',(92.500000000000000,58.0,-8.0));
#692=CARTESIAN_POINT('',(92.499999999999986,58.317635758269233,-8.000000000000002));
#693=CARTESIAN_POINT('',(92.469640976290137,58.635264544665581,-8.0));
#694=CARTESIAN_POINT('',(92.349301585500868,59.259033997868862,-7.999999999999996));
#695=CARTESIAN_POINT('',(92.259323859783223,59.565160973391947,-8.0));
#696=CARTESIAN_POINT('',(92.023002746567087,60.154840743414077,-7.999999999999996));
#697=CARTESIAN_POINT('',(91.876664546144511,60.438380594872939,-8.0));
#698=CARTESIAN_POINT('',(91.532919249572259,60.972617500009143,-7.999999999999996));
#699=CARTESIAN_POINT('',(91.335519698380850,61.223302827576703,-8.0));
#700=CARTESIAN_POINT('',(90.896797747011163,61.682751354738862,-7.999999999999996));
#701=CARTESIAN_POINT('',(90.655484976459348,61.891504469773913,-7.999999999999998));
#702=CARTESIAN_POINT('',(90.137673144812524,62.259527304298672,-7.999999999999998));
#703=CARTESIAN_POINT('',(89.861185449309033,62.418788945955967,-8.0));
#704=CARTESIAN_POINT('',(89.283034474127462,62.682059433519008,-8.0));
#705=CARTESIAN_POINT('',(88.981383884441030,62.786062500829857,-8.0));
#706=CARTESIAN_POINT('',(88.363829472617610,62.935047225424341,-8.0));
#707=CARTESIAN_POINT('',(88.047939205348868,62.980025612602113,-8.0));
#708=CARTESIAN_POINT('',(87.730641563092149,62.994677614158327,-8.0));
#709=B_SPLINE_CURVE_WITH_KNOTS('',3,(#691,#692,#693,#694,#695,#696,#697,#698,#699,#700,#701,#702,#703,#704,#705,#706,#707,#708),.UNSPECIFIED.,.F.,.U.,(4,2,2,2,2,2,2,2,4),(0.0,0.124999999999999,0.249999999999999,0.374999999999998,0.499999999999998,0.624999999999997,0.749999999999997,0.874999999999998,1.0),.UNSPECIFIED.);
#710=EDGE_CURVE('',#660,#690,#709,.T.);
#711=ORIENTED_EDGE('',*,*,#710,.T.);
#712=CARTESIAN_POINT('',(87.499999999974008,63.0,-8.0));
#713=VERTEX_POINT('',#712);
#714=CARTESIAN_POINT('',(87.730641563092149,62.994677614158327,-8.0));
#715=CARTESIAN_POINT('',(87.653815617864225,62.998225241745587,-8.0));
#716=CARTESIAN_POINT('',(87.576907811837700,63.0,-8.0));
#717=CARTESIAN_POINT('',(87.500000000000014,63.0,-8.0));
#718=QUASI_UNIFORM_CURVE('',3,(#714,#715,#716,#717),.UNSPECIFIED.,.F.,.U.);
#719=EDGE_CURVE('',#690,#713,#718,.T.);
#720=ORIENTED_EDGE('',*,*,#719,.T.);
#721=CARTESIAN_POINT('',(87.500000000000000,63.0,-0.500000000000000));
#722=VERTEX_POINT('',#721);
#723=CARTESIAN_POINT('',(87.500000000000000,63.0,-4.250000000000000));
#724=DIRECTION('',(0.0,0.0,-1.0));
#725=VECTOR('',#724,1.0);
#726=LINE('',#723,#725);
#727=EDGE_CURVE('',#722,#713,#726,.T.);
#728=ORIENTED_EDGE('',*,*,#727,.F.);
#729=CARTESIAN_POINT('',(87.500000000000000,58.0,-0.500000000000014));
#730=DIRECTION('',(0.0,0.0,1.0));
#731=DIRECTION('',(1.0,0.0,0.0));
#732=AXIS2_PLACEMENT_3D('',#729,#730,#731);
#733=CIRCLE('',#732,5.0);
#734=EDGE_CURVE('',#668,#722,#733,.T.);
#735=ORIENTED_EDGE('',*,*,#734,.F.);
#736=ORIENTED_EDGE('',*,*,#673,.T.);
#737=EDGE_LOOP('',(#711,#720,#728,#735,#736));
#738=FACE_OUTER_BOUND('',#737,.T.);
#739=ADVANCED_FACE('',(#738),#688,.T.);
#740=CARTESIAN_POINT('',(-87.500000000000000,63.0,-8.0));
#741=DIRECTION('',(0.0,1.0,0.0));
#742=DIRECTION('',(0.0,0.0,1.0));
#743=AXIS2_PLACEMENT_3D('',#740,#741,#742);
#744=PLANE('',#743);
#745=CARTESIAN_POINT('',(-87.500000000000000,63.0,-0.500000000000000));
#746=VERTEX_POINT('',#745);
#747=CARTESIAN_POINT('',(-87.500000000000000,63.0,-8.0));
#748=VERTEX_POINT('',#747);
#749=CARTESIAN_POINT('',(-87.500000000000000,63.0,-4.250000000000000));
#750=DIRECTION('',(0.0,0.0,-1.0));
#751=VECTOR('',#750,1.0);
#752=LINE('',#749,#751);
#753=EDGE_CURVE('',#746,#748,#752,.T.);
#754=ORIENTED_EDGE('',*,*,#753,.F.);
#755=CARTESIAN_POINT('',(0.0,63.0,-0.500000000000000));
#756=DIRECTION('',(1.0,0.0,0.0));
#757=VECTOR('',#756,1.0);
#758=LINE('',#755,#757);
#759=EDGE_CURVE('',#746,#722,#758,.T.);
#760=ORIENTED_EDGE('',*,*,#759,.T.);
#761=ORIENTED_EDGE('',*,*,#727,.T.);
#762=CARTESIAN_POINT('',(0.0,63.0,-8.0));
#763=DIRECTION('',(1.0,0.0,0.0));
#764=VECTOR('',#763,1.0);
#765=LINE('',#762,#764);
#766=EDGE_CURVE('',#713,#748,#765,.F.);
#767=ORIENTED_EDGE('',*,*,#766,.T.);
#768=EDGE_LOOP('',(#754,#760,#761,#767));
#769=FACE_OUTER_BOUND('',#768,.T.);
#770=ADVANCED_FACE('',(#769),#744,.T.);
#771=CARTESIAN_POINT('',(-87.500000000000000,58.0,-8.750000000000000));
#772=DIRECTION('',(0.0,0.0,1.0));
#773=DIRECTION('',(1.0,0.0,0.0));
#774=AXIS2_PLACEMENT_3D('',#771,#772,#773);
#775=CYLINDRICAL_SURFACE('',#774,5.0);
#776=CARTESIAN_POINT('',(-92.495028585398302,58.230692631130800,-8.0));
#777=VERTEX_POINT('',#776);
#778=CARTESIAN_POINT('',(-87.499999999999986,63.0,-8.0));
#779=CARTESIAN_POINT('',(-87.817634307373027,63.0,-8.000000000000002));
#780=CARTESIAN_POINT('',(-88.135261643032294,62.969641254468222,-8.0));
#781=CARTESIAN_POINT('',(-88.759028351741563,62.849302956377457,-7.999999999999998));
#782=CARTESIAN_POINT('',(-89.065154033817876,62.759326045108047,-8.0));
#783=CARTESIAN_POINT('',(-89.654831521751674,62.523007038031849,-8.0));
#784=CARTESIAN_POINT('',(-89.938370384855276,62.376670129159962,-8.0));
#785=CARTESIAN_POINT('',(-90.472605747428716,62.032927797961968,-8.0));
#786=CARTESIAN_POINT('',(-90.723290521036574,61.835529920391203,-8.0));
#787=CARTESIAN_POINT('',(-91.182738477216631,61.396811572879550,-8.0));
#788=CARTESIAN_POINT('',(-91.391491575425874,61.155500732310138,-8.0));
#789=CARTESIAN_POINT('',(-91.759514982756258,60.637692867809903,-8.0));
#790=CARTESIAN_POINT('',(-91.918777214179926,60.361207209175973,-8.0));
#791=CARTESIAN_POINT('',(-92.182049518972363,59.783060249994612,-8.0));
#792=CARTESIAN_POINT('',(-92.286053813811890,59.481411639118967,-8.0));
#793=CARTESIAN_POINT('',(-92.435041621085020,58.863860956044853,-8.0));
#794=CARTESIAN_POINT('',(-92.480021863404843,58.547972438385329,-8.000000000000002));
#795=CARTESIAN_POINT('',(-92.494676007779759,58.230676347528558,-8.0));
#796=B_SPLINE_CURVE_WITH_KNOTS('',3,(#778,#779,#780,#781,#782,#783,#784,#785,#786,#787,#788,#789,#790,#791,#792,#793,#794,#795),.UNSPECIFIED.,.F.,.U.,(4,2,2,2,2,2,2,2,4),(0.0,0.125000000000000,0.250000000000000,0.375000000000000,0.500000000000000,0.625000000000000,0.750000000000000,0.875000000000000,1.0),.UNSPECIFIED.);
#797=EDGE_CURVE('',#748,#777,#796,.T.);
#798=ORIENTED_EDGE('',*,*,#797,.T.);
#799=CARTESIAN_POINT('',(-92.500000000000000,58.0,-8.0));
#800=VERTEX_POINT('',#799);
#801=CARTESIAN_POINT('',(-92.494676007779759,58.230676347528558,-8.0));
#802=CARTESIAN_POINT('',(-92.498224705905884,58.153838832198979,-8.0));
#803=CARTESIAN_POINT('',(-92.500000000000000,58.076919419007247,-8.0));
#804=CARTESIAN_POINT('',(-92.500000000000000,57.999999999999993,-8.0));
#805=QUASI_UNIFORM_CURVE('',3,(#801,#802,#803,#804),.UNSPECIFIED.,.F.,.U.);
#806=EDGE_CURVE('',#777,#800,#805,.T.);
#807=ORIENTED_EDGE('',*,*,#806,.T.);
#808=CARTESIAN_POINT('',(-92.500000000000000,58.0,-0.500000000000000));
#809=VERTEX_POINT('',#808);
#810=CARTESIAN_POINT('',(-92.500000000000000,58.0,-4.250000000000000));
#811=DIRECTION('',(0.0,0.0,-1.0));
#812=VECTOR('',#811,1.0);
#813=LINE('',#810,#812);
#814=EDGE_CURVE('',#809,#800,#813,.T.);
#815=ORIENTED_EDGE('',*,*,#814,.F.);
#816=CARTESIAN_POINT('',(-87.500000000000000,58.0,-0.500000000000006));
#817=DIRECTION('',(0.0,0.0,1.0));
#818=DIRECTION('',(1.0,0.0,0.0));
#819=AXIS2_PLACEMENT_3D('',#816,#817,#818);
#820=CIRCLE('',#819,5.0);
#821=EDGE_CURVE('',#746,#809,#820,.T.);
#822=ORIENTED_EDGE('',*,*,#821,.F.);
#823=ORIENTED_EDGE('',*,*,#753,.T.);
#824=EDGE_LOOP('',(#798,#807,#815,#822,#823));
#825=FACE_OUTER_BOUND('',#824,.T.);
#826=ADVANCED_FACE('',(#825),#775,.T.);
#827=CARTESIAN_POINT('',(-92.500000000000000,-58.0,-8.0));
#828=DIRECTION('',(-1.0,0.0,0.0));
#829=DIRECTION('',(0.0,0.0,1.0));
#830=AXIS2_PLACEMENT_3D('',#827,#828,#829);
#831=PLANE('',#830);
#832=CARTESIAN_POINT('',(-92.500000000000000,-58.0,-0.500000000000009));
#833=VERTEX_POINT('',#832);
#834=CARTESIAN_POINT('',(-92.500000000000000,-58.0,-8.0));
#835=VERTEX_POINT('',#834);
#836=CARTESIAN_POINT('',(-92.500000000000000,-58.0,-4.250000000000000));
#837=DIRECTION('',(0.0,0.0,-1.0));
#838=VECTOR('',#837,1.0);
#839=LINE('',#836,#838);
#840=EDGE_CURVE('',#833,#835,#839,.T.);
#841=ORIENTED_EDGE('',*,*,#840,.F.);
#842=CARTESIAN_POINT('',(-92.500000000000000,-3.469447E-015,-0.500000000000008));
#843=DIRECTION('',(0.0,1.0,0.0));
#844=VECTOR('',#843,1.0);
#845=LINE('',#842,#844);
#846=EDGE_CURVE('',#833,#809,#845,.T.);
#847=ORIENTED_EDGE('',*,*,#846,.T.);
#848=ORIENTED_EDGE('',*,*,#814,.T.);
#849=CARTESIAN_POINT('',(-92.500000000000000,-5.0,-8.0));
#850=DIRECTION('',(0.0,1.0,0.0));
#851=VECTOR('',#850,1.0);
#852=LINE('',#849,#851);
#853=EDGE_CURVE('',#800,#835,#852,.F.);
#854=ORIENTED_EDGE('',*,*,#853,.T.);
#855=EDGE_LOOP('',(#841,#847,#848,#854));
#856=FACE_OUTER_BOUND('',#855,.T.);
#857=ADVANCED_FACE('',(#856),#831,.T.);
#858=CARTESIAN_POINT('',(-87.500000000000000,-58.0,-8.750000000000000));
#859=DIRECTION('',(0.0,0.0,1.0));
#860=DIRECTION('',(1.0,0.0,0.0));
#861=AXIS2_PLACEMENT_3D('',#858,#859,#860);
#862=CYLINDRICAL_SURFACE('',#861,5.0);
#863=CARTESIAN_POINT('',(-87.730657839581596,-62.995030091034799,-8.0));
#864=VERTEX_POINT('',#863);
#865=CARTESIAN_POINT('',(-92.500000000000000,-57.999999999999993,-8.0));
#866=CARTESIAN_POINT('',(-92.500000000000000,-58.317635758269240,-8.000000000000002));
#867=CARTESIAN_POINT('',(-92.469640976290165,-58.635264544665588,-8.0));
#868=CARTESIAN_POINT('',(-92.349301585500911,-59.259033997868862,-7.999999999999998));
#869=CARTESIAN_POINT('',(-92.259323859783237,-59.565160973391947,-8.0));
#870=CARTESIAN_POINT('',(-92.023002746567144,-60.154840743414113,-8.0));
#871=CARTESIAN_POINT('',(-91.876664546144497,-60.438380594872953,-8.0));
#872=CARTESIAN_POINT('',(-91.532919249572259,-60.972617500009179,-8.0));
#873=CARTESIAN_POINT('',(-91.335519698380807,-61.223302827576717,-8.0));
#874=CARTESIAN_POINT('',(-90.896797747011163,-61.682751354738912,-8.0));
#875=CARTESIAN_POINT('',(-90.655484976459348,-61.891504469773963,-8.0));
#876=CARTESIAN_POINT('',(-90.137673144812510,-62.259527304298722,-8.0));
#877=CARTESIAN_POINT('',(-89.861185449308977,-62.418788945956003,-8.0));
#878=CARTESIAN_POINT('',(-89.283034474127433,-62.682059433519022,-8.0));
#879=CARTESIAN_POINT('',(-88.981383884440973,-62.786062500829857,-8.0));
#880=CARTESIAN_POINT('',(-88.363829472617567,-62.935047225424363,-8.0));
#881=CARTESIAN_POINT('',(-88.047939205348783,-62.980025612602120,-8.000000000000002));
#882=CARTESIAN_POINT('',(-87.730641563092064,-62.994677614158348,-8.0));
#883=B_SPLINE_CURVE_WITH_KNOTS('',3,(#865,#866,#867,#868,#869,#870,#871,#872,#873,#874,#875,#876,#877,#878,#879,#880,#881,#882),.UNSPECIFIED.,.F.,.U.,(4,2,2,2,2,2,2,2,4),(0.0,0.125000000000000,0.250000000000000,0.375000000000000,0.500000000000000,0.625000000000000,0.750000000000000,0.875000000000000,1.0),.UNSPECIFIED.);
#884=EDGE_CURVE('',#835,#864,#883,.T.);
#885=ORIENTED_EDGE('',*,*,#884,.T.);
#886=CARTESIAN_POINT('',(-87.499999999987011,-63.0,-8.0));
#887=VERTEX_POINT('',#886);
#888=CARTESIAN_POINT('',(-87.730641563092064,-62.994677614158348,-8.0));
#889=CARTESIAN_POINT('',(-87.653815617864169,-62.998225241745601,-8.0));
#890=CARTESIAN_POINT('',(-87.576907811837657,-63.0,-8.0));
#891=CARTESIAN_POINT('',(-87.500000000000000,-63.0,-8.0));
#892=QUASI_UNIFORM_CURVE('',3,(#888,#889,#890,#891),.UNSPECIFIED.,.F.,.U.);
#893=EDGE_CURVE('',#864,#887,#892,.T.);
#894=ORIENTED_EDGE('',*,*,#893,.T.);
#895=CARTESIAN_POINT('',(-87.500000000000000,-63.0,-0.500000000000000));
#896=VERTEX_POINT('',#895);
#897=CARTESIAN_POINT('',(-87.500000000000000,-63.0,-4.250000000000000));
#898=DIRECTION('',(0.0,0.0,-1.0));
#899=VECTOR('',#898,1.0);
#900=LINE('',#897,#899);
#901=EDGE_CURVE('',#896,#887,#900,.T.);
#902=ORIENTED_EDGE('',*,*,#901,.F.);
#903=CARTESIAN_POINT('',(-87.500000000000000,-58.0,-0.500000000000014));
#904=DIRECTION('',(0.0,0.0,1.0));
#905=DIRECTION('',(1.0,0.0,0.0));
#906=AXIS2_PLACEMENT_3D('',#903,#904,#905);
#907=CIRCLE('',#906,5.0);
#908=EDGE_CURVE('',#833,#896,#907,.T.);
#909=ORIENTED_EDGE('',*,*,#908,.F.);
#910=ORIENTED_EDGE('',*,*,#840,.T.);
#911=EDGE_LOOP('',(#885,#894,#902,#909,#910));
#912=FACE_OUTER_BOUND('',#911,.T.);
#913=ADVANCED_FACE('',(#912),#862,.T.);
#914=CARTESIAN_POINT('',(-87.500000000000000,-63.0,-0.500000000000000));
#915=DIRECTION('',(0.0,-1.0,0.0));
#916=DIRECTION('',(0.0,0.0,-1.0));
#917=AXIS2_PLACEMENT_3D('',#914,#915,#916);
#918=PLANE('',#917);
#919=ORIENTED_EDGE('',*,*,#901,.T.);
#920=CARTESIAN_POINT('',(-68.0,-63.0,-8.0));
#921=VERTEX_POINT('',#920);
#922=CARTESIAN_POINT('',(0.0,-63.0,-8.0));
#923=DIRECTION('',(-1.0,0.0,0.0));
#924=VECTOR('',#923,1.0);
#925=LINE('',#922,#924);
#926=EDGE_CURVE('',#887,#921,#925,.F.);
#927=ORIENTED_EDGE('',*,*,#926,.T.);
#928=CARTESIAN_POINT('',(-68.0,-63.0,-0.500000000000000));
#929=VERTEX_POINT('',#928);
#930=CARTESIAN_POINT('',(-68.0,-63.0,-4.250000000000000));
#931=DIRECTION('',(0.0,0.0,-1.0));
#932=VECTOR('',#931,1.0);
#933=LINE('',#930,#932);
#934=EDGE_CURVE('',#921,#929,#933,.F.);
#935=ORIENTED_EDGE('',*,*,#934,.T.);
#936=CARTESIAN_POINT('',(-77.750000000000000,-63.0,-0.500000000000000));
#937=DIRECTION('',(-1.0,0.0,0.0));
#938=VECTOR('',#937,1.0);
#939=LINE('',#936,#938);
#940=EDGE_CURVE('',#929,#896,#939,.T.);
#941=ORIENTED_EDGE('',*,*,#940,.T.);
#942=EDGE_LOOP('',(#919,#927,#935,#941));
#943=FACE_OUTER_BOUND('',#942,.T.);
#944=ADVANCED_FACE('',(#943),#918,.T.);
#945=CARTESIAN_POINT('',(-58.0,-68.0,-8.750000000000000));
#946=DIRECTION('',(0.0,0.0,1.0));
#947=DIRECTION('',(1.0,0.0,0.0));
#948=AXIS2_PLACEMENT_3D('',#945,#946,#947);
#949=CYLINDRICAL_SURFACE('',#948,5.0);
#950=CARTESIAN_POINT('',(-63.0,-68.0,-8.0));
#951=VERTEX_POINT('',#950);
#952=CARTESIAN_POINT('',(-58.230657839581703,-72.995030091034806,-8.0));
#953=VERTEX_POINT('',#952);
#954=CARTESIAN_POINT('',(-63.0,-68.000000000000014,-8.0));
#955=CARTESIAN_POINT('',(-63.0,-68.317635758269248,-8.000000000000002));
#956=CARTESIAN_POINT('',(-62.969640976290151,-68.635264544665603,-8.0));
#957=CARTESIAN_POINT('',(-62.849301585500911,-69.259033997868912,-7.999999999999998));
#958=CARTESIAN_POINT('',(-62.759323859783223,-69.565160973391968,-8.0));
#959=CARTESIAN_POINT('',(-62.523002746567151,-70.154840743414113,-8.0));
#960=CARTESIAN_POINT('',(-62.376664546144511,-70.438380594872967,-8.0));
#961=CARTESIAN_POINT('',(-62.032919249572267,-70.972617500009164,-8.0));
#962=CARTESIAN_POINT('',(-61.835519698380821,-71.223302827576717,-8.0));
#963=CARTESIAN_POINT('',(-61.396797747011192,-71.682751354738897,-8.0));
#964=CARTESIAN_POINT('',(-61.155484976459363,-71.891504469773949,-8.0));
#965=CARTESIAN_POINT('',(-60.637673144812553,-72.259527304298686,-8.0));
#966=CARTESIAN_POINT('',(-60.361185449308998,-72.418788945955995,-8.0));
#967=CARTESIAN_POINT('',(-59.783034474127440,-72.682059433519015,-8.0));
#968=CARTESIAN_POINT('',(-59.481383884441001,-72.786062500829857,-8.0));
#969=CARTESIAN_POINT('',(-58.863829472617589,-72.935047225424356,-8.0));
#970=CARTESIAN_POINT('',(-58.547939205348840,-72.980025612602120,-8.000000000000002));
#971=CARTESIAN_POINT('',(-58.230641563092142,-72.994677614158348,-8.0));
#972=B_SPLINE_CURVE_WITH_KNOTS('',3,(#954,#955,#956,#957,#958,#959,#960,#961,#962,#963,#964,#965,#966,#967,#968,#969,#970,#971),.UNSPECIFIED.,.F.,.U.,(4,2,2,2,2,2,2,2,4),(0.0,0.125000000000000,0.250000000000000,0.375000000000000,0.500000000000000,0.625000000000000,0.750000000000000,0.875000000000000,1.0),.UNSPECIFIED.);
#973=EDGE_CURVE('',#951,#953,#972,.T.);
#974=ORIENTED_EDGE('',*,*,#973,.T.);
#975=CARTESIAN_POINT('',(-57.999999999986997,-73.0,-8.0));
#976=VERTEX_POINT('',#975);
#977=CARTESIAN_POINT('',(-58.230641563092142,-72.994677614158348,-8.0));
#978=CARTESIAN_POINT('',(-58.153815617864232,-72.998225241745601,-8.0));
#979=CARTESIAN_POINT('',(-58.076907811837692,-73.000000000000014,-8.0));
#980=CARTESIAN_POINT('',(-58.0,-73.000000000000014,-8.0));
#981=QUASI_UNIFORM_CURVE('',3,(#977,#978,#979,#980),.UNSPECIFIED.,.F.,.U.);
#982=EDGE_CURVE('',#953,#976,#981,.T.);
#983=ORIENTED_EDGE('',*,*,#982,.T.);
#984=CARTESIAN_POINT('',(-58.0,-73.0,-0.500000000000000));
#985=VERTEX_POINT('',#984);
#986=CARTESIAN_POINT('',(-58.0,-73.0,-4.250000000000000));
#987=DIRECTION('',(0.0,0.0,1.0));
#988=VECTOR('',#987,1.0);
#989=LINE('',#986,#988);
#990=EDGE_CURVE('',#976,#985,#989,.T.);
#991=ORIENTED_EDGE('',*,*,#990,.T.);
#992=CARTESIAN_POINT('',(-63.0,-68.0,-0.500000000000000));
#993=VERTEX_POINT('',#992);
#994=CARTESIAN_POINT('',(-58.0,-68.0,-0.500000000000006));
#995=DIRECTION('',(0.0,0.0,1.0));
#996=DIRECTION('',(1.0,0.0,0.0));
#997=AXIS2_PLACEMENT_3D('',#994,#995,#996);
#998=CIRCLE('',#997,5.0);
#999=EDGE_CURVE('',#993,#985,#998,.T.);
#1000=ORIENTED_EDGE('',*,*,#999,.F.);
#1001=CARTESIAN_POINT('',(-63.0,-68.0,-4.250000000000000));
#1002=DIRECTION('',(0.0,0.0,1.0));
#1003=VECTOR('',#1002,1.0);
#1004=LINE('',#1001,#1003);
#1005=EDGE_CURVE('',#993,#951,#1004,.F.);
#1006=ORIENTED_EDGE('',*,*,#1005,.T.);
#1007=EDGE_LOOP('',(#974,#983,#991,#1000,#1006));
#1008=FACE_OUTER_BOUND('',#1007,.T.);
#1009=ADVANCED_FACE('',(#1008),#949,.T.);
#1010=CARTESIAN_POINT('',(-68.0,-68.0,-8.750000000000000));
#1011=DIRECTION('',(0.0,0.0,1.0));
#1012=DIRECTION('',(1.0,0.0,0.0));
#1013=AXIS2_PLACEMENT_3D('',#1010,#1011,#1012);
#1014=CYLINDRICAL_SURFACE('',#1013,5.0);
#1015=CARTESIAN_POINT('',(-68.0,-68.0,-0.500000000000000));
#1016=DIRECTION('',(0.0,0.0,-1.0));
#1017=DIRECTION('',(-1.0,0.0,0.0));
#1018=AXIS2_PLACEMENT_3D('',#1015,#1016,#1017);
#1019=CIRCLE('',#1018,5.0);
#1020=EDGE_CURVE('',#993,#929,#1019,.F.);
#1021=ORIENTED_EDGE('',*,*,#1020,.T.);
#1022=ORIENTED_EDGE('',*,*,#934,.F.);
#1023=CARTESIAN_POINT('',(-63.004971414601691,-67.769307368869292,-8.0));
#1024=VERTEX_POINT('',#1023);
#1025=CARTESIAN_POINT('',(-67.999999999999986,-63.0,-8.0));
#1026=CARTESIAN_POINT('',(-67.682365692626959,-63.0,-8.000000000000002));
#1027=CARTESIAN_POINT('',(-67.364738356967692,-63.030358745531800,-8.0));
#1028=CARTESIAN_POINT('',(-66.740971648258395,-63.150697043622529,-7.999999999999998));
#1029=CARTESIAN_POINT('',(-66.434845966182081,-63.240673954891953,-8.0));
#1030=CARTESIAN_POINT('',(-65.845168478248297,-63.476992961968172,-8.0));
#1031=CARTESIAN_POINT('',(-65.561629615144696,-63.623329870840053,-8.0));
#1032=CARTESIAN_POINT('',(-65.027394252571298,-63.967072202038082,-8.0));
#1033=CARTESIAN_POINT('',(-64.776709478963397,-64.164470079608819,-8.0));
#1034=CARTESIAN_POINT('',(-64.317261522783340,-64.603188427120486,-8.0));
#1035=CARTESIAN_POINT('',(-64.108508424574111,-64.844499267689898,-8.0));
#1036=CARTESIAN_POINT('',(-63.740485017243742,-65.362307132190168,-8.0));
#1037=CARTESIAN_POINT('',(-63.581222785820053,-65.638792790824084,-8.0));
#1038=CARTESIAN_POINT('',(-63.317950481027601,-66.216939750005423,-8.0));
#1039=CARTESIAN_POINT('',(-63.213946186188110,-66.518588360881111,-8.0));
#1040=CARTESIAN_POINT('',(-63.064958378914959,-67.136139043955211,-8.0));
#1041=CARTESIAN_POINT('',(-63.019978136595142,-67.452027561614727,-8.000000000000002));
#1042=CARTESIAN_POINT('',(-63.005323992220227,-67.769323652471499,-8.0));
#1043=B_SPLINE_CURVE_WITH_KNOTS('',3,(#1025,#1026,#1027,#1028,#1029,#1030,#1031,#1032,#1033,#1034,#1035,#1036,#1037,#1038,#1039,#1040,#1041,#1042),.UNSPECIFIED.,.F.,.U.,(4,2,2,2,2,2,2,2,4),(0.0,0.125000000000000,0.250000000000000,0.375000000000000,0.500000000000000,0.625000000000000,0.750000000000000,0.875000000000000,1.0),.UNSPECIFIED.);
#1044=EDGE_CURVE('',#921,#1024,#1043,.T.);
#1045=ORIENTED_EDGE('',*,*,#1044,.T.);
#1046=CARTESIAN_POINT('',(-63.005323992220227,-67.769323652471499,-8.0));
#1047=CARTESIAN_POINT('',(-63.001775294094109,-67.846161167801071,-8.0));
#1048=CARTESIAN_POINT('',(-63.0,-67.923080580992760,-8.0));
#1049=CARTESIAN_POINT('',(-63.0,-68.0,-8.0));
#1050=QUASI_UNIFORM_CURVE('',3,(#1046,#1047,#1048,#1049),.UNSPECIFIED.,.F.,.U.);
#1051=EDGE_CURVE('',#1024,#951,#1050,.T.);
#1052=ORIENTED_EDGE('',*,*,#1051,.T.);
#1053=ORIENTED_EDGE('',*,*,#1005,.F.);
#1054=EDGE_LOOP('',(#1021,#1022,#1045,#1052,#1053));
#1055=FACE_OUTER_BOUND('',#1054,.T.);
#1056=ADVANCED_FACE('',(#1055),#1014,.F.);
#1057=CARTESIAN_POINT('',(-58.0,-73.0,-8.0));
#1058=DIRECTION('',(0.0,1.0,0.0));
#1059=DIRECTION('',(0.0,0.0,1.0));
#1060=AXIS2_PLACEMENT_3D('',#1057,#1058,#1059);
#1061=PLANE('',#1060);
#1062=ORIENTED_EDGE('',*,*,#990,.F.);
#1063=CARTESIAN_POINT('',(58.0,-73.0,-8.0));
#1064=VERTEX_POINT('',#1063);
#1065=CARTESIAN_POINT('',(0.0,-73.0,-8.0));
#1066=DIRECTION('',(-1.0,0.0,0.0));
#1067=VECTOR('',#1066,1.0);
#1068=LINE('',#1065,#1067);
#1069=EDGE_CURVE('',#976,#1064,#1068,.F.);
#1070=ORIENTED_EDGE('',*,*,#1069,.T.);
#1071=CARTESIAN_POINT('',(58.0,-73.0,-0.500000000000007));
#1072=VERTEX_POINT('',#1071);
#1073=CARTESIAN_POINT('',(58.0,-73.0,-4.250000000000000));
#1074=DIRECTION('',(0.0,0.0,-1.0));
#1075=VECTOR('',#1074,1.0);
#1076=LINE('',#1073,#1075);
#1077=EDGE_CURVE('',#1072,#1064,#1076,.T.);
#1078=ORIENTED_EDGE('',*,*,#1077,.F.);
#1079=CARTESIAN_POINT('',(0.0,-73.0,-0.500000000000007));
#1080=DIRECTION('',(1.0,0.0,0.0));
#1081=VECTOR('',#1080,1.0);
#1082=LINE('',#1079,#1081);
#1083=EDGE_CURVE('',#985,#1072,#1082,.T.);
#1084=ORIENTED_EDGE('',*,*,#1083,.F.);
#1085=EDGE_LOOP('',(#1062,#1070,#1078,#1084));
#1086=FACE_OUTER_BOUND('',#1085,.T.);
#1087=ADVANCED_FACE('',(#1086),#1061,.F.);
#1088=CARTESIAN_POINT('',(-92.500000000000000,-73.0,-8.0));
#1089=DIRECTION('',(0.0,0.0,1.0));
#1090=DIRECTION('',(1.0,0.0,0.0));
#1091=AXIS2_PLACEMENT_3D('',#1088,#1089,#1090);
#1092=PLANE('',#1091);
#1093=CARTESIAN_POINT('',(62.995028585398302,-68.230692631130694,-8.0));
#1094=VERTEX_POINT('',#1093);
#1095=CARTESIAN_POINT('',(63.0,-68.0,-8.0));
#1096=VERTEX_POINT('',#1095);
#1097=CARTESIAN_POINT('',(62.994676007779773,-68.230676347528586,-8.0));
#1098=CARTESIAN_POINT('',(62.998224705905898,-68.153838832198986,-8.0));
#1099=CARTESIAN_POINT('',(63.0,-68.076919419007240,-8.0));
#1100=CARTESIAN_POINT('',(63.0,-67.999999999999972,-8.0));
#1101=QUASI_UNIFORM_CURVE('',3,(#1097,#1098,#1099,#1100),.UNSPECIFIED.,.F.,.U.);
#1102=EDGE_CURVE('',#1094,#1096,#1101,.T.);
#1103=ORIENTED_EDGE('',*,*,#1102,.F.);
#1104=CARTESIAN_POINT('',(58.0,-73.000000000000014,-8.0));
#1105=CARTESIAN_POINT('',(58.317634307373027,-73.000000000000043,-8.000000000000002));
#1106=CARTESIAN_POINT('',(58.635261643032322,-72.969641254468257,-8.0));
#1107=CARTESIAN_POINT('',(59.259028351741591,-72.849302956377471,-7.999999999999998));
#1108=CARTESIAN_POINT('',(59.565154033817898,-72.759326045108054,-8.0));
#1109=CARTESIAN_POINT('',(60.154831521751667,-72.523007038031864,-8.0));
#1110=CARTESIAN_POINT('',(60.438370384855290,-72.376670129159933,-8.0));
#1111=CARTESIAN_POINT('',(60.972605747428709,-72.032927797961946,-8.0));
#1112=CARTESIAN_POINT('',(61.223290521036567,-71.835529920391195,-8.0));
#1113=CARTESIAN_POINT('',(61.682738477216652,-71.396811572879542,-8.0));
#1114=CARTESIAN_POINT('',(61.891491575425881,-71.155500732310131,-8.0));
#1115=CARTESIAN_POINT('',(62.259514982756272,-70.637692867809903,-8.0));
#1116=CARTESIAN_POINT('',(62.418777214179940,-70.361207209175987,-8.0));
#1117=CARTESIAN_POINT('',(62.682049518972370,-69.783060249994634,-8.0));
#1118=CARTESIAN_POINT('',(62.786053813811897,-69.481411639118974,-8.0));
#1119=CARTESIAN_POINT('',(62.935041621085041,-68.863860956044860,-8.0));
#1120=CARTESIAN_POINT('',(62.980021863404872,-68.547972438385372,-8.000000000000002));
#1121=CARTESIAN_POINT('',(62.994676007779773,-68.230676347528586,-8.0));
#1122=B_SPLINE_CURVE_WITH_KNOTS('',3,(#1104,#1105,#1106,#1107,#1108,#1109,#1110,#1111,#1112,#1113,#1114,#1115,#1116,#1117,#1118,#1119,#1120,#1121),.UNSPECIFIED.,.F.,.U.,(4,2,2,2,2,2,2,2,4),(0.0,0.125000000000000,0.250000000000000,0.375000000000000,0.500000000000000,0.625000000000000,0.750000000000000,0.875000000000000,1.0),.UNSPECIFIED.);
#1123=EDGE_CURVE('',#1064,#1094,#1122,.T.);
#1124=ORIENTED_EDGE('',*,*,#1123,.F.);
#1125=ORIENTED_EDGE('',*,*,#1069,.F.);
#1126=ORIENTED_EDGE('',*,*,#982,.F.);
#1127=ORIENTED_EDGE('',*,*,#973,.F.);
#1128=ORIENTED_EDGE('',*,*,#1051,.F.);
#1129=ORIENTED_EDGE('',*,*,#1044,.F.);
#1130=ORIENTED_EDGE('',*,*,#926,.F.);
#1131=ORIENTED_EDGE('',*,*,#893,.F.);
#1132=ORIENTED_EDGE('',*,*,#884,.F.);
#1133=ORIENTED_EDGE('',*,*,#853,.F.);
#1134=ORIENTED_EDGE('',*,*,#806,.F.);
#1135=ORIENTED_EDGE('',*,*,#797,.F.);
#1136=ORIENTED_EDGE('',*,*,#766,.F.);
#1137=ORIENTED_EDGE('',*,*,#719,.F.);
#1138=ORIENTED_EDGE('',*,*,#710,.F.);
#1139=ORIENTED_EDGE('',*,*,#665,.F.);
#1140=ORIENTED_EDGE('',*,*,#632,.F.);
#1141=ORIENTED_EDGE('',*,*,#623,.F.);
#1142=ORIENTED_EDGE('',*,*,#578,.F.);
#1143=CARTESIAN_POINT('',(68.0,-63.0,-8.0));
#1144=CARTESIAN_POINT('',(67.694322762252014,-63.018534331659332,-8.0));
#1145=CARTESIAN_POINT('',(67.547572355697000,-63.029650452794122,-8.0));
#1146=CARTESIAN_POINT('',(67.430997427989496,-63.038480827088129,-8.0));
#1147=CARTESIAN_POINT('',(67.333803361706998,-63.047880076065532,-8.0));
#1148=CARTESIAN_POINT('',(67.168979996491018,-63.063819483749661,-8.0));
#1149=CARTESIAN_POINT('',(67.042701914295506,-63.083309159052320,-8.0));
#1150=CARTESIAN_POINT('',(66.915194921024991,-63.102988503673743,-8.0));
#1151=CARTESIAN_POINT('',(66.794367390174003,-63.131154747803272,-8.0));
#1152=CARTESIAN_POINT('',(66.609611154401506,-63.174223485570003,-8.0));
#1153=CARTESIAN_POINT('',(66.365192573347500,-63.259488551881603,-8.0));
#1154=CARTESIAN_POINT('',(66.129216201987006,-63.341808565627140,-8.0));
#1155=CARTESIAN_POINT('',(65.936381431683486,-63.428798211447962,-8.0));
#1156=CARTESIAN_POINT('',(65.726179435907000,-63.523622382082188,-8.0));
#1157=CARTESIAN_POINT('',(65.501430293207491,-63.656545831731997,-8.0));
#1158=CARTESIAN_POINT('',(65.305465896015988,-63.772445111125968,-8.0));
#1159=CARTESIAN_POINT('',(65.131940684310990,-63.894703032642312,-8.0));
#1160=CARTESIAN_POINT('',(65.024641524665995,-63.970301109197152,-8.0));
#1161=CARTESIAN_POINT('',(64.923905096849012,-64.051702777544989,-8.0));
#1162=CARTESIAN_POINT('',(64.785952097657997,-64.163177886709235,-8.0));
#1163=CARTESIAN_POINT('',(64.652702951945997,-64.284399331182428,-8.0));
#1164=CARTESIAN_POINT('',(64.519567120309517,-64.405517689847258,-8.0));
#1165=CARTESIAN_POINT('',(64.384770450188512,-64.545923563028893,-8.0));
#1166=CARTESIAN_POINT('',(64.212339001498009,-64.725530285476978,-8.0));
#1167=CARTESIAN_POINT('',(64.064506731236008,-64.909390513746189,-8.0));
#1168=CARTESIAN_POINT('',(63.895270097381498,-65.119871527647177,-8.0));
#1169=CARTESIAN_POINT('',(63.745848886385517,-65.353957209516395,-8.0));
#1170=CARTESIAN_POINT('',(63.592245880216502,-65.594594159227384,-8.0));
#1171=CARTESIAN_POINT('',(63.474062879235518,-65.839304800664706,-8.0));
#1172=CARTESIAN_POINT('',(63.358153249970492,-66.079308180938369,-8.0));
#1173=CARTESIAN_POINT('',(63.267167597643997,-66.341728557228265,-8.0));
#1174=CARTESIAN_POINT('',(63.174587108068501,-66.608748755362257,-8.0));
#1175=CARTESIAN_POINT('',(63.117333568863010,-66.868751498625315,-8.0));
#1176=CARTESIAN_POINT('',(63.059810255410021,-67.129979354701248,-8.0));
#1177=CARTESIAN_POINT('',(63.033453283124011,-67.424303760111755,-8.0));
#1178=CARTESIAN_POINT('',(63.022179825633494,-67.550192790035325,-8.0));
#1179=CARTESIAN_POINT('',(63.013458578234513,-67.710853679892764,-8.0));
#1180=CARTESIAN_POINT('',(63.008260501982491,-67.806611490447708,-8.0));
#1181=CARTESIAN_POINT('',(63.0,-67.999999999999986,-8.0));
#1182=B_SPLINE_CURVE_WITH_KNOTS('',2,(#1143,#1144,#1145,#1146,#1147,#1148,#1149,#1150,#1151,#1152,#1153,#1154,#1155,#1156,#1157,#1158,#1159,#1160,#1161,#1162,#1163,#1164,#1165,#1166,#1167,#1168,#1169,#1170,#1171,#1172,#1173,#1174,#1175,#1176,#1177,#1178,#1179,#1180,#1181),.UNSPECIFIED.,.F.,.U.,(3,2,2,2,2,2,2,2,2,2,2,2,2,2,2,2,2,2,2,3),(0.0,0.041666666666667,0.062500000000000,0.093750000000000,0.125000000000000,0.187500000000000,0.250000000000000,0.312500000000000,0.375000000000000,0.425000000000000,0.500000000000000,0.562500000000000,0.625000000000000,0.687500000000000,0.750000000000000,0.812500000000000,0.875000000000000,0.937500000000000,0.968750000000000,1.0),.UNSPECIFIED.);
#1183=EDGE_CURVE('',#565,#1096,#1182,.T.);
#1184=ORIENTED_EDGE('',*,*,#1183,.T.);
#1185=EDGE_LOOP('',(#1103,#1124,#1125,#1126,#1127,#1128,#1129,#1130,#1131,#1132,#1133,#1134,#1135,#1136,#1137,#1138,#1139,#1140,#1141,#1142,#1184));
#1186=FACE_OUTER_BOUND('',#1185,.T.);
#1187=CARTESIAN_POINT('',(-80.250000000000000,50.0,-8.0));
#1188=VERTEX_POINT('',#1187);
#1189=CARTESIAN_POINT('',(-85.750000000000000,50.0,-8.0));
#1190=VERTEX_POINT('',#1189);
#1191=CARTESIAN_POINT('',(-80.250000000000000,50.0,-8.0));
#1192=CARTESIAN_POINT('',(-80.259639658917592,50.185439489221800,-8.0));
#1193=CARTESIAN_POINT('',(-80.267158626887280,50.277617846051001,-8.0));
#1194=CARTESIAN_POINT('',(-80.279598385040359,50.430122348069609,-8.0));
#1195=CARTESIAN_POINT('',(-80.300341021983527,50.548691714213803,-8.0));
#1196=CARTESIAN_POINT('',(-80.344224699660046,50.799540237496011,-8.0));
#1197=CARTESIAN_POINT('',(-80.451364087934195,51.055679560328812,-8.0));
#1198=CARTESIAN_POINT('',(-80.554541140787364,51.302346083961012,-8.0));
#1199=CARTESIAN_POINT('',(-80.703069197852045,51.520963538345207,-8.0));
#1200=CARTESIAN_POINT('',(-80.853946664467301,51.743039072942807,-8.0));
#1201=CARTESIAN_POINT('',(-81.055456351736950,51.944543648263007,-8.0));
#1202=CARTESIAN_POINT('',(-81.860730982227963,52.749797850341018,-8.0));
#1203=CARTESIAN_POINT('',(-83.0,52.750000000000007,-8.0));
#1204=CARTESIAN_POINT('',(-84.138295033441608,52.750201976837197,-8.0));
#1205=CARTESIAN_POINT('',(-84.944543648262979,51.944543648263007,-8.0));
#1206=CARTESIAN_POINT('',(-85.145341518588467,51.743892789937597,-8.0));
#1207=CARTESIAN_POINT('',(-85.296930802147926,51.520963538345207,-8.0));
#1208=CARTESIAN_POINT('',(-85.444968635760375,51.303257097100612,-8.0));
#1209=CARTESIAN_POINT('',(-85.548635912065734,51.055679560328812,-8.0));
#1210=CARTESIAN_POINT('',(-85.655473934103142,50.800529668556997,-8.0));
#1211=CARTESIAN_POINT('',(-85.699658978016430,50.548691714213611,-8.0));
#1212=CARTESIAN_POINT('',(-85.720281151936291,50.431153161931597,-8.0));
#1213=CARTESIAN_POINT('',(-85.732841373112677,50.277617846051001,-8.0));
#1214=CARTESIAN_POINT('',(-85.740322271791342,50.186171833630802,-8.0));
#1215=CARTESIAN_POINT('',(-85.750000000000000,50.0,-8.0));
#1216=B_SPLINE_CURVE_WITH_KNOTS('',2,(#1191,#1192,#1193,#1194,#1195,#1196,#1197,#1198,#1199,#1200,#1201,#1202,#1203,#1204,#1205,#1206,#1207,#1208,#1209,#1210,#1211,#1212,#1213,#1214,#1215),.UNSPECIFIED.,.F.,.U.,(3,2,2,2,2,2,2,2,2,2,2,2,3),(0.0,0.031250000000000,0.062500000000000,0.125000000000000,0.187500000000000,0.250000000000000,0.500000000000000,0.750000000000000,0.812500000000000,0.875000000000000,0.937500000000000,0.968750000000000,1.0),.UNSPECIFIED.);
#1217=EDGE_CURVE('',#1188,#1190,#1216,.T.);
#1218=ORIENTED_EDGE('',*,*,#1217,.T.);
#1219=CARTESIAN_POINT('',(-85.750000000000000,25.0,-8.0));
#1220=VERTEX_POINT('',#1219);
#1221=CARTESIAN_POINT('',(-85.750000000000000,37.500000000000000,-8.0));
#1222=DIRECTION('',(0.0,1.0,0.0));
#1223=VECTOR('',#1222,1.0);
#1224=LINE('',#1221,#1223);
#1225=EDGE_CURVE('',#1220,#1190,#1224,.T.);
#1226=ORIENTED_EDGE('',*,*,#1225,.F.);
#1227=CARTESIAN_POINT('',(-80.250000000000000,25.0,-8.0));
#1228=VERTEX_POINT('',#1227);
#1229=CARTESIAN_POINT('',(-85.750000000000000,25.000000000000011,-8.0));
#1230=CARTESIAN_POINT('',(-85.740360341088717,24.814560510854211,-8.0));
#1231=CARTESIAN_POINT('',(-85.732841373112677,24.722382153948910,-8.0));
#1232=CARTESIAN_POINT('',(-85.720401614955776,24.569877651887492,-8.0));
#1233=CARTESIAN_POINT('',(-85.699658978016430,24.451308285786300,-8.0));
#1234=CARTESIAN_POINT('',(-85.655775300325359,24.200459762465400,-8.0));
#1235=CARTESIAN_POINT('',(-85.548635912065734,23.944320439671309,-8.0));
#1236=CARTESIAN_POINT('',(-85.445458859212451,23.697653916042309,-8.0));
#1237=CARTESIAN_POINT('',(-85.296930802147926,23.479036461654811,-8.0));
#1238=CARTESIAN_POINT('',(-85.146053335524897,23.256960927042400,-8.0));
#1239=CARTESIAN_POINT('',(-84.944543648262979,23.055456351737000,-8.0));
#1240=CARTESIAN_POINT('',(-84.139269017743160,22.250202149659000,-8.0));
#1241=CARTESIAN_POINT('',(-83.0,22.250000000000011,-8.0));
#1242=CARTESIAN_POINT('',(-81.861704966558335,22.249798023162899,-8.0));
#1243=CARTESIAN_POINT('',(-81.055456351736964,23.055456351737000,-8.0));
#1244=CARTESIAN_POINT('',(-80.854658481393102,23.256107210080899,-8.0));
#1245=CARTESIAN_POINT('',(-80.703069197852045,23.479036461654811,-8.0));
#1246=CARTESIAN_POINT('',(-80.555031364245082,23.696742902899899,-8.0));
#1247=CARTESIAN_POINT('',(-80.451364087934195,23.944320439671309,-8.0));
#1248=CARTESIAN_POINT('',(-80.344526065901022,24.199470331418890,-8.0));
#1249=CARTESIAN_POINT('',(-80.300341021983499,24.451308285786411,-8.0));
#1250=CARTESIAN_POINT('',(-80.279718848063709,24.568846838068200,-8.0));
#1251=CARTESIAN_POINT('',(-80.267158626887280,24.722382153949010,-8.0));
#1252=CARTESIAN_POINT('',(-80.259677728221092,24.813828166216609,-8.0));
#1253=CARTESIAN_POINT('',(-80.250000000000000,25.000000000000011,-8.0));
#1254=B_SPLINE_CURVE_WITH_KNOTS('',2,(#1229,#1230,#1231,#1232,#1233,#1234,#1235,#1236,#1237,#1238,#1239,#1240,#1241,#1242,#1243,#1244,#1245,#1246,#1247,#1248,#1249,#1250,#1251,#1252,#1253),.UNSPECIFIED.,.F.,.U.,(3,2,2,2,2,2,2,2,2,2,2,2,3),(0.0,0.031250000000000,0.062500000000000,0.125000000000000,0.187500000000000,0.250000000000000,0.500000000000000,0.750000000000000,0.812500000000000,0.875000000000000,0.937500000000000,0.968750000000000,1.0),.UNSPECIFIED.);
#1255=EDGE_CURVE('',#1220,#1228,#1254,.T.);
#1256=ORIENTED_EDGE('',*,*,#1255,.T.);
#1257=CARTESIAN_POINT('',(-80.250000000000000,37.500000000000000,-8.0));
#1258=DIRECTION('',(0.0,-1.0,0.0));
#1259=VECTOR('',#1258,1.0);
#1260=LINE('',#1257,#1259);
#1261=EDGE_CURVE('',#1188,#1228,#1260,.T.);
#1262=ORIENTED_EDGE('',*,*,#1261,.F.);
#1263=EDGE_LOOP('',(#1218,#1226,#1256,#1262));
#1264=FACE_BOUND('',#1263,.T.);
#1265=CARTESIAN_POINT('',(-80.250000000000000,-25.0,-8.0));
#1266=VERTEX_POINT('',#1265);
#1267=CARTESIAN_POINT('',(-85.750000000000000,-25.0,-8.0));
#1268=VERTEX_POINT('',#1267);
#1269=CARTESIAN_POINT('',(-80.250000000000000,-24.999999999999989,-8.0));
#1270=CARTESIAN_POINT('',(-80.259639658917436,-24.814560510779089,-8.0));
#1271=CARTESIAN_POINT('',(-80.267158626887280,-24.722382153948899,-8.0));
#1272=CARTESIAN_POINT('',(-80.279598385040899,-24.569877651925690,-8.0));
#1273=CARTESIAN_POINT('',(-80.300341021983527,-24.451308285786300,-8.0));
#1274=CARTESIAN_POINT('',(-80.344224699659918,-24.200459762507901,-8.0));
#1275=CARTESIAN_POINT('',(-80.451364087934195,-23.944320439671198,-8.0));
#1276=CARTESIAN_POINT('',(-80.554541140781581,-23.697653916049202,-8.0));
#1277=CARTESIAN_POINT('',(-80.703069197852045,-23.479036461654790,-8.0));
#1278=CARTESIAN_POINT('',(-80.853946664463606,-23.256960927060899,-8.0));
#1279=CARTESIAN_POINT('',(-81.055456351736950,-23.055456351736890,-8.0));
#1280=CARTESIAN_POINT('',(-81.860730982227992,-22.250202149658989,-8.0));
#1281=CARTESIAN_POINT('',(-83.0,-22.249999999999989,-8.0));
#1282=CARTESIAN_POINT('',(-84.138295033434417,-22.249798023162789,-8.0));
#1283=CARTESIAN_POINT('',(-84.944543648263007,-23.055456351737000,-8.0));
#1284=CARTESIAN_POINT('',(-85.145341518592090,-23.256107210064300,-8.0));
#1285=CARTESIAN_POINT('',(-85.296930802147941,-23.479036461654790,-8.0));
#1286=CARTESIAN_POINT('',(-85.444968635771957,-23.696742902919890,-8.0));
#1287=CARTESIAN_POINT('',(-85.548635912065734,-23.944320439671198,-8.0));
#1288=CARTESIAN_POINT('',(-85.655473934104378,-24.199470331453291,-8.0));
#1289=CARTESIAN_POINT('',(-85.699658978016430,-24.451308285786300,-8.0));
#1290=CARTESIAN_POINT('',(-85.720281151935751,-24.568846838063799,-8.0));
#1291=CARTESIAN_POINT('',(-85.732841373112677,-24.722382153948899,-8.0));
#1292=CARTESIAN_POINT('',(-85.740322271791513,-24.813828166370101,-8.0));
#1293=CARTESIAN_POINT('',(-85.750000000000000,-24.999999999999989,-8.0));
#1294=B_SPLINE_CURVE_WITH_KNOTS('',2,(#1269,#1270,#1271,#1272,#1273,#1274,#1275,#1276,#1277,#1278,#1279,#1280,#1281,#1282,#1283,#1284,#1285,#1286,#1287,#1288,#1289,#1290,#1291,#1292,#1293),.UNSPECIFIED.,.F.,.U.,(3,2,2,2,2,2,2,2,2,2,2,2,3),(0.0,0.031250000000000,0.062500000000000,0.125000000000000,0.187500000000000,0.250000000000000,0.500000000000000,0.750000000000000,0.812500000000000,0.875000000000000,0.937500000000000,0.968750000000000,1.0),.UNSPECIFIED.);
#1295=EDGE_CURVE('',#1266,#1268,#1294,.T.);
#1296=ORIENTED_EDGE('',*,*,#1295,.T.);
#1297=CARTESIAN_POINT('',(-85.750000000000000,-50.0,-8.0));
#1298=VERTEX_POINT('',#1297);
#1299=CARTESIAN_POINT('',(-85.750000000000000,-37.500000000000000,-8.0));
#1300=DIRECTION('',(0.0,1.0,0.0));
#1301=VECTOR('',#1300,1.0);
#1302=LINE('',#1299,#1301);
#1303=EDGE_CURVE('',#1298,#1268,#1302,.T.);
#1304=ORIENTED_EDGE('',*,*,#1303,.F.);
#1305=CARTESIAN_POINT('',(-80.250000000000000,-50.0,-8.0));
#1306=VERTEX_POINT('',#1305);
#1307=CARTESIAN_POINT('',(-85.750000000000000,-49.999999999999993,-8.0));
#1308=CARTESIAN_POINT('',(-85.740360341084909,-50.185439489219192,-8.0));
#1309=CARTESIAN_POINT('',(-85.732841373112649,-50.277617846051037,-8.0));
#1310=CARTESIAN_POINT('',(-85.720401614951854,-50.430122348115248,-8.0));
#1311=CARTESIAN_POINT('',(-85.699658978016402,-50.548691714213703,-8.0));
#1312=CARTESIAN_POINT('',(-85.655775300339442,-50.799540237495243,-8.0));
#1313=CARTESIAN_POINT('',(-85.548635912065706,-51.055679560328748,-8.0));
#1314=CARTESIAN_POINT('',(-85.445458859238514,-51.302346083900737,-8.0));
#1315=CARTESIAN_POINT('',(-85.296930802147926,-51.520963538345200,-8.0));
#1316=CARTESIAN_POINT('',(-85.146053335561277,-51.743039072923047,-8.0));
#1317=CARTESIAN_POINT('',(-84.944543648262979,-51.944543648262993,-8.0));
#1318=CARTESIAN_POINT('',(-84.139269017728751,-52.749797850348202,-8.0));
#1319=CARTESIAN_POINT('',(-83.0,-52.749999999999993,-8.0));
#1320=CARTESIAN_POINT('',(-81.861704966543968,-52.750201976829892,-8.0));
#1321=CARTESIAN_POINT('',(-81.055456351736964,-51.944543648262993,-8.0));
#1322=CARTESIAN_POINT('',(-80.854658481418369,-51.743892789942542,-8.0));
#1323=CARTESIAN_POINT('',(-80.703069197852003,-51.520963538345200,-8.0));
#1324=CARTESIAN_POINT('',(-80.555031364255868,-51.303257097129389,-8.0));
#1325=CARTESIAN_POINT('',(-80.451364087934195,-51.055679560328748,-8.0));
#1326=CARTESIAN_POINT('',(-80.344526065893675,-50.800529668559797,-8.0));
#1327=CARTESIAN_POINT('',(-80.300341021983527,-50.548691714213653,-8.0));
#1328=CARTESIAN_POINT('',(-80.279718848062785,-50.431153161916853,-8.0));
#1329=CARTESIAN_POINT('',(-80.267158626887280,-50.277617846051037,-8.0));
#1330=CARTESIAN_POINT('',(-80.259677728202192,-50.186171833554702,-8.0));
#1331=CARTESIAN_POINT('',(-80.250000000000000,-49.999999999999993,-8.0));
#1332=B_SPLINE_CURVE_WITH_KNOTS('',2,(#1307,#1308,#1309,#1310,#1311,#1312,#1313,#1314,#1315,#1316,#1317,#1318,#1319,#1320,#1321,#1322,#1323,#1324,#1325,#1326,#1327,#1328,#1329,#1330,#1331),.UNSPECIFIED.,.F.,.U.,(3,2,2,2,2,2,2,2,2,2,2,2,3),(0.0,0.031250000000000,0.062500000000000,0.125000000000000,0.187500000000000,0.250000000000000,0.500000000000000,0.750000000000000,0.812500000000000,0.875000000000000,0.937500000000000,0.968750000000000,1.0),.UNSPECIFIED.);
#1333=EDGE_CURVE('',#1298,#1306,#1332,.T.);
#1334=ORIENTED_EDGE('',*,*,#1333,.T.);
#1335=CARTESIAN_POINT('',(-80.250000000000000,-37.500000000000000,-8.0));
#1336=DIRECTION('',(0.0,-1.0,0.0));
#1337=VECTOR('',#1336,1.0);
#1338=LINE('',#1335,#1337);
#1339=EDGE_CURVE('',#1266,#1306,#1338,.T.);
#1340=ORIENTED_EDGE('',*,*,#1339,.F.);
#1341=EDGE_LOOP('',(#1296,#1304,#1334,#1340));
#1342=FACE_BOUND('',#1341,.T.);
#1343=CARTESIAN_POINT('',(85.750000000000000,-25.0,-8.0));
#1344=VERTEX_POINT('',#1343);
#1345=CARTESIAN_POINT('',(80.250000000000000,-25.0,-8.0));
#1346=VERTEX_POINT('',#1345);
#1347=CARTESIAN_POINT('',(85.750000000000000,-24.999999999999989,-8.0));
#1348=CARTESIAN_POINT('',(85.740360341089001,-24.814560510858289,-8.0));
#1349=CARTESIAN_POINT('',(85.732841373112990,-24.722382153948899,-8.0));
#1350=CARTESIAN_POINT('',(85.720401614956501,-24.569877651890589,-8.0));
#1351=CARTESIAN_POINT('',(85.699658978016515,-24.451308285786300,-8.0));
#1352=CARTESIAN_POINT('',(85.655775300333531,-24.200459762509698,-8.0));
#1353=CARTESIAN_POINT('',(85.548635912065990,-23.944320439671198,-8.0));
#1354=CARTESIAN_POINT('',(85.445458859248504,-23.697653916103199,-8.0));
#1355=CARTESIAN_POINT('',(85.296930802148012,-23.479036461654790,-8.0));
#1356=CARTESIAN_POINT('',(85.146053335557994,-23.256960927082691,-8.0));
#1357=CARTESIAN_POINT('',(84.944543648263007,-23.055456351736890,-8.0));
#1358=CARTESIAN_POINT('',(84.139269017765002,-22.250202149651692,-8.0));
#1359=CARTESIAN_POINT('',(82.999999999999986,-22.249999999999989,-8.0));
#1360=CARTESIAN_POINT('',(81.861704966565497,-22.249798023169991,-8.0));
#1361=CARTESIAN_POINT('',(81.055456351736993,-23.055456351736890,-8.0));
#1362=CARTESIAN_POINT('',(80.854658481382515,-23.256107210087599,-8.0));
#1363=CARTESIAN_POINT('',(80.703069197852003,-23.479036461654790,-8.0));
#1364=CARTESIAN_POINT('',(80.555031364236001,-23.696742902921791,-8.0));
#1365=CARTESIAN_POINT('',(80.451364087934493,-23.944320439671198,-8.0));
#1366=CARTESIAN_POINT('',(80.344526065901505,-24.199470331417690,-8.0));
#1367=CARTESIAN_POINT('',(80.300341021983499,-24.451308285786300,-8.0));
#1368=CARTESIAN_POINT('',(80.279718848064007,-24.568846838065198,-8.0));
#1369=CARTESIAN_POINT('',(80.267158626887493,-24.722382153948899,-8.0));
#1370=CARTESIAN_POINT('',(80.259677728196010,-24.813828166523699,-8.0));
#1371=CARTESIAN_POINT('',(80.249999999999986,-24.999999999999989,-8.0));
#1372=B_SPLINE_CURVE_WITH_KNOTS('',2,(#1347,#1348,#1349,#1350,#1351,#1352,#1353,#1354,#1355,#1356,#1357,#1358,#1359,#1360,#1361,#1362,#1363,#1364,#1365,#1366,#1367,#1368,#1369,#1370,#1371),.UNSPECIFIED.,.F.,.U.,(3,2,2,2,2,2,2,2,2,2,2,2,3),(0.0,0.031250000000000,0.062500000000000,0.125000000000000,0.187500000000000,0.250000000000000,0.500000000000000,0.750000000000000,0.812500000000000,0.875000000000000,0.937500000000000,0.968750000000000,1.0),.UNSPECIFIED.);
#1373=EDGE_CURVE('',#1344,#1346,#1372,.T.);
#1374=ORIENTED_EDGE('',*,*,#1373,.T.);
#1375=CARTESIAN_POINT('',(80.250000000000000,-50.0,-8.0));
#1376=VERTEX_POINT('',#1375);
#1377=CARTESIAN_POINT('',(80.250000000000000,-37.500000000000000,-8.0));
#1378=DIRECTION('',(0.0,1.0,0.0));
#1379=VECTOR('',#1378,1.0);
#1380=LINE('',#1377,#1379);
#1381=EDGE_CURVE('',#1376,#1346,#1380,.T.);
#1382=ORIENTED_EDGE('',*,*,#1381,.F.);
#1383=CARTESIAN_POINT('',(85.750000000000000,-50.0,-8.0));
#1384=VERTEX_POINT('',#1383);
#1385=CARTESIAN_POINT('',(80.249999999999986,-49.999999999999993,-8.0));
#1386=CARTESIAN_POINT('',(80.259639658906977,-50.185439489061288,-8.0));
#1387=CARTESIAN_POINT('',(80.267158626887493,-50.277617846051037,-8.0));
#1388=CARTESIAN_POINT('',(80.279598385033509,-50.430122348031290,-8.0));
#1389=CARTESIAN_POINT('',(80.300341021983499,-50.548691714213653,-8.0));
#1390=CARTESIAN_POINT('',(80.344224699666512,-50.799540237528888,-8.0));
#1391=CARTESIAN_POINT('',(80.451364087934493,-51.055679560328691,-8.0));
#1392=CARTESIAN_POINT('',(80.554541140800495,-51.302346083975053,-8.0));
#1393=CARTESIAN_POINT('',(80.703069197852003,-51.520963538345150,-8.0));
#1394=CARTESIAN_POINT('',(80.853946664467486,-51.743039072948292,-8.0));
#1395=CARTESIAN_POINT('',(81.055456351736993,-51.944543648262993,-8.0));
#1396=CARTESIAN_POINT('',(81.860730982257024,-52.749797850348202,-8.0));
#1397=CARTESIAN_POINT('',(82.999999999999986,-52.749999999999993,-8.0));
#1398=CARTESIAN_POINT('',(84.138295033434503,-52.750201976829892,-8.0));
#1399=CARTESIAN_POINT('',(84.944543648263007,-51.944543648262943,-8.0));
#1400=CARTESIAN_POINT('',(85.145341518573503,-51.743892789955851,-8.0));
#1401=CARTESIAN_POINT('',(85.296930802148012,-51.520963538345150,-8.0));
#1402=CARTESIAN_POINT('',(85.444968635725004,-51.303257097155651,-8.0));
#1403=CARTESIAN_POINT('',(85.548635912065990,-51.055679560328748,-8.0));
#1404=CARTESIAN_POINT('',(85.655473934082494,-50.800529668635740,-8.0));
#1405=CARTESIAN_POINT('',(85.699658978016515,-50.548691714213653,-8.0));
#1406=CARTESIAN_POINT('',(85.720281151940497,-50.431153161924897,-8.0));
#1407=CARTESIAN_POINT('',(85.732841373112493,-50.277617846051037,-8.0));
#1408=CARTESIAN_POINT('',(85.740322271795478,-50.186171833551491,-8.0));
#1409=CARTESIAN_POINT('',(85.750000000000000,-49.999999999999993,-8.0));
#1410=B_SPLINE_CURVE_WITH_KNOTS('',2,(#1385,#1386,#1387,#1388,#1389,#1390,#1391,#1392,#1393,#1394,#1395,#1396,#1397,#1398,#1399,#1400,#1401,#1402,#1403,#1404,#1405,#1406,#1407,#1408,#1409),.UNSPECIFIED.,.F.,.U.,(3,2,2,2,2,2,2,2,2,2,2,2,3),(0.0,0.031250000000000,0.062500000000000,0.125000000000000,0.187500000000000,0.250000000000000,0.500000000000000,0.750000000000000,0.812500000000000,0.875000000000000,0.937500000000000,0.968750000000000,1.0),.UNSPECIFIED.);
#1411=EDGE_CURVE('',#1376,#1384,#1410,.T.);
#1412=ORIENTED_EDGE('',*,*,#1411,.T.);
#1413=CARTESIAN_POINT('',(85.750000000000000,-37.500000000000000,-8.0));
#1414=DIRECTION('',(0.0,-1.0,0.0));
#1415=VECTOR('',#1414,1.0);
#1416=LINE('',#1413,#1415);
#1417=EDGE_CURVE('',#1344,#1384,#1416,.T.);
#1418=ORIENTED_EDGE('',*,*,#1417,.F.);
#1419=EDGE_LOOP('',(#1374,#1382,#1412,#1418));
#1420=FACE_BOUND('',#1419,.T.);
#1421=CARTESIAN_POINT('',(85.750000000000000,50.0,-8.0));
#1422=VERTEX_POINT('',#1421);
#1423=CARTESIAN_POINT('',(80.250000000000000,50.0,-8.0));
#1424=VERTEX_POINT('',#1423);
#1425=CARTESIAN_POINT('',(85.750000000000000,50.0,-8.0));
#1426=CARTESIAN_POINT('',(85.740360341089001,50.185439489139199,-8.0));
#1427=CARTESIAN_POINT('',(85.732841373112990,50.277617846051001,-8.0));
#1428=CARTESIAN_POINT('',(85.720401614956998,50.430122348104398,-8.0));
#1429=CARTESIAN_POINT('',(85.699658978016515,50.548691714213611,-8.0));
#1430=CARTESIAN_POINT('',(85.655775300333019,50.799540237495400,-8.0));
#1431=CARTESIAN_POINT('',(85.548635912065990,51.055679560328812,-8.0));
#1432=CARTESIAN_POINT('',(85.445458859242507,51.302346083906997,-8.0));
#1433=CARTESIAN_POINT('',(85.296930802148012,51.520963538345207,-8.0));
#1434=CARTESIAN_POINT('',(85.146053335554498,51.743039072921007,-8.0));
#1435=CARTESIAN_POINT('',(84.944543648263007,51.944543648263007,-8.0));
#1436=CARTESIAN_POINT('',(84.139269017800999,52.749797850312213,-8.0));
#1437=CARTESIAN_POINT('',(82.999999999999986,52.750000000000007,-8.0));
#1438=CARTESIAN_POINT('',(81.861704966630512,52.750201976866023,-8.0));
#1439=CARTESIAN_POINT('',(81.055456351736993,51.944543648263007,-8.0));
#1440=CARTESIAN_POINT('',(80.854658481416507,51.743892789953200,-8.0));
#1441=CARTESIAN_POINT('',(80.703069197852003,51.520963538345207,-8.0));
#1442=CARTESIAN_POINT('',(80.555031364248990,51.303257097106197,-8.0));
#1443=CARTESIAN_POINT('',(80.451364087934493,51.055679560328812,-8.0));
#1444=CARTESIAN_POINT('',(80.344526065902002,50.800529668587600,-8.0));
#1445=CARTESIAN_POINT('',(80.300341021983499,50.548691714213803,-8.0));
#1446=CARTESIAN_POINT('',(80.279718848063510,50.431153161931597,-8.0));
#1447=CARTESIAN_POINT('',(80.267158626887493,50.277617846051001,-8.0));
#1448=CARTESIAN_POINT('',(80.259677728221519,50.186171833788592,-8.0));
#1449=CARTESIAN_POINT('',(80.249999999999986,50.0,-8.0));
#1450=B_SPLINE_CURVE_WITH_KNOTS('',2,(#1425,#1426,#1427,#1428,#1429,#1430,#1431,#1432,#1433,#1434,#1435,#1436,#1437,#1438,#1439,#1440,#1441,#1442,#1443,#1444,#1445,#1446,#1447,#1448,#1449),.UNSPECIFIED.,.F.,.U.,(3,2,2,2,2,2,2,2,2,2,2,2,3),(0.0,0.031250000000000,0.062500000000000,0.125000000000000,0.187500000000000,0.250000000000000,0.500000000000000,0.750000000000000,0.812500000000000,0.875000000000000,0.937500000000000,0.968750000000000,1.0),.UNSPECIFIED.);
#1451=EDGE_CURVE('',#1422,#1424,#1450,.T.);
#1452=ORIENTED_EDGE('',*,*,#1451,.T.);
#1453=CARTESIAN_POINT('',(80.250000000000000,25.0,-8.0));
#1454=VERTEX_POINT('',#1453);
#1455=CARTESIAN_POINT('',(80.250000000000000,37.500000000000000,-8.0));
#1456=DIRECTION('',(0.0,1.0,0.0));
#1457=VECTOR('',#1456,1.0);
#1458=LINE('',#1455,#1457);
#1459=EDGE_CURVE('',#1454,#1424,#1458,.T.);
#1460=ORIENTED_EDGE('',*,*,#1459,.F.);
#1461=CARTESIAN_POINT('',(85.750000000000000,25.0,-8.0));
#1462=VERTEX_POINT('',#1461);
#1463=CARTESIAN_POINT('',(80.249999999999986,25.000000000000011,-8.0));
#1464=CARTESIAN_POINT('',(80.259639658915503,24.814560510774509,-8.0));
#1465=CARTESIAN_POINT('',(80.267158626887493,24.722382153948910,-8.0));
#1466=CARTESIAN_POINT('',(80.279598385051500,24.569877651845399,-8.0));
#1467=CARTESIAN_POINT('',(80.300341021983499,24.451308285786300,-8.0));
#1468=CARTESIAN_POINT('',(80.344224699684020,24.200459762410912,-8.0));
#1469=CARTESIAN_POINT('',(80.451364087934493,23.944320439671309,-8.0));
#1470=CARTESIAN_POINT('',(80.554541140809988,23.697653916019298,-8.0));
#1471=CARTESIAN_POINT('',(80.703069197852003,23.479036461654811,-8.0));
#1472=CARTESIAN_POINT('',(80.853946664438013,23.256960927086691,-8.0));
#1473=CARTESIAN_POINT('',(81.055456351736993,23.055456351737000,-8.0));
#1474=CARTESIAN_POINT('',(81.860730982228020,22.250202149659000,-8.0));
#1475=CARTESIAN_POINT('',(82.999999999999986,22.250000000000011,-8.0));
#1476=CARTESIAN_POINT('',(84.138295033441494,22.249798023162899,-8.0));
#1477=CARTESIAN_POINT('',(84.944543648263007,23.055456351737000,-8.0));
#1478=CARTESIAN_POINT('',(85.145341518584999,23.256107210059000,-8.0));
#1479=CARTESIAN_POINT('',(85.296930802148012,23.479036461654811,-8.0));
#1480=CARTESIAN_POINT('',(85.444968635762507,23.696742902901089,-8.0));
#1481=CARTESIAN_POINT('',(85.548635912065990,23.944320439671309,-8.0));
#1482=CARTESIAN_POINT('',(85.655473934115989,24.199470331476789,-8.0));
#1483=CARTESIAN_POINT('',(85.699658978016515,24.451308285786411,-8.0));
#1484=CARTESIAN_POINT('',(85.720281151939005,24.568846838101798,-8.0));
#1485=CARTESIAN_POINT('',(85.732841373112990,24.722382153949010,-8.0));
#1486=CARTESIAN_POINT('',(85.740322271791484,24.813828166373408,-8.0));
#1487=CARTESIAN_POINT('',(85.750000000000000,25.000000000000011,-8.0));
#1488=B_SPLINE_CURVE_WITH_KNOTS('',2,(#1463,#1464,#1465,#1466,#1467,#1468,#1469,#1470,#1471,#1472,#1473,#1474,#1475,#1476,#1477,#1478,#1479,#1480,#1481,#1482,#1483,#1484,#1485,#1486,#1487),.UNSPECIFIED.,.F.,.U.,(3,2,2,2,2,2,2,2,2,2,2,2,3),(0.0,0.031250000000000,0.062500000000000,0.125000000000000,0.187500000000000,0.250000000000000,0.500000000000000,0.750000000000000,0.812500000000000,0.875000000000000,0.937500000000000,0.968750000000000,1.0),.UNSPECIFIED.);
#1489=EDGE_CURVE('',#1454,#1462,#1488,.T.);
#1490=ORIENTED_EDGE('',*,*,#1489,.T.);
#1491=CARTESIAN_POINT('',(85.750000000000000,37.500000000000000,-8.0));
#1492=DIRECTION('',(0.0,-1.0,0.0));
#1493=VECTOR('',#1492,1.0);
#1494=LINE('',#1491,#1493);
#1495=EDGE_CURVE('',#1422,#1462,#1494,.T.);
#1496=ORIENTED_EDGE('',*,*,#1495,.F.);
#1497=EDGE_LOOP('',(#1452,#1460,#1490,#1496));
#1498=FACE_BOUND('',#1497,.T.);
#1499=CARTESIAN_POINT('',(-44.666780205797103,-53.601332440941903,-8.0));
#1500=VERTEX_POINT('',#1499);
#1501=CARTESIAN_POINT('',(-48.970639924361400,-49.351318980983002,-8.0));
#1502=VERTEX_POINT('',#1501);
#1503=CARTESIAN_POINT('',(-44.666784704245579,-53.601332480124007,-8.0));
#1504=CARTESIAN_POINT('',(-44.668847445272398,-53.364512223515007,-8.0));
#1505=CARTESIAN_POINT('',(-44.691923530747303,-53.122822676217190,-8.0));
#1506=CARTESIAN_POINT('',(-44.716167717142397,-52.868898914284941,-8.0));
#1507=CARTESIAN_POINT('',(-44.767015902041699,-52.639194133734293,-8.0));
#1508=CARTESIAN_POINT('',(-44.815112154019197,-52.421921107613549,-8.0));
#1509=CARTESIAN_POINT('',(-44.890124740436299,-52.200397768277803,-8.0));
#1510=CARTESIAN_POINT('',(-44.966289047526708,-51.975473226267653,-8.0));
#1511=CARTESIAN_POINT('',(-45.066347073284099,-51.770844021093637,-8.0));
#1512=CARTESIAN_POINT('',(-45.145794808228203,-51.608365032212753,-8.0));
#1513=CARTESIAN_POINT('',(-45.252575615184398,-51.431039241848552,-8.0));
#1514=CARTESIAN_POINT('',(-45.344648193089597,-51.278138705569589,-8.0));
#1515=CARTESIAN_POINT('',(-45.434028236371397,-51.152601822431997,-8.0));
#1516=CARTESIAN_POINT('',(-45.488525076674399,-51.076059417424197,-8.0));
#1517=CARTESIAN_POINT('',(-45.549464006829098,-51.000132681428752,-8.0));
#1518=CARTESIAN_POINT('',(-45.591566268126499,-50.947675454657087,-8.0));
#1519=CARTESIAN_POINT('',(-45.658344462203502,-50.869016085441203,-8.0));
#1520=CARTESIAN_POINT('',(-45.791832530425587,-50.711777822422391,-8.0));
#1521=CARTESIAN_POINT('',(-45.930288001523103,-50.577381932297399,-8.0));
#1522=CARTESIAN_POINT('',(-46.100702671247703,-50.411963902612797,-8.0));
#1523=CARTESIAN_POINT('',(-46.289189042096687,-50.258370161389649,-8.0));
#1524=CARTESIAN_POINT('',(-46.486695874984697,-50.097425827622942,-8.0));
#1525=CARTESIAN_POINT('',(-46.686212949725103,-49.972054383381703,-8.0));
#1526=CARTESIAN_POINT('',(-46.874697007911813,-49.853615805520349,-8.0));
#1527=CARTESIAN_POINT('',(-47.084719147145897,-49.751331474240999,-8.0));
#1528=CARTESIAN_POINT('',(-47.298887847114791,-49.647027697804951,-8.0));
#1529=CARTESIAN_POINT('',(-47.514371154181099,-49.574986041315697,-8.0));
#1530=CARTESIAN_POINT('',(-47.722890828375263,-49.505272507845049,-8.0));
#1531=CARTESIAN_POINT('',(-47.977381863825450,-49.448322070178598,-8.0));
#1532=CARTESIAN_POINT('',(-48.181871985705101,-49.402560922172292,-8.0));
#1533=CARTESIAN_POINT('',(-48.338418552887298,-49.383049953470547,-8.0));
#1534=CARTESIAN_POINT('',(-48.460911074945699,-49.367783264413752,-8.0));
#1535=CARTESIAN_POINT('',(-48.637758859693847,-49.360450845667202,-8.0));
#1536=CARTESIAN_POINT('',(-48.743370103526800,-49.356072018614192,-8.0));
#1537=CARTESIAN_POINT('',(-48.970639924361350,-49.351318980983002,-8.0));
#1538=B_SPLINE_CURVE_WITH_KNOTS('',2,(#1503,#1504,#1505,#1506,#1507,#1508,#1509,#1510,#1511,#1512,#1513,#1514,#1515,#1516,#1517,#1518,#1519,#1520,#1521,#1522,#1523,#1524,#1525,#1526,#1527,#1528,#1529,#1530,#1531,#1532,#1533,#1534,#1535,#1536,#1537),.UNSPECIFIED.,.F.,.U.,(3,2,2,2,2,2,2,2,2,2,2,2,2,2,2,2,2,3),(0.500067810170507,0.531250000000000,0.562500000000000,0.593750000000000,0.625000000000000,0.650000000000000,0.675000000000000,0.693750000000000,0.712500000000000,0.750000000000000,0.781250000000000,0.812500000000000,0.843750000000000,0.875000000000000,0.906250000000000,0.937500000000000,0.968750000000000,1.0),.UNSPECIFIED.);
#1539=EDGE_CURVE('',#1500,#1502,#1538,.T.);
#1540=ORIENTED_EDGE('',*,*,#1539,.T.);
#1541=CARTESIAN_POINT('',(-68.971567169487415,-49.351330442498103,-8.0));
#1542=VERTEX_POINT('',#1541);
#1543=CARTESIAN_POINT('',(-58.970639924361407,-49.351318980984203,-8.0));
#1544=DIRECTION('',(1.0,1.136868E-013,0.0));
#1545=VECTOR('',#1544,1.0);
#1546=LINE('',#1543,#1545);
#1547=EDGE_CURVE('',#1542,#1502,#1546,.T.);
#1548=ORIENTED_EDGE('',*,*,#1547,.F.);
#1549=CARTESIAN_POINT('',(-68.971567148871799,-57.851319183278299,-8.0));
#1550=VERTEX_POINT('',#1549);
#1551=CARTESIAN_POINT('',(-68.972491742076613,-49.351388566835617,-8.0));
#1552=CARTESIAN_POINT('',(-69.133010102945178,-49.357423287977539,-8.0));
#1553=CARTESIAN_POINT('',(-69.213686327268690,-49.361469711065652,-8.0));
#1554=CARTESIAN_POINT('',(-69.347786065435102,-49.368195661383453,-8.0));
#1555=CARTESIAN_POINT('',(-69.454564069923151,-49.377672091161152,-8.0));
#1556=CARTESIAN_POINT('',(-69.692705789361256,-49.398806905322687,-8.0));
#1557=CARTESIAN_POINT('',(-69.921748710266797,-49.449042083180103,-8.0));
#1558=CARTESIAN_POINT('',(-70.142506535421049,-49.497460120140993,-8.0));
#1559=CARTESIAN_POINT('',(-70.362804451030641,-49.571293256347751,-8.0));
#1560=CARTESIAN_POINT('',(-70.584734012501087,-49.645673240811149,-8.0));
#1561=CARTESIAN_POINT('',(-70.788602553752995,-49.744594569135437,-8.0));
#1562=CARTESIAN_POINT('',(-70.949975776633607,-49.822896270149698,-8.0));
#1563=CARTESIAN_POINT('',(-71.126340631899652,-49.927935479686489,-8.0));
#1564=CARTESIAN_POINT('',(-71.279120228465146,-50.018927803709197,-8.0));
#1565=CARTESIAN_POINT('',(-71.403811016706243,-50.106705807670750,-8.0));
#1566=CARTESIAN_POINT('',(-71.480001410602597,-50.160341210827653,-8.0));
#1567=CARTESIAN_POINT('',(-71.555664443640509,-50.220397985402187,-8.0));
#1568=CARTESIAN_POINT('',(-71.607606032806657,-50.261626101515802,-8.0));
#1569=CARTESIAN_POINT('',(-71.686237029396494,-50.327608754293337,-8.0));
#1570=CARTESIAN_POINT('',(-71.843126133414586,-50.459261152507352,-8.0));
#1571=CARTESIAN_POINT('',(-71.977042761234202,-50.595459299623791,-8.0));
#1572=CARTESIAN_POINT('',(-72.141963429909637,-50.763189699205441,-8.0));
#1573=CARTESIAN_POINT('',(-72.295743519120947,-50.949208349064293,-8.0));
#1574=CARTESIAN_POINT('',(-72.456912137202451,-51.144164463922202,-8.0));
#1575=CARTESIAN_POINT('',(-72.582712550873836,-51.340814190071349,-8.0));
#1576=CARTESIAN_POINT('',(-72.701707324798051,-51.526825420260892,-8.0));
#1577=CARTESIAN_POINT('',(-72.805037001585447,-51.734665413264842,-8.0));
#1578=CARTESIAN_POINT('',(-72.909950917110407,-51.945691985171891,-8.0));
#1579=CARTESIAN_POINT('',(-72.984107477889850,-52.159260587053552,-8.0));
#1580=CARTESIAN_POINT('',(-73.042986288278442,-52.328829740247649,-8.0));
#1581=CARTESIAN_POINT('',(-73.093348496403507,-52.527961576124298,-8.0));
#1582=CARTESIAN_POINT('',(-73.136773555540856,-52.699663971055088,-8.0));
#1583=CARTESIAN_POINT('',(-73.162883734024660,-52.850309539401152,-8.0));
#1584=CARTESIAN_POINT('',(-73.178800936150253,-52.942145601041787,-8.0));
#1585=CARTESIAN_POINT('',(-73.189831886821040,-53.038092063861747,-8.0));
#1586=CARTESIAN_POINT('',(-73.197447507395751,-53.104332216512702,-8.0));
#1587=CARTESIAN_POINT('',(-73.206355695832386,-53.206295538342843,-8.0));
#1588=CARTESIAN_POINT('',(-73.224159229769299,-53.410075181469047,-8.0));
#1589=CARTESIAN_POINT('',(-73.222494777967739,-53.601318980985091,-8.0));
#1590=CARTESIAN_POINT('',(-73.220447190855907,-53.836584633462692,-8.0));
#1591=CARTESIAN_POINT('',(-73.197606396893690,-54.076804739854992,-8.0));
#1592=CARTESIAN_POINT('',(-73.173662721222200,-54.328624021038898,-8.0));
#1593=CARTESIAN_POINT('',(-73.123514932908506,-54.556617443477087,-8.0));
#1594=CARTESIAN_POINT('',(-73.076081394960894,-54.772270715908249,-8.0));
#1595=CARTESIAN_POINT('',(-73.002131107848797,-54.992291315674237,-8.0));
#1596=CARTESIAN_POINT('',(-72.927048142391655,-55.215681916809551,-8.0));
#1597=CARTESIAN_POINT('',(-72.828425975798197,-55.419109835086900,-8.0));
#1598=CARTESIAN_POINT('',(-72.750121992819899,-55.580627441121393,-8.0));
#1599=CARTESIAN_POINT('',(-72.644885948274450,-55.757025826278444,-8.0));
#1600=CARTESIAN_POINT('',(-72.554147493605853,-55.909123113327993,-8.0));
#1601=CARTESIAN_POINT('',(-72.466060939663151,-56.034090203981052,-8.0));
#1602=CARTESIAN_POINT('',(-72.412358332764640,-56.110277297745093,-8.0));
#1603=CARTESIAN_POINT('',(-72.352301759715402,-56.185903111685889,-8.0));
#1604=CARTESIAN_POINT('',(-72.310822212362254,-56.238135937689890,-8.0));
#1605=CARTESIAN_POINT('',(-72.245016755681462,-56.316501088486199,-8.0));
#1606=CARTESIAN_POINT('',(-72.113498490868096,-56.473121058537593,-8.0));
#1607=CARTESIAN_POINT('',(-71.977042761234458,-56.607178662346442,-8.0));
#1608=CARTESIAN_POINT('',(-71.809095215095198,-56.772174633284848,-8.0));
#1609=CARTESIAN_POINT('',(-71.623176388106600,-56.925726118690392,-8.0));
#1610=CARTESIAN_POINT('',(-71.428370147971592,-57.086617772448740,-8.0));
#1611=CARTESIAN_POINT('',(-71.231341936097337,-57.212508503592247,-8.0));
#1612=CARTESIAN_POINT('',(-71.045210271479050,-57.331436910467843,-8.0));
#1613=CARTESIAN_POINT('',(-70.837637649540198,-57.434707646968299,-8.0));
#1614=CARTESIAN_POINT('',(-70.625973536314802,-57.540013966555797,-8.0));
#1615=CARTESIAN_POINT('',(-70.412802199144295,-57.613560932664797,-8.0));
#1616=CARTESIAN_POINT('',(-70.206530176833652,-57.684727542751652,-8.0));
#1617=CARTESIAN_POINT('',(-69.954605822365352,-57.743874973063548,-8.0));
#1618=CARTESIAN_POINT('',(-69.752185782368102,-57.791399656553352,-8.0));
#1619=CARTESIAN_POINT('',(-69.597124431810940,-57.812493947243048,-8.0));
#1620=CARTESIAN_POINT('',(-69.475801738586355,-57.828998486568537,-8.0));
#1621=CARTESIAN_POINT('',(-69.300545312280548,-57.838338683308841,-8.0));
#1622=CARTESIAN_POINT('',(-69.195890093909355,-57.843916226740987,-8.0));
#1623=CARTESIAN_POINT('',(-68.970639924361748,-57.851318980985290,-8.0));
#1624=B_SPLINE_CURVE_WITH_KNOTS('',2,(#1551,#1552,#1553,#1554,#1555,#1556,#1557,#1558,#1559,#1560,#1561,#1562,#1563,#1564,#1565,#1566,#1567,#1568,#1569,#1570,#1571,#1572,#1573,#1574,#1575,#1576,#1577,#1578,#1579,#1580,#1581,#1582,#1583,#1584,#1585,#1586,#1587,#1588,#1589,#1590,#1591,#1592,#1593,#1594,#1595,#1596,#1597,#1598,#1599,#1600,#1601,#1602,#1603,#1604,#1605,#1606,#1607,#1608,#1609,#1610,#1611,#1612,#1613,#1614,#1615,#1616,#1617,#1618,#1619,#1620,#1621,#1622,#1623),.UNSPECIFIED.,.F.,.U.,(3,2,2,2,2,2,2,2,2,2,2,2,2,2,2,2,2,2,2,2,2,2,2,2,2,2,2,2,2,2,2,2,2,2,2,2,3),(0.000089484435869,0.015625000000000,0.031250000000000,0.062500000000000,0.093750000000000,0.125000000000000,0.150000000000000,0.175000000000000,0.193750000000000,0.212500000000000,0.250000000000000,0.281250000000000,0.312500000000000,0.343750000000000,0.375000000000000,0.400000000000000,0.425000000000000,0.443750000000000,0.462500000000000,0.500000000000000,0.531250000000000,0.562500000000000,0.593750000000000,0.625000000000000,0.650000000000000,0.675000000000000,0.693750000000000,0.712500000000000,0.750000000000000,0.781250000000000,0.812500000000000,0.843750000000000,0.875000000000000,0.906250000000000,0.937500000000000,0.968750000000000,1.0),.UNSPECIFIED.);
#1625=EDGE_CURVE('',#1542,#1550,#1624,.T.);
#1626=ORIENTED_EDGE('',*,*,#1625,.T.);
#1627=CARTESIAN_POINT('',(-48.972699864656903,-57.851319385569013,-8.0));
#1628=VERTEX_POINT('',#1627);
#1629=CARTESIAN_POINT('',(-58.971669894509297,-57.851319183277099,-8.0));
#1630=DIRECTION('',(1.000000000000000,-0.000000020231269,0.0));
#1631=VECTOR('',#1630,1.000000000000000);
#1632=LINE('',#1629,#1631);
#1633=EDGE_CURVE('',#1550,#1628,#1632,.T.);
#1634=ORIENTED_EDGE('',*,*,#1633,.T.);
#1635=CARTESIAN_POINT('',(-48.972699864656853,-57.851319385568949,-8.0));
#1636=CARTESIAN_POINT('',(-48.809330620945602,-57.847210536391650,-8.0));
#1637=CARTESIAN_POINT('',(-48.727454159960899,-57.844113863375647,-8.0));
#1638=CARTESIAN_POINT('',(-48.592129049797997,-57.838995693733352,-8.0));
#1639=CARTESIAN_POINT('',(-48.484356420091551,-57.830737697953403,-8.0));
#1640=CARTESIAN_POINT('',(-48.243982691605552,-57.812319243835091,-8.0));
#1641=CARTESIAN_POINT('',(-48.012603907985948,-57.764246268277098,-8.0));
#1642=CARTESIAN_POINT('',(-47.789586521587843,-57.717910518742890,-8.0));
#1643=CARTESIAN_POINT('',(-47.566876179098387,-57.645773134694998,-8.0));
#1644=CARTESIAN_POINT('',(-47.342506558182201,-57.573098299158453,-8.0));
#1645=CARTESIAN_POINT('',(-47.136204627404787,-57.475284546302191,-8.0));
#1646=CARTESIAN_POINT('',(-46.972899168839497,-57.397856672971152,-8.0));
#1647=CARTESIAN_POINT('',(-46.794298805527987,-57.293481120466502,-8.0));
#1648=CARTESIAN_POINT('',(-46.639578024482297,-57.203060996418749,-8.0));
#1649=CARTESIAN_POINT('',(-46.513224150993203,-57.115553536213042,-8.0));
#1650=CARTESIAN_POINT('',(-46.436009268989302,-57.062077706563592,-8.0));
#1651=CARTESIAN_POINT('',(-46.359295406338802,-57.002084529829339,-8.0));
#1652=CARTESIAN_POINT('',(-46.306615935643599,-56.960887167494903,-8.0));
#1653=CARTESIAN_POINT('',(-46.226865351814197,-56.894912185696739,-8.0));
#1654=CARTESIAN_POINT('',(-46.067711806568802,-56.763249798457899,-8.0));
#1655=CARTESIAN_POINT('',(-45.931754036310103,-56.626730211865187,-8.0));
#1656=CARTESIAN_POINT('',(-45.764313502308703,-56.458597765759237,-8.0));
#1657=CARTESIAN_POINT('',(-45.608163928964203,-56.271930680811892,-8.0));
#1658=CARTESIAN_POINT('',(-45.444503571394698,-56.076284921335251,-8.0));
#1659=CARTESIAN_POINT('',(-45.316760869425899,-55.878717972000352,-8.0));
#1660=CARTESIAN_POINT('',(-45.195928321387697,-55.691838271412053,-8.0));
#1661=CARTESIAN_POINT('',(-45.090989297499412,-55.482831076383597,-8.0));
#1662=CARTESIAN_POINT('',(-44.984437481696801,-55.270611681530340,-8.0));
#1663=CARTESIAN_POINT('',(-44.909112472766502,-55.055641038932897,-8.0));
#1664=CARTESIAN_POINT('',(-44.849303147220198,-54.884950728654751,-8.0));
#1665=CARTESIAN_POINT('',(-44.798132916548603,-54.684384041454052,-8.0));
#1666=CARTESIAN_POINT('',(-44.754010099288003,-54.511440375346652,-8.0));
#1667=CARTESIAN_POINT('',(-44.727469946053901,-54.359638758932888,-8.0));
#1668=CARTESIAN_POINT('',(-44.711288944095898,-54.267088341806598,-8.0));
#1669=CARTESIAN_POINT('',(-44.700069284235802,-54.170372731627253,-8.0));
#1670=CARTESIAN_POINT('',(-44.692320923496503,-54.103580382649902,-8.0));
#1671=CARTESIAN_POINT('',(-44.683254992139297,-54.000775162203453,-8.0));
#1672=CARTESIAN_POINT('',(-44.665132699742493,-53.795273246134691,-8.0));
#1673=CARTESIAN_POINT('',(-44.666775832163403,-53.602362456725892,-8.0));
#1674=CARTESIAN_POINT('',(-44.666780218517623,-53.601847479938577,-8.0));
#1675=CARTESIAN_POINT('',(-44.666784704245579,-53.601332480124007,-8.0));
#1676=B_SPLINE_CURVE_WITH_KNOTS('',2,(#1635,#1636,#1637,#1638,#1639,#1640,#1641,#1642,#1643,#1644,#1645,#1646,#1647,#1648,#1649,#1650,#1651,#1652,#1653,#1654,#1655,#1656,#1657,#1658,#1659,#1660,#1661,#1662,#1663,#1664,#1665,#1666,#1667,#1668,#1669,#1670,#1671,#1672,#1673,#1674,#1675),.UNSPECIFIED.,.F.,.U.,(3,2,2,2,2,2,2,2,2,2,2,2,2,2,2,2,2,2,2,2,3),(0.0,0.015625000000000,0.031250000000000,0.062500000000000,0.093750000000000,0.125000000000000,0.150000000000000,0.175000000000000,0.193750000000000,0.212500000000000,0.250000000000000,0.281250000000000,0.312500000000000,0.343750000000000,0.375000000000000,0.400000000000000,0.425000000000000,0.443750000000000,0.462500000000000,0.500000000000000,0.500067810170507),.UNSPECIFIED.);
#1677=EDGE_CURVE('',#1628,#1500,#1676,.T.);
#1678=ORIENTED_EDGE('',*,*,#1677,.T.);
#1679=EDGE_LOOP('',(#1540,#1548,#1626,#1634,#1678));
#1680=FACE_BOUND('',#1679,.T.);
#1681=CARTESIAN_POINT('',(73.222494777965110,-53.601318980977197,-8.0));
#1682=VERTEX_POINT('',#1681);
#1683=CARTESIAN_POINT('',(68.970639924358707,-49.351318980977297,-8.0));
#1684=VERTEX_POINT('',#1683);
#1685=CARTESIAN_POINT('',(73.222494777964997,-53.601318980976849,-8.0));
#1686=CARTESIAN_POINT('',(73.220447190846002,-53.366053328386187,-8.0));
#1687=CARTESIAN_POINT('',(73.197606396890990,-53.125833222107048,-8.0));
#1688=CARTESIAN_POINT('',(73.173662721212509,-52.874013940886847,-8.0));
#1689=CARTESIAN_POINT('',(73.123514932906005,-52.646020518485052,-8.0));
#1690=CARTESIAN_POINT('',(73.076081394951501,-52.430367246027650,-8.0));
#1691=CARTESIAN_POINT('',(73.002131107846012,-52.210346646287952,-8.0));
#1692=CARTESIAN_POINT('',(72.927048142381992,-51.986956045138548,-8.0));
#1693=CARTESIAN_POINT('',(72.828425975795497,-51.783528126875296,-8.0));
#1694=CARTESIAN_POINT('',(72.750121992803486,-51.622010520812552,-8.0));
#1695=CARTESIAN_POINT('',(72.644885948271508,-51.445612135683803,-8.0));
#1696=CARTESIAN_POINT('',(72.554147493616497,-51.293514848661552,-8.0));
#1697=CARTESIAN_POINT('',(72.466060939660494,-51.168547757981237,-8.0));
#1698=CARTESIAN_POINT('',(72.412358332822009,-51.092360664297587,-8.0));
#1699=CARTESIAN_POINT('',(72.352301759712518,-51.016734850276343,-8.0));
#1700=CARTESIAN_POINT('',(72.310822212406507,-50.964502024328752,-8.0));
#1701=CARTESIAN_POINT('',(72.245016755678492,-50.886136873476048,-8.0));
#1702=CARTESIAN_POINT('',(72.113498490884496,-50.729516903447788,-8.0));
#1703=CARTESIAN_POINT('',(71.977042761231488,-50.595459299615797,-8.0));
#1704=CARTESIAN_POINT('',(71.809095215110005,-50.430463328689903,-8.0));
#1705=CARTESIAN_POINT('',(71.623176388103502,-50.276911843271847,-8.0));
#1706=CARTESIAN_POINT('',(71.428370147982008,-50.116020189526992,-8.0));
#1707=CARTESIAN_POINT('',(71.231341936094481,-49.990129458370092,-8.0));
#1708=CARTESIAN_POINT('',(71.045210271485530,-49.871201051495987,-8.0));
#1709=CARTESIAN_POINT('',(70.837637649537015,-49.767930314994103,-8.0));
#1710=CARTESIAN_POINT('',(70.625973536294495,-49.662623995401248,-8.0));
#1711=CARTESIAN_POINT('',(70.412802199141012,-49.589077029297641,-8.0));
#1712=CARTESIAN_POINT('',(70.206530176871510,-49.517910419224442,-8.0));
#1713=CARTESIAN_POINT('',(69.954605822362510,-49.458762988898897,-8.0));
#1714=CARTESIAN_POINT('',(69.752185782416490,-49.411238305418053,-8.0));
#1715=CARTESIAN_POINT('',(69.597124431807984,-49.390144014719453,-8.0));
#1716=CARTESIAN_POINT('',(69.475801738644009,-49.373639475400743,-8.0));
#1717=CARTESIAN_POINT('',(69.300545312277507,-49.364299278653696,-8.0));
#1718=CARTESIAN_POINT('',(69.195890093697997,-49.358721735208348,-8.0));
#1719=CARTESIAN_POINT('',(68.970639924358480,-49.351318980977290,-8.0));
#1720=B_SPLINE_CURVE_WITH_KNOTS('',2,(#1685,#1686,#1687,#1688,#1689,#1690,#1691,#1692,#1693,#1694,#1695,#1696,#1697,#1698,#1699,#1700,#1701,#1702,#1703,#1704,#1705,#1706,#1707,#1708,#1709,#1710,#1711,#1712,#1713,#1714,#1715,#1716,#1717,#1718,#1719),.UNSPECIFIED.,.F.,.U.,(3,2,2,2,2,2,2,2,2,2,2,2,2,2,2,2,2,3),(0.500000000000000,0.531250000000000,0.562500000000000,0.593750000000000,0.625000000000000,0.650000000000000,0.675000000000000,0.693750000000000,0.712500000000000,0.750000000000000,0.781250000000000,0.812500000000000,0.843750000000000,0.875000000000000,0.906250000000000,0.937500000000000,0.968750000000000,1.0),.UNSPECIFIED.);
#1721=EDGE_CURVE('',#1682,#1684,#1720,.T.);
#1722=ORIENTED_EDGE('',*,*,#1721,.T.);
#1723=CARTESIAN_POINT('',(48.970639924358707,-49.351318980977297,-8.0));
#1724=VERTEX_POINT('',#1723);
#1725=CARTESIAN_POINT('',(58.970639924358707,-49.351318980977297,-8.0));
#1726=DIRECTION('',(-1.0,0.0,0.0));
#1727=VECTOR('',#1726,1.0);
#1728=LINE('',#1725,#1727);
#1729=EDGE_CURVE('',#1684,#1724,#1728,.T.);
#1730=ORIENTED_EDGE('',*,*,#1729,.T.);
#1731=CARTESIAN_POINT('',(48.972699864656498,-57.851319385563301,-8.0));
#1732=VERTEX_POINT('',#1731);
#1733=CARTESIAN_POINT('',(48.970639924358792,-49.351318980977290,-8.0));
#1734=CARTESIAN_POINT('',(48.807272691371423,-49.355507013401940,-8.0));
#1735=CARTESIAN_POINT('',(48.725397740927413,-49.358643370902037,-8.0));
#1736=CARTESIAN_POINT('',(48.590075127397803,-49.363827130911353,-8.0));
#1737=CARTESIAN_POINT('',(48.482306512930393,-49.372137362229992,-8.0));
#1738=CARTESIAN_POINT('',(48.241941739968617,-49.390672321355552,-8.0));
#1739=CARTESIAN_POINT('',(48.010586284087999,-49.438857438662097,-8.0));
#1740=CARTESIAN_POINT('',(47.787591382471987,-49.485301277439248,-8.0));
#1741=CARTESIAN_POINT('',(47.564916030511021,-49.557546598895549,-8.0));
#1742=CARTESIAN_POINT('',(47.340581660831219,-49.630330176011249,-8.0));
#1743=CARTESIAN_POINT('',(47.134327163823400,-49.728243910224442,-8.0));
#1744=CARTESIAN_POINT('',(46.971059253101799,-49.805750927272989,-8.0));
#1745=CARTESIAN_POINT('',(46.792509500734411,-49.910213033647352,-8.0));
#1746=CARTESIAN_POINT('',(46.637832563793197,-50.000708138939601,-8.0));
#1747=CARTESIAN_POINT('',(46.511521119253423,-50.088276831576252,-8.0));
#1748=CARTESIAN_POINT('',(46.434332165623402,-50.141790080355953,-8.0));
#1749=CARTESIAN_POINT('',(46.357647390175003,-50.201820432629297,-8.0));
#1750=CARTESIAN_POINT('',(46.304987893663998,-50.243043323452099,-8.0));
#1751=CARTESIAN_POINT('',(46.225269296760409,-50.309056951932291,-8.0));
#1752=CARTESIAN_POINT('',(46.066179585864013,-50.440796464142387,-8.0));
#1753=CARTESIAN_POINT('',(45.930288001520019,-50.577381932292099,-8.0));
#1754=CARTESIAN_POINT('',(45.762928979631411,-50.745595515672541,-8.0));
#1755=CARTESIAN_POINT('',(45.606869900601232,-50.932338263135648,-8.0));
#1756=CARTESIAN_POINT('',(45.443304390193198,-51.128063324398447,-8.0));
#1757=CARTESIAN_POINT('',(45.315657462261022,-51.325692166427743,-8.0));
#1758=CARTESIAN_POINT('',(45.194915507492382,-51.512630411568239,-8.0));
#1759=CARTESIAN_POINT('',(45.090077799979433,-51.721688445168247,-8.0));
#1760=CARTESIAN_POINT('',(44.983628857667021,-51.933959459925603,-8.0));
#1761=CARTESIAN_POINT('',(44.908408052111213,-52.148966586642352,-8.0));
#1762=CARTESIAN_POINT('',(44.848681465763597,-52.319685866026603,-8.0));
#1763=CARTESIAN_POINT('',(44.797608454145177,-52.520277331391291,-8.0));
#1764=CARTESIAN_POINT('',(44.753569466428999,-52.693242363200412,-8.0));
#1765=CARTESIAN_POINT('',(44.727102893320797,-52.845056825528047,-8.0));
#1766=CARTESIAN_POINT('',(44.710966751681603,-52.937615074644903,-8.0));
#1767=CARTESIAN_POINT('',(44.699793970409409,-53.034336111477593,-8.0));
#1768=CARTESIAN_POINT('',(44.692077984275578,-53.101132208248437,-8.0));
#1769=CARTESIAN_POINT('',(44.683061882836412,-53.203941810729198,-8.0));
#1770=CARTESIAN_POINT('',(44.665039197656803,-53.409452486426893,-8.0));
#1771=CARTESIAN_POINT('',(44.666775832160610,-53.602362456721437,-8.0));
#1772=CARTESIAN_POINT('',(44.668912292062600,-53.839686093479500,-8.0));
#1773=CARTESIAN_POINT('',(44.692155956782003,-54.081889992019200,-8.0));
#1774=CARTESIAN_POINT('',(44.716523215086212,-54.335801973167193,-8.0));
#1775=CARTESIAN_POINT('',(44.767482730036193,-54.565482081038340,-8.0));
#1776=CARTESIAN_POINT('',(44.815684286803020,-54.782731769709450,-8.0));
#1777=CARTESIAN_POINT('',(44.890804234962999,-55.004218725110150,-8.0));
#1778=CARTESIAN_POINT('',(44.967077552142612,-55.229106324399652,-8.0));
#1779=CARTESIAN_POINT('',(45.067234748282999,-55.433687008320987,-8.0));
#1780=CARTESIAN_POINT('',(45.146761226105589,-55.596127470412704,-8.0));
#1781=CARTESIAN_POINT('',(45.253627968892403,-55.773401484207589,-8.0));
#1782=CARTESIAN_POINT('',(45.345774645590012,-55.926257375666701,-8.0));
#1783=CARTESIAN_POINT('',(45.435215525095032,-56.051750922323549,-8.0));
#1784=CARTESIAN_POINT('',(45.489749458418800,-56.128266904096748,-8.0));
#1785=CARTESIAN_POINT('',(45.550725182533000,-56.204164094647943,-8.0));
#1786=CARTESIAN_POINT('',(45.592852864410013,-56.256600908566348,-8.0));
#1787=CARTESIAN_POINT('',(45.659669176254610,-56.335227901772051,-8.0));
#1788=CARTESIAN_POINT('',(45.793233440871603,-56.492401445726337,-8.0));
#1789=CARTESIAN_POINT('',(45.931754036308590,-56.626730211860753,-8.0));
#1790=CARTESIAN_POINT('',(46.102248862682380,-56.792065623442248,-8.0));
#1791=CARTESIAN_POINT('',(46.290809657108802,-56.945567988911087,-8.0));
#1792=CARTESIAN_POINT('',(46.488394475206000,-57.106416573851291,-8.0));
#1793=CARTESIAN_POINT('',(46.687972293006617,-57.231691299061843,-8.0));
#1794=CARTESIAN_POINT('',(46.876513735308599,-57.350038506359098,-8.0));
#1795=CARTESIAN_POINT('',(47.086585426197978,-57.452221029596387,-8.0));
#1796=CARTESIAN_POINT('',(47.300804656218190,-57.556420987985497,-8.0));
#1797=CARTESIAN_POINT('',(47.516322855947422,-57.628358193010151,-8.0));
#1798=CARTESIAN_POINT('',(47.724876295278392,-57.697970650531602,-8.0));
#1799=CARTESIAN_POINT('',(47.979394904191203,-57.754797731782489,-8.0));
#1800=CARTESIAN_POINT('',(48.183907182090010,-57.800459759728398,-8.0));
#1801=CARTESIAN_POINT('',(48.340463187703413,-57.819894849306841,-8.0));
#1802=CARTESIAN_POINT('',(48.462963094989988,-57.835102165449953,-8.0));
#1803=CARTESIAN_POINT('',(48.639814412950400,-57.842348866668502,-8.0));
#1804=CARTESIAN_POINT('',(48.745427766777617,-57.846676504306203,-8.0));
#1805=CARTESIAN_POINT('',(48.972699864656612,-57.851319385563237,-8.0));
#1806=B_SPLINE_CURVE_WITH_KNOTS('',2,(#1733,#1734,#1735,#1736,#1737,#1738,#1739,#1740,#1741,#1742,#1743,#1744,#1745,#1746,#1747,#1748,#1749,#1750,#1751,#1752,#1753,#1754,#1755,#1756,#1757,#1758,#1759,#1760,#1761,#1762,#1763,#1764,#1765,#1766,#1767,#1768,#1769,#1770,#1771,#1772,#1773,#1774,#1775,#1776,#1777,#1778,#1779,#1780,#1781,#1782,#1783,#1784,#1785,#1786,#1787,#1788,#1789,#1790,#1791,#1792,#1793,#1794,#1795,#1796,#1797,#1798,#1799,#1800,#1801,#1802,#1803,#1804,#1805),.UNSPECIFIED.,.F.,.U.,(3,2,2,2,2,2,2,2,2,2,2,2,2,2,2,2,2,2,2,2,2,2,2,2,2,2,2,2,2,2,2,2,2,2,2,2,3),(0.0,0.015625000000000,0.031250000000000,0.062500000000000,0.093750000000000,0.125000000000000,0.150000000000000,0.175000000000000,0.193750000000000,0.212500000000000,0.250000000000000,0.281250000000000,0.312500000000000,0.343750000000000,0.375000000000000,0.400000000000000,0.425000000000000,0.443750000000000,0.462500000000000,0.500000000000000,0.531250000000000,0.562500000000000,0.593750000000000,0.625000000000000,0.650000000000000,0.675000000000000,0.693750000000000,0.712500000000000,0.750000000000000,0.781250000000000,0.812500000000000,0.843750000000000,0.875000000000000,0.906250000000000,0.937500000000000,0.968750000000000,1.0),.UNSPECIFIED.);
#1807=EDGE_CURVE('',#1724,#1732,#1806,.T.);
#1808=ORIENTED_EDGE('',*,*,#1807,.T.);
#1809=CARTESIAN_POINT('',(68.970639924359602,-57.851318980977297,-8.0));
#1810=VERTEX_POINT('',#1809);
#1811=CARTESIAN_POINT('',(58.971669894508103,-57.851319183270299,-8.0));
#1812=DIRECTION('',(-1.000000000000000,-0.000000020231383,0.0));
#1813=VECTOR('',#1812,1.000000000000000);
#1814=LINE('',#1811,#1813);
#1815=EDGE_CURVE('',#1810,#1732,#1814,.T.);
#1816=ORIENTED_EDGE('',*,*,#1815,.F.);
#1817=CARTESIAN_POINT('',(68.970639924359475,-57.851318980977297,-8.0));
#1818=CARTESIAN_POINT('',(69.132545408533502,-57.845237981351353,-8.0));
#1819=CARTESIAN_POINT('',(69.213686327266984,-57.841168250896843,-8.0));
#1820=CARTESIAN_POINT('',(69.347786065452993,-57.834442300575503,-8.0));
#1821=CARTESIAN_POINT('',(69.454564069921503,-57.824965870801350,-8.0));
#1822=CARTESIAN_POINT('',(69.692705789316491,-57.803831056647752,-8.0));
#1823=CARTESIAN_POINT('',(69.921748710265021,-57.753595878782249,-8.0));
#1824=CARTESIAN_POINT('',(70.142506535407520,-57.705177841825297,-8.0));
#1825=CARTESIAN_POINT('',(70.362804451028993,-57.631344705614552,-8.0));
#1826=CARTESIAN_POINT('',(70.584734012489520,-57.556964721154444,-8.0));
#1827=CARTESIAN_POINT('',(70.788602553750991,-57.458043392826752,-8.0));
#1828=CARTESIAN_POINT('',(70.949975776631504,-57.379741691813649,-8.0));
#1829=CARTESIAN_POINT('',(71.126340631897520,-57.274702482275650,-8.0));
#1830=CARTESIAN_POINT('',(71.279120228447979,-57.183710158260944,-8.0));
#1831=CARTESIAN_POINT('',(71.403811016704509,-57.095932154291347,-8.0));
#1832=CARTESIAN_POINT('',(71.480001410567979,-57.042296751158993,-8.0));
#1833=CARTESIAN_POINT('',(71.555664443638506,-56.982239976559903,-8.0));
#1834=CARTESIAN_POINT('',(71.607606032793484,-56.941011860455902,-8.0));
#1835=CARTESIAN_POINT('',(71.686237029394505,-56.875029207668753,-8.0));
#1836=CARTESIAN_POINT('',(71.843126133425002,-56.743376809443440,-8.0));
#1837=CARTESIAN_POINT('',(71.977042761231985,-56.607178662338193,-8.0));
#1838=CARTESIAN_POINT('',(72.141963429862017,-56.439448262801442,-8.0));
#1839=CARTESIAN_POINT('',(72.295743519118517,-56.253429612897747,-8.0));
#1840=CARTESIAN_POINT('',(72.456912137150496,-56.058473498110899,-8.0));
#1841=CARTESIAN_POINT('',(72.582712550871506,-55.861823771890649,-8.0));
#1842=CARTESIAN_POINT('',(72.701707324791997,-55.675812541713142,-8.0));
#1843=CARTESIAN_POINT('',(72.805037001583003,-55.467972548697190,-8.0));
#1844=CARTESIAN_POINT('',(72.909950917111502,-55.256945976778240,-8.0));
#1845=CARTESIAN_POINT('',(72.984107477887505,-55.043377374908502,-8.0));
#1846=CARTESIAN_POINT('',(73.042986288258504,-54.873808221765387,-8.0));
#1847=CARTESIAN_POINT('',(73.093348496401006,-54.674676385837742,-8.0));
#1848=CARTESIAN_POINT('',(73.136773555558506,-54.502973990843003,-8.0));
#1849=CARTESIAN_POINT('',(73.162883734022017,-54.352328422560852,-8.0));
#1850=CARTESIAN_POINT('',(73.178800936151504,-54.260492360865250,-8.0));
#1851=CARTESIAN_POINT('',(73.189831886818496,-54.164545898100243,-8.0));
#1852=CARTESIAN_POINT('',(73.197447507394017,-54.098305745452990,-8.0));
#1853=CARTESIAN_POINT('',(73.206355695829501,-53.996342423619097,-8.0));
#1854=CARTESIAN_POINT('',(73.224159229770990,-53.792562780407742,-8.0));
#1855=CARTESIAN_POINT('',(73.222494777964997,-53.601318980976849,-8.0));
#1856=B_SPLINE_CURVE_WITH_KNOTS('',2,(#1817,#1818,#1819,#1820,#1821,#1822,#1823,#1824,#1825,#1826,#1827,#1828,#1829,#1830,#1831,#1832,#1833,#1834,#1835,#1836,#1837,#1838,#1839,#1840,#1841,#1842,#1843,#1844,#1845,#1846,#1847,#1848,#1849,#1850,#1851,#1852,#1853,#1854,#1855),.UNSPECIFIED.,.F.,.U.,(3,2,2,2,2,2,2,2,2,2,2,2,2,2,2,2,2,2,2,3),(0.0,0.015625000000000,0.031250000000000,0.062500000000000,0.093750000000000,0.125000000000000,0.150000000000000,0.175000000000000,0.193750000000000,0.212500000000000,0.250000000000000,0.281250000000000,0.312500000000000,0.343750000000000,0.375000000000000,0.400000000000000,0.425000000000000,0.443750000000000,0.462500000000000,0.500000000000000),.UNSPECIFIED.);
#1857=EDGE_CURVE('',#1810,#1682,#1856,.T.);
#1858=ORIENTED_EDGE('',*,*,#1857,.T.);
#1859=EDGE_LOOP('',(#1722,#1730,#1808,#1816,#1858));
#1860=FACE_BOUND('',#1859,.T.);
#1861=CARTESIAN_POINT('',(-44.452699864657902,51.253302908559100,-8.0));
#1862=VERTEX_POINT('',#1861);
#1863=CARTESIAN_POINT('',(-48.752699864656300,55.553302908559303,-8.0));
#1864=VERTEX_POINT('',#1863);
#1865=CARTESIAN_POINT('',(-44.452699864657902,51.253302908558197,-8.0));
#1866=CARTESIAN_POINT('',(-44.454770799542302,51.491270769876003,-8.0));
#1867=CARTESIAN_POINT('',(-44.477867790910700,51.734239950490412,-8.0));
#1868=CARTESIAN_POINT('',(-44.502081206833097,51.988953377565608,-8.0));
#1869=CARTESIAN_POINT('',(-44.552791440855898,52.219563643870003,-8.0));
#1870=CARTESIAN_POINT('',(-44.600759498778103,52.437703568181412,-8.0));
#1871=CARTESIAN_POINT('',(-44.675538649318092,52.660254049647023,-8.0));
#1872=CARTESIAN_POINT('',(-44.751467070967202,52.886224880726402,-8.0));
#1873=CARTESIAN_POINT('',(-44.851194818222901,53.091999002234417,-8.0));
#1874=CARTESIAN_POINT('',(-44.930381442567487,53.255389417721609,-8.0));
#1875=CARTESIAN_POINT('',(-45.036796306880703,53.433825425706999,-8.0));
#1876=CARTESIAN_POINT('',(-45.128557284244998,53.587689856164197,-8.0));
#1877=CARTESIAN_POINT('',(-45.217629979597497,53.714102472047401,-8.0));
#1878=CARTESIAN_POINT('',(-45.271939006606097,53.791178237443987,-8.0));
#1879=CARTESIAN_POINT('',(-45.332667000005500,53.867679226395012,-8.0));
#1880=CARTESIAN_POINT('',(-45.374616463830897,53.920524303088207,-8.0));
#1881=CARTESIAN_POINT('',(-45.441156729345799,53.999796257063593,-8.0));
#1882=CARTESIAN_POINT('',(-45.574154264874998,54.158241289312002,-8.0));
#1883=CARTESIAN_POINT('',(-45.712140705554702,54.293862067660612,-8.0));
#1884=CARTESIAN_POINT('',(-45.881980723133097,54.460790319924193,-8.0));
#1885=CARTESIAN_POINT('',(-46.069989637554301,54.616143732956189,-8.0));
#1886=CARTESIAN_POINT('',(-46.266995410408612,54.778931328928209,-8.0));
#1887=CARTESIAN_POINT('',(-46.466247994623302,54.906319805387000,-8.0));
#1888=CARTESIAN_POINT('',(-46.654490900423603,55.026669446364181,-8.0));
#1889=CARTESIAN_POINT('',(-46.864412275407993,55.131188495395023,-8.0));
#1890=CARTESIAN_POINT('',(-47.078482477314587,55.237773229469013,-8.0));
#1891=CARTESIAN_POINT('',(-47.294073665868602,55.312238060105997,-8.0));
#1892=CARTESIAN_POINT('',(-47.502698884647053,55.384296856604998,-8.0));
#1893=CARTESIAN_POINT('',(-47.757488783633796,55.444217937148387,-8.0));
#1894=CARTESIAN_POINT('',(-47.962222671845907,55.492366925213993,-8.0));
#1895=CARTESIAN_POINT('',(-48.119049099795937,55.513765369433223,-8.0));
#1896=CARTESIAN_POINT('',(-48.241762722452350,55.530509234888022,-8.0));
#1897=CARTESIAN_POINT('',(-48.419019092029352,55.540031249764603,-8.0));
#1898=CARTESIAN_POINT('',(-48.524875874494853,55.545717758293613,-8.0));
#1899=CARTESIAN_POINT('',(-48.752699864656250,55.553302908559409,-8.0));
#1900=B_SPLINE_CURVE_WITH_KNOTS('',2,(#1865,#1866,#1867,#1868,#1869,#1870,#1871,#1872,#1873,#1874,#1875,#1876,#1877,#1878,#1879,#1880,#1881,#1882,#1883,#1884,#1885,#1886,#1887,#1888,#1889,#1890,#1891,#1892,#1893,#1894,#1895,#1896,#1897,#1898,#1899),.UNSPECIFIED.,.F.,.U.,(3,2,2,2,2,2,2,2,2,2,2,2,2,2,2,2,2,3),(0.500000000000000,0.531250000000000,0.562500000000000,0.593750000000000,0.625000000000000,0.650000000000000,0.675000000000000,0.693750000000000,0.712500000000000,0.750000000000000,0.781250000000000,0.812500000000000,0.843750000000000,0.875000000000000,0.906250000000000,0.937500000000000,0.968750000000000,1.0),.UNSPECIFIED.);
#1901=EDGE_CURVE('',#1862,#1864,#1900,.T.);
#1902=ORIENTED_EDGE('',*,*,#1901,.T.);
#1903=CARTESIAN_POINT('',(-68.329057644972210,55.504889574364903,-8.0));
#1904=VERTEX_POINT('',#1903);
#1905=CARTESIAN_POINT('',(-58.540878754814202,55.529096241462099,-8.0));
#1906=DIRECTION('',(-0.999996942023022,-0.002473043591202,0.0));
#1907=VECTOR('',#1906,1.000000000000009);
#1908=LINE('',#1905,#1907);
#1909=EDGE_CURVE('',#1864,#1904,#1908,.T.);
#1910=ORIENTED_EDGE('',*,*,#1909,.T.);
#1911=CARTESIAN_POINT('',(-68.972493517550788,55.554100707576801,-8.0));
#1912=VERTEX_POINT('',#1911);
#1913=CARTESIAN_POINT('',(-68.329057644972139,55.504889574364988,-8.0));
#1914=CARTESIAN_POINT('',(-68.483203031767445,55.523466289288599,-8.0));
#1915=CARTESIAN_POINT('',(-68.560739684232502,55.531497612985603,-8.0));
#1916=CARTESIAN_POINT('',(-68.688835835425550,55.544765939923010,-8.0));
#1917=CARTESIAN_POINT('',(-68.791929171331759,55.550168432495823,-8.0));
#1918=CARTESIAN_POINT('',(-68.880303844678352,55.554799609789470,-8.0));
#1919=CARTESIAN_POINT('',(-68.972492661701608,55.554898506553563,-8.0));
#1920=B_SPLINE_CURVE_WITH_KNOTS('',2,(#1913,#1914,#1915,#1916,#1917,#1918,#1919),.UNSPECIFIED.,.F.,.U.,(3,2,2,3),(0.0,0.015625000000000,0.031250000000000,0.043907644762824),.UNSPECIFIED.);
#1921=EDGE_CURVE('',#1904,#1912,#1920,.T.);
#1922=ORIENTED_EDGE('',*,*,#1921,.T.);
#1923=CARTESIAN_POINT('',(-68.972493422547899,46.952508899574802,-8.0));
#1924=VERTEX_POINT('',#1923);
#1925=CARTESIAN_POINT('',(-68.972492661701608,55.554898506553563,-8.0));
#1926=CARTESIAN_POINT('',(-69.107905470885925,55.555043772422863,-8.0));
#1927=CARTESIAN_POINT('',(-69.251547526353292,55.545410368199001,-8.0));
#1928=CARTESIAN_POINT('',(-69.713837738227198,55.514406714950212,-8.0));
#1929=CARTESIAN_POINT('',(-70.161024722382194,55.385783472323020,-8.0));
#1930=CARTESIAN_POINT('',(-71.063761414010301,55.126131638459597,-8.0));
#1931=CARTESIAN_POINT('',(-71.776350830752051,54.513423913496212,-8.0));
#1932=CARTESIAN_POINT('',(-72.488379456045195,53.901198375391800,-8.0));
#1933=CARTESIAN_POINT('',(-72.880600229561693,53.046821410605013,-8.0));
#1934=CARTESIAN_POINT('',(-73.272378230816699,52.193408939405813,-8.0));
#1935=CARTESIAN_POINT('',(-73.272494373399937,51.253302908809403,-8.0));
#1936=CARTESIAN_POINT('',(-73.272610384724700,50.314259339231207,-8.0));
#1937=CARTESIAN_POINT('',(-72.880600229736345,49.459784406975601,-8.0));
#1938=CARTESIAN_POINT('',(-72.489033598010991,48.606276234139813,-8.0));
#1939=CARTESIAN_POINT('',(-71.776350831069507,47.993181903977003,-8.0));
#1940=CARTESIAN_POINT('',(-71.064716527114399,47.380989527308792,-8.0));
#1941=CARTESIAN_POINT('',(-70.161024722784546,47.120822344992803,-8.0));
#1942=CARTESIAN_POINT('',(-69.714879082108354,46.992379823237997,-8.0));
#1943=CARTESIAN_POINT('',(-69.251547526771191,46.961195449028203,-8.0));
#1944=CARTESIAN_POINT('',(-69.108271300585798,46.951552290902477,-8.0));
#1945=CARTESIAN_POINT('',(-68.972492471695830,46.951714890549603,-8.0));
#1946=B_SPLINE_CURVE_WITH_KNOTS('',2,(#1925,#1926,#1927,#1928,#1929,#1930,#1931,#1932,#1933,#1934,#1935,#1936,#1937,#1938,#1939,#1940,#1941,#1942,#1943,#1944,#1945),.UNSPECIFIED.,.F.,.U.,(3,2,2,2,2,2,2,2,2,2,3),(0.043907644762824,0.062500000000000,0.125000000000000,0.250000000000000,0.375000000000000,0.500000000000000,0.625000000000000,0.750000000000000,0.875000000000000,0.937500000000000,0.956127878116487),.UNSPECIFIED.);
#1947=EDGE_CURVE('',#1912,#1924,#1946,.T.);
#1948=ORIENTED_EDGE('',*,*,#1947,.T.);
#1949=CARTESIAN_POINT('',(-68.329057645386101,47.001716242772403,-8.0));
#1950=VERTEX_POINT('',#1949);
#1951=CARTESIAN_POINT('',(-68.972492471695830,46.951714890549603,-8.0));
#1952=CARTESIAN_POINT('',(-68.880489672625927,46.951825066950313,-8.0));
#1953=CARTESIAN_POINT('',(-68.791929171750098,46.956437384686609,-8.0));
#1954=CARTESIAN_POINT('',(-68.689884758730443,46.961751957791002,-8.0));
#1955=CARTESIAN_POINT('',(-68.560739684649036,46.975108204174397,-8.0));
#1956=CARTESIAN_POINT('',(-68.483931097395640,46.983051785631197,-8.0));
#1957=CARTESIAN_POINT('',(-68.329057645386101,47.001716242772403,-8.0));
#1958=B_SPLINE_CURVE_WITH_KNOTS('',2,(#1951,#1952,#1953,#1954,#1955,#1956,#1957),.UNSPECIFIED.,.F.,.U.,(3,2,2,3),(0.956127878116487,0.968750000000000,0.984375000000000,1.0),.UNSPECIFIED.);
#1959=EDGE_CURVE('',#1924,#1950,#1958,.T.);
#1960=ORIENTED_EDGE('',*,*,#1959,.T.);
#1961=CARTESIAN_POINT('',(-48.752699864659000,46.953302908559913,-8.0));
#1962=VERTEX_POINT('',#1961);
#1963=CARTESIAN_POINT('',(-58.540878755022597,46.977509575666197,-8.0));
#1964=DIRECTION('',(-0.999996942023020,0.002473043592076,0.0));
#1965=VECTOR('',#1964,0.999999999999990);
#1966=LINE('',#1963,#1965);
#1967=EDGE_CURVE('',#1962,#1950,#1966,.T.);
#1968=ORIENTED_EDGE('',*,*,#1967,.F.);
#1969=CARTESIAN_POINT('',(-48.752699864658950,46.953302908560012,-8.0));
#1970=CARTESIAN_POINT('',(-48.588937295888798,46.959523808348600,-8.0));
#1971=CARTESIAN_POINT('',(-48.506872206687397,46.963674893069808,-8.0));
#1972=CARTESIAN_POINT('',(-48.371232159051537,46.970535950978999,-8.0));
#1973=CARTESIAN_POINT('',(-48.263239382057293,46.980165540888599,-8.0));
#1974=CARTESIAN_POINT('',(-48.022369696317050,47.001643609699201,-8.0));
#1975=CARTESIAN_POINT('',(-47.790720054219904,47.052543285740001,-8.0));
#1976=CARTESIAN_POINT('',(-47.567438490639752,47.101604269168398,-8.0));
#1977=CARTESIAN_POINT('',(-47.344640083276502,47.176362184934412,-8.0));
#1978=CARTESIAN_POINT('',(-47.120179950336997,47.251677677130587,-8.0));
#1979=CARTESIAN_POINT('',(-46.914003770982802,47.351797862124997,-8.0));
#1980=CARTESIAN_POINT('',(-46.750793942987499,47.431053371772002,-8.0));
#1981=CARTESIAN_POINT('',(-46.572438248944401,47.537347003719397,-8.0));
#1982=CARTESIAN_POINT('',(-46.417923830208998,47.629432085969214,-8.0));
#1983=CARTESIAN_POINT('',(-46.291829466513398,47.718247796337813,-8.0));
#1984=CARTESIAN_POINT('',(-46.214774051180513,47.772522478012412,-8.0));
#1985=CARTESIAN_POINT('',(-46.138261919803298,47.833284055432799,-8.0));
#1986=CARTESIAN_POINT('',(-46.085729666142697,47.875002179610007,-8.0));
#1987=CARTESIAN_POINT('',(-46.006217901882003,47.941756318698808,-8.0));
#1988=CARTESIAN_POINT('',(-45.847558744356803,48.074958689035007,-8.0));
#1989=CARTESIAN_POINT('',(-45.712140705556607,48.212743749456607,-8.0));
#1990=CARTESIAN_POINT('',(-45.545362691523103,48.382436937633209,-8.0));
#1991=CARTESIAN_POINT('',(-45.389860126387887,48.570614636787212,-8.0));
#1992=CARTESIAN_POINT('',(-45.226878382650703,48.767843084523008,-8.0));
#1993=CARTESIAN_POINT('',(-45.099668177525700,48.966768367443208,-8.0));
#1994=CARTESIAN_POINT('',(-44.979333566449199,49.154941922623003,-8.0));
#1995=CARTESIAN_POINT('',(-44.874846469880403,49.365179373913612,-8.0));
#1996=CARTESIAN_POINT('',(-44.768751943615797,49.578651118561822,-8.0));
#1997=CARTESIAN_POINT('',(-44.693764713111200,49.794676709770599,-8.0));
#1998=CARTESIAN_POINT('',(-44.634222733760097,49.966207131744007,-8.0));
#1999=CARTESIAN_POINT('',(-44.583296713674599,50.167624286225823,-8.0));
#2000=CARTESIAN_POINT('',(-44.539382585467791,50.341308754993001,-8.0));
#2001=CARTESIAN_POINT('',(-44.512980453776201,50.493679460072009,-8.0));
#2002=CARTESIAN_POINT('',(-44.496883727455803,50.586576108250213,-8.0));
#2003=CARTESIAN_POINT('',(-44.485729621585897,50.683618663937622,-8.0));
#2004=CARTESIAN_POINT('',(-44.478027840978200,50.750625422008198,-8.0));
#2005=CARTESIAN_POINT('',(-44.469020219986497,50.853751722737400,-8.0));
#2006=CARTESIAN_POINT('',(-44.451016518049187,51.059872204708213,-8.0));
#2007=CARTESIAN_POINT('',(-44.452699864657902,51.253302908558197,-8.0));
#2008=B_SPLINE_CURVE_WITH_KNOTS('',2,(#1969,#1970,#1971,#1972,#1973,#1974,#1975,#1976,#1977,#1978,#1979,#1980,#1981,#1982,#1983,#1984,#1985,#1986,#1987,#1988,#1989,#1990,#1991,#1992,#1993,#1994,#1995,#1996,#1997,#1998,#1999,#2000,#2001,#2002,#2003,#2004,#2005,#2006,#2007),.UNSPECIFIED.,.F.,.U.,(3,2,2,2,2,2,2,2,2,2,2,2,2,2,2,2,2,2,2,3),(0.0,0.015625000000000,0.031250000000000,0.062500000000000,0.093750000000000,0.125000000000000,0.150000000000000,0.175000000000000,0.193750000000000,0.212500000000000,0.250000000000000,0.281250000000000,0.312500000000000,0.343750000000000,0.375000000000000,0.400000000000000,0.425000000000000,0.443750000000000,0.462500000000000,0.500000000000000),.UNSPECIFIED.);
#2009=EDGE_CURVE('',#1962,#1862,#2008,.T.);
#2010=ORIENTED_EDGE('',*,*,#2009,.T.);
#2011=EDGE_LOOP('',(#1902,#1910,#1922,#1948,#1960,#1968,#2010));
#2012=FACE_BOUND('',#2011,.T.);
#2013=CARTESIAN_POINT('',(68.742561484458491,55.554093629497103,-8.0));
#2014=VERTEX_POINT('',#2013);
#2015=CARTESIAN_POINT('',(68.102671741891797,55.505424707761897,-8.0));
#2016=VERTEX_POINT('',#2015);
#2017=CARTESIAN_POINT('',(68.742560451117015,55.554884350394254,-8.0));
#2018=CARTESIAN_POINT('',(68.652298608911451,55.554766393075312,-8.0));
#2019=CARTESIAN_POINT('',(68.565352870721014,55.550306843693022,-8.0));
#2020=CARTESIAN_POINT('',(68.463353955972494,55.545075199143987,-8.0));
#2021=CARTESIAN_POINT('',(68.334261240102506,55.531830325671997,-8.0));
#2022=CARTESIAN_POINT('',(68.257484126561494,55.523953017122608,-8.0));
#2023=CARTESIAN_POINT('',(68.102671741891996,55.505424707762032,-8.0));
#2024=B_SPLINE_CURVE_WITH_KNOTS('',2,(#2017,#2018,#2019,#2020,#2021,#2022,#2023),.UNSPECIFIED.,.F.,.U.,(3,2,2,3),(0.956352550089256,0.968750000000000,0.984375000000000,1.0),.UNSPECIFIED.);
#2025=EDGE_CURVE('',#2014,#2016,#2024,.T.);
#2026=ORIENTED_EDGE('',*,*,#2025,.T.);
#2027=CARTESIAN_POINT('',(48.742699864656103,55.553302908551998,-8.0));
#2028=VERTEX_POINT('',#2027);
#2029=CARTESIAN_POINT('',(58.422685803273900,55.529363808157008,-8.0));
#2030=DIRECTION('',(0.999996942023022,-0.002473043591351,0.0));
#2031=VECTOR('',#2030,1.000000000000009);
#2032=LINE('',#2029,#2031);
#2033=EDGE_CURVE('',#2028,#2016,#2032,.T.);
#2034=ORIENTED_EDGE('',*,*,#2033,.F.);
#2035=CARTESIAN_POINT('',(48.742699864656998,46.953302908552601,-8.0));
#2036=VERTEX_POINT('',#2035);
#2037=CARTESIAN_POINT('',(48.742699864656011,55.553302908551998,-8.0));
#2038=CARTESIAN_POINT('',(48.578937296452018,55.547082008789012,-8.0));
#2039=CARTESIAN_POINT('',(48.496872206684607,55.542930924042210,-8.0));
#2040=CARTESIAN_POINT('',(48.361232159250619,55.536069866148217,-8.0));
#2041=CARTESIAN_POINT('',(48.253239382054623,55.526440276223397,-8.0));
#2042=CARTESIAN_POINT('',(48.012369696344201,55.504962207421592,-8.0));
#2043=CARTESIAN_POINT('',(47.780720054217397,55.454062531371989,-8.0));
#2044=CARTESIAN_POINT('',(47.557438490665007,55.405001547947208,-8.0));
#2045=CARTESIAN_POINT('',(47.334640083274202,55.330243632177222,-8.0));
#2046=CARTESIAN_POINT('',(47.110179950353597,55.254928139992792,-8.0));
#2047=CARTESIAN_POINT('',(46.904003770980808,55.154807954986602,-8.0));
#2048=CARTESIAN_POINT('',(46.740793942937792,55.075552445314379,-8.0));
#2049=CARTESIAN_POINT('',(46.562438248942406,54.969258813391797,-8.0));
#2050=CARTESIAN_POINT('',(46.407923830208013,54.877173731139827,-8.0));
#2051=CARTESIAN_POINT('',(46.281829466511411,54.788358020773181,-8.0));
#2052=CARTESIAN_POINT('',(46.204774051214009,54.734083339125398,-8.0));
#2053=CARTESIAN_POINT('',(46.128261919801403,54.673321761678203,-8.0));
#2054=CARTESIAN_POINT('',(46.075729666204602,54.631603637552423,-8.0));
#2055=CARTESIAN_POINT('',(45.996217901879987,54.564849498412023,-8.0));
#2056=CARTESIAN_POINT('',(45.837558744346808,54.431647128072790,-8.0));
#2057=CARTESIAN_POINT('',(45.702140705554619,54.293862067653812,-8.0));
#2058=CARTESIAN_POINT('',(45.535362691478177,54.124168879426989,-8.0));
#2059=CARTESIAN_POINT('',(45.379860126386198,53.935991180323398,-8.0));
#2060=CARTESIAN_POINT('',(45.216878382651430,53.738762732588413,-8.0));
#2061=CARTESIAN_POINT('',(45.089668177524409,53.539837449667182,-8.0));
#2062=CARTESIAN_POINT('',(44.969333566440007,53.351663894477419,-8.0));
#2063=CARTESIAN_POINT('',(44.864846469879197,53.141426443197012,-8.0));
#2064=CARTESIAN_POINT('',(44.758751943634017,52.927954698581203,-8.0));
#2065=CARTESIAN_POINT('',(44.683764713110193,52.711929107340012,-8.0));
#2066=CARTESIAN_POINT('',(44.624222733791797,52.540398685478593,-8.0));
#2067=CARTESIAN_POINT('',(44.573296713674019,52.338981530884610,-8.0));
#2068=CARTESIAN_POINT('',(44.529382585459189,52.165297062100997,-8.0));
#2069=CARTESIAN_POINT('',(44.502980453775599,52.012926357038403,-8.0));
#2070=CARTESIAN_POINT('',(44.486883727444003,51.920029708778813,-8.0));
#2071=CARTESIAN_POINT('',(44.475729621585216,51.822987153172612,-8.0));
#2072=CARTESIAN_POINT('',(44.468027840966009,51.755980394989997,-8.0));
#2073=CARTESIAN_POINT('',(44.459020219986023,51.652854094372991,-8.0));
#2074=CARTESIAN_POINT('',(44.441016518049018,51.446733612361413,-8.0));
#2075=CARTESIAN_POINT('',(44.442699864657207,51.253302908552023,-8.0));
#2076=CARTESIAN_POINT('',(44.444770799542013,51.015335047190007,-8.0));
#2077=CARTESIAN_POINT('',(44.467867790909999,50.772365866620007,-8.0));
#2078=CARTESIAN_POINT('',(44.492081206836602,50.517652439545202,-8.0));
#2079=CARTESIAN_POINT('',(44.542791440855403,50.287042173240593,-8.0));
#2080=CARTESIAN_POINT('',(44.590759498765202,50.068902248967987,-8.0));
#2081=CARTESIAN_POINT('',(44.665538649317597,49.846351767463602,-8.0));
#2082=CARTESIAN_POINT('',(44.741467070967794,49.620380936379810,-8.0));
#2083=CARTESIAN_POINT('',(44.841194818222597,49.414606814876407,-8.0));
#2084=CARTESIAN_POINT('',(44.920381442585807,49.251216399353410,-8.0));
#2085=CARTESIAN_POINT('',(45.026796306880613,49.072780391403811,-8.0));
#2086=CARTESIAN_POINT('',(45.118557284239998,48.918915960958998,-8.0));
#2087=CARTESIAN_POINT('',(45.207629979597399,48.792503345063402,-8.0));
#2088=CARTESIAN_POINT('',(45.261939006568987,48.715427579716412,-8.0));
#2089=CARTESIAN_POINT('',(45.322667000005623,48.638926590715997,-8.0));
#2090=CARTESIAN_POINT('',(45.364616463838800,48.586081514011198,-8.0));
#2091=CARTESIAN_POINT('',(45.431156729346000,48.506809560047202,-8.0));
#2092=CARTESIAN_POINT('',(45.564154264885417,48.348364527792008,-8.0));
#2093=CARTESIAN_POINT('',(45.702140705555202,48.212743749450198,-8.0));
#2094=CARTESIAN_POINT('',(45.871980723111022,48.045815497205624,-8.0));
#2095=CARTESIAN_POINT('',(46.059989637554587,47.890462084154812,-8.0));
#2096=CARTESIAN_POINT('',(46.256995410391411,47.727674488197202,-8.0));
#2097=CARTESIAN_POINT('',(46.456247994623808,47.600286011724407,-8.0));
#2098=CARTESIAN_POINT('',(46.644490900402587,47.479936370758011,-8.0));
#2099=CARTESIAN_POINT('',(46.854412275408400,47.375417321716412,-8.0));
#2100=CARTESIAN_POINT('',(47.068482477281407,47.268832587659404,-8.0));
#2101=CARTESIAN_POINT('',(47.284073665869009,47.194367757005601,-8.0));
#2102=CARTESIAN_POINT('',(47.492698884619017,47.122308960511809,-8.0));
#2103=CARTESIAN_POINT('',(47.747488783634218,47.062387879963403,-8.0));
#2104=CARTESIAN_POINT('',(47.952222671797017,47.014238891911020,-8.0));
#2105=CARTESIAN_POINT('',(48.109049099796600,46.992840447678603,-8.0));
#2106=CARTESIAN_POINT('',(48.231762722422410,46.976096582223022,-8.0));
#2107=CARTESIAN_POINT('',(48.409019092029993,46.966574567347209,-8.0));
#2108=CARTESIAN_POINT('',(48.514875874572979,46.960888058815613,-8.0));
#2109=CARTESIAN_POINT('',(48.742699864657013,46.953302908552608,-8.0));
#2110=B_SPLINE_CURVE_WITH_KNOTS('',2,(#2037,#2038,#2039,#2040,#2041,#2042,#2043,#2044,#2045,#2046,#2047,#2048,#2049,#2050,#2051,#2052,#2053,#2054,#2055,#2056,#2057,#2058,#2059,#2060,#2061,#2062,#2063,#2064,#2065,#2066,#2067,#2068,#2069,#2070,#2071,#2072,#2073,#2074,#2075,#2076,#2077,#2078,#2079,#2080,#2081,#2082,#2083,#2084,#2085,#2086,#2087,#2088,#2089,#2090,#2091,#2092,#2093,#2094,#2095,#2096,#2097,#2098,#2099,#2100,#2101,#2102,#2103,#2104,#2105,#2106,#2107,#2108,#2109),.UNSPECIFIED.,.F.,.U.,(3,2,2,2,2,2,2,2,2,2,2,2,2,2,2,2,2,2,2,2,2,2,2,2,2,2,2,2,2,2,2,2,2,2,2,2,3),(0.0,0.015625000000000,0.031250000000000,0.062500000000000,0.093750000000000,0.125000000000000,0.150000000000000,0.175000000000000,0.193750000000000,0.212500000000000,0.250000000000000,0.281250000000000,0.312500000000000,0.343750000000000,0.375000000000000,0.400000000000000,0.425000000000000,0.443750000000000,0.462500000000000,0.500000000000000,0.531250000000000,0.562500000000000,0.593750000000000,0.625000000000000,0.650000000000000,0.675000000000000,0.693750000000000,0.712500000000000,0.750000000000000,0.781250000000000,0.812500000000000,0.843750000000000,0.875000000000000,0.906250000000000,0.937500000000000,0.968750000000000,1.0),.UNSPECIFIED.);
#2111=EDGE_CURVE('',#2028,#2036,#2110,.T.);
#2112=ORIENTED_EDGE('',*,*,#2111,.T.);
#2113=CARTESIAN_POINT('',(68.102671742444116,47.001181109355002,-8.0));
#2114=VERTEX_POINT('',#2113);
#2115=CARTESIAN_POINT('',(58.422685803550593,46.977242008953809,-8.0));
#2116=DIRECTION('',(0.999996942023021,0.002473043591912,0.0));
#2117=VECTOR('',#2116,0.999999999999997);
#2118=LINE('',#2115,#2117);
#2119=EDGE_CURVE('',#2036,#2114,#2118,.T.);
#2120=ORIENTED_EDGE('',*,*,#2119,.T.);
#2121=CARTESIAN_POINT('',(68.742561576506702,46.952508197435300,-8.0));
#2122=VERTEX_POINT('',#2121);
#2123=CARTESIAN_POINT('',(68.102671742444002,47.001181109355016,-8.0));
#2124=CARTESIAN_POINT('',(68.256755990235504,46.982739945147003,-8.0));
#2125=CARTESIAN_POINT('',(68.334261240657995,46.974775491474993,-8.0));
#2126=CARTESIAN_POINT('',(68.462304957529497,46.961617695771409,-8.0));
#2127=CARTESIAN_POINT('',(68.565352871279018,46.956298973484003,-8.0));
#2128=CARTESIAN_POINT('',(68.652119213966657,46.951820609353597,-8.0));
#2129=CARTESIAN_POINT('',(68.742560635213309,46.951713486270442,-8.0));
#2130=B_SPLINE_CURVE_WITH_KNOTS('',2,(#2123,#2124,#2125,#2126,#2127,#2128,#2129),.UNSPECIFIED.,.F.,.U.,(3,2,2,3),(0.0,0.015625000000000,0.031250000000000,0.043682803942296),.UNSPECIFIED.);
#2131=EDGE_CURVE('',#2114,#2122,#2130,.T.);
#2132=ORIENTED_EDGE('',*,*,#2131,.T.);
#2133=CARTESIAN_POINT('',(68.742560635213309,46.951713486270442,-8.0));
#2134=CARTESIAN_POINT('',(68.879444797726791,46.951551354214992,-8.0));
#2135=CARTESIAN_POINT('',(69.024747529254498,46.961402503193597,-8.0));
#2136=CARTESIAN_POINT('',(69.486794459064498,46.992728088699209,-8.0));
#2137=CARTESIAN_POINT('',(69.933677432627022,47.121566559354399,-8.0));
#2138=CARTESIAN_POINT('',(70.835800175202024,47.381652804239003,-8.0));
#2139=CARTESIAN_POINT('',(71.547778166120011,47.994351364556998,-8.0));
#2140=CARTESIAN_POINT('',(72.259195440158990,48.606567395317612,-8.0));
#2141=CARTESIAN_POINT('',(72.651042227909997,49.460599264475412,-8.0));
#2142=CARTESIAN_POINT('',(73.042446429288475,50.313666514605600,-8.0));
#2143=CARTESIAN_POINT('',(73.042562517800008,51.253302908879213,-8.0));
#2144=CARTESIAN_POINT('',(73.042678475043999,52.191876805431981,-8.0));
#2145=CARTESIAN_POINT('',(72.651042227677493,53.046006553232203,-8.0));
#2146=CARTESIAN_POINT('',(72.259849317214019,53.899169415970633,-8.0));
#2147=CARTESIAN_POINT('',(71.547778165696513,54.512254453007600,-8.0));
#2148=CARTESIAN_POINT('',(70.836755029303006,55.124437161127787,-8.0));
#2149=CARTESIAN_POINT('',(69.933677432090505,55.385039258000191,-8.0));
#2150=CARTESIAN_POINT('',(69.487835689848978,55.513696300606611,-8.0));
#2151=CARTESIAN_POINT('',(69.024747528697503,55.545203314042993,-8.0));
#2152=CARTESIAN_POINT('',(68.879819799900901,55.555063725691561,-8.0));
#2153=CARTESIAN_POINT('',(68.742560451117015,55.554884350394254,-8.0));
#2154=B_SPLINE_CURVE_WITH_KNOTS('',2,(#2133,#2134,#2135,#2136,#2137,#2138,#2139,#2140,#2141,#2142,#2143,#2144,#2145,#2146,#2147,#2148,#2149,#2150,#2151,#2152,#2153),.UNSPECIFIED.,.F.,.U.,(3,2,2,2,2,2,2,2,2,2,3),(0.043682803942296,0.062500000000000,0.125000000000000,0.250000000000000,0.375000000000000,0.500000000000000,0.625000000000000,0.750000000000000,0.875000000000000,0.937500000000000,0.956352550089256),.UNSPECIFIED.);
#2155=EDGE_CURVE('',#2122,#2014,#2154,.T.);
#2156=ORIENTED_EDGE('',*,*,#2155,.T.);
#2157=EDGE_LOOP('',(#2026,#2034,#2112,#2120,#2132,#2156));
#2158=FACE_BOUND('',#2157,.T.);
#2159=CARTESIAN_POINT('',(-57.099999429585701,5.906174E-011,-8.0));
#2160=VERTEX_POINT('',#2159);
#2161=CARTESIAN_POINT('',(-52.900000000000013,2.279919E-013,-8.0));
#2162=VERTEX_POINT('',#2161);
#2163=CARTESIAN_POINT('',(-57.099998573964143,1.473127E-010,-8.0));
#2164=CARTESIAN_POINT('',(-57.099997204481788,-0.013277082383134,-8.0));
#2165=CARTESIAN_POINT('',(-57.099850263238750,-0.026602367349693,-8.0));
#2166=CARTESIAN_POINT('',(-57.097621323390449,-0.228732538831294,-8.0));
#2167=CARTESIAN_POINT('',(-57.061557765030699,-0.419000945399303,-8.0));
#2168=CARTESIAN_POINT('',(-56.990063668480353,-0.796197995505996,-8.0));
#2169=CARTESIAN_POINT('',(-56.782425153708900,-1.118592084144596,-8.0));
#2170=CARTESIAN_POINT('',(-56.679037437370049,-1.279119087635186,-8.0));
#2171=CARTESIAN_POINT('',(-56.540375495597949,-1.427566421124696,-8.0));
#2172=CARTESIAN_POINT('',(-56.403042109153503,-1.574591442959905,-8.0));
#2173=CARTESIAN_POINT('',(-56.245890817259451,-1.693400305522994,-8.0));
#2174=CARTESIAN_POINT('',(-55.935948243387237,-1.927721794184295,-8.0));
#2175=CARTESIAN_POINT('',(-55.568395542645248,-2.027261913190206,-8.0));
#2176=CARTESIAN_POINT('',(-55.386046877642897,-2.076645328896995,-8.0));
#2177=CARTESIAN_POINT('',(-55.185670098885602,-2.092654505284897,-8.0));
#2178=CARTESIAN_POINT('',(-54.986999093679650,-2.108527398267987,-8.0));
#2179=CARTESIAN_POINT('',(-54.788000569781452,-2.090404057431994,-8.0));
#2180=CARTESIAN_POINT('',(-54.394797163869747,-2.054593945861396,-8.0));
#2181=CARTESIAN_POINT('',(-54.057202474098553,-1.883384436661501,-8.0));
#2182=CARTESIAN_POINT('',(-53.889194456063798,-1.798179985344900,-8.0));
#2183=CARTESIAN_POINT('',(-53.733323350778598,-1.677487877087103,-8.0));
#2184=CARTESIAN_POINT('',(-53.577867003593397,-1.557116918983595,-8.0));
#2185=CARTESIAN_POINT('',(-53.441560970788949,-1.408055350990395,-8.0));
#2186=CARTESIAN_POINT('',(-53.305181731038502,-1.258913725336194,-8.0));
#2187=CARTESIAN_POINT('',(-53.203951692887649,-1.096998849949696,-8.0));
#2188=CARTESIAN_POINT('',(-53.104702433773753,-0.938252180332888,-8.0));
#2189=CARTESIAN_POINT('',(-53.034961743835701,-0.759646192731292,-8.0));
#2190=CARTESIAN_POINT('',(-52.963443934460749,-0.576489000196093,-8.0));
#2191=CARTESIAN_POINT('',(-52.934187416106852,-0.393569801369606,-8.0));
#2192=CARTESIAN_POINT('',(-52.920671793774702,-0.309066690687601,-8.0));
#2193=CARTESIAN_POINT('',(-52.912052494568051,-0.198843691668491,-8.0));
#2194=CARTESIAN_POINT('',(-52.906933794334563,-0.133386108948197,-8.0));
#2195=CARTESIAN_POINT('',(-52.899999999999999,0.0,-8.0));
#2196=B_SPLINE_CURVE_WITH_KNOTS('',2,(#2163,#2164,#2165,#2166,#2167,#2168,#2169,#2170,#2171,#2172,#2173,#2174,#2175,#2176,#2177,#2178,#2179,#2180,#2181,#2182,#2183,#2184,#2185,#2186,#2187,#2188,#2189,#2190,#2191,#2192,#2193,#2194,#2195),.UNSPECIFIED.,.F.,.U.,(3,2,2,2,2,2,2,2,2,2,2,2,2,2,2,2,3),(0.466697524700564,0.468750000000000,0.500000000000000,0.562500000000000,0.593750000000000,0.625000000000000,0.687500000000000,0.718750000000000,0.750000000000000,0.812500000000000,0.843750000000000,0.875000000000000,0.906250000000000,0.937500000000000,0.968750000000000,0.984375000000000,1.0),.UNSPECIFIED.);
#2197=EDGE_CURVE('',#2160,#2162,#2196,.T.);
#2198=ORIENTED_EDGE('',*,*,#2197,.T.);
#2199=CARTESIAN_POINT('',(-53.056810960801698,0.804895254290909,-8.0));
#2200=VERTEX_POINT('',#2199);
#2201=CARTESIAN_POINT('',(-52.899999999999999,0.0,-8.0));
#2202=CARTESIAN_POINT('',(-53.059852981726252,0.803635207966905,-8.0));
#2203=QUASI_UNIFORM_CURVE('',1,(#2201,#2202),.UNSPECIFIED.,.F.,.U.);
#2204=EDGE_CURVE('',#2162,#2200,#2203,.T.);
#2205=ORIENTED_EDGE('',*,*,#2204,.T.);
#2206=CARTESIAN_POINT('',(-53.053768939877052,0.806155300614897,-8.0));
#2207=CARTESIAN_POINT('',(-53.108313200843149,0.918689767713005,-8.0));
#2208=CARTESIAN_POINT('',(-53.137581405553902,0.974825921622610,-8.0));
#2209=CARTESIAN_POINT('',(-53.185863072863853,1.067429726123212,-8.0));
#2210=CARTESIAN_POINT('',(-53.232015655234093,1.139914385806906,-8.0));
#2211=CARTESIAN_POINT('',(-53.330235341874399,1.294172721846496,-8.0));
#2212=CARTESIAN_POINT('',(-53.477656000524512,1.446980898362413,-8.0));
#2213=CARTESIAN_POINT('',(-53.765664969403893,1.745515213414900,-8.0));
#2214=CARTESIAN_POINT('',(-54.102245562668713,1.905548810290397,-8.0));
#2215=CARTESIAN_POINT('',(-54.442671823282453,2.067410902303613,-8.0));
#2216=CARTESIAN_POINT('',(-54.840723588129812,2.094605917764808,-8.0));
#2217=CARTESIAN_POINT('',(-55.040114076733900,2.108228335498605,-8.0));
#2218=CARTESIAN_POINT('',(-55.238251246533054,2.087852340825092,-8.0));
#2219=CARTESIAN_POINT('',(-55.435383389762748,2.067579700893399,-8.0));
#2220=CARTESIAN_POINT('',(-55.617024423695348,2.013432031864312,-8.0));
#2221=CARTESIAN_POINT('',(-55.979794198848950,1.905289409608213,-8.0));
#2222=CARTESIAN_POINT('',(-56.287349662139199,1.661286491375799,-8.0));
#2223=CARTESIAN_POINT('',(-56.441975932939492,1.538611833260303,-8.0));
#2224=CARTESIAN_POINT('',(-56.576190773326203,1.388359680146306,-8.0));
#2225=CARTESIAN_POINT('',(-56.710287241529549,1.238240043491407,-8.0));
#2226=CARTESIAN_POINT('',(-56.809549168552749,1.075298910933609,-8.0));
#2227=CARTESIAN_POINT('',(-57.007821824139249,0.749828994870597,-8.0));
#2228=CARTESIAN_POINT('',(-57.070578854281713,0.367992254458799,-8.0));
#2229=CARTESIAN_POINT('',(-57.100018055560270,0.188873379155019,-8.0));
#2230=CARTESIAN_POINT('',(-57.099998573964143,1.473127E-010,-8.0));
#2231=B_SPLINE_CURVE_WITH_KNOTS('',2,(#2206,#2207,#2208,#2209,#2210,#2211,#2212,#2213,#2214,#2215,#2216,#2217,#2218,#2219,#2220,#2221,#2222,#2223,#2224,#2225,#2226,#2227,#2228,#2229,#2230),.UNSPECIFIED.,.F.,.U.,(3,2,2,2,2,2,2,2,2,2,2,2,3),(0.0,0.015625000000000,0.031250000000000,0.062500000000000,0.125000000000000,0.187500000000000,0.218750000000000,0.250000000000000,0.312500000000000,0.343750000000000,0.375000000000000,0.437500000000000,0.466697524700564),.UNSPECIFIED.);
#2232=EDGE_CURVE('',#2200,#2160,#2231,.T.);
#2233=ORIENTED_EDGE('',*,*,#2232,.T.);
#2234=EDGE_LOOP('',(#2198,#2205,#2233));
#2235=FACE_BOUND('',#2234,.T.);
#2236=CARTESIAN_POINT('',(-49.731396637685499,-27.499999999941149,-8.0));
#2237=VERTEX_POINT('',#2236);
#2238=CARTESIAN_POINT('',(-45.531397208099797,-27.500000000000000,-8.0));
#2239=VERTEX_POINT('',#2238);
#2240=CARTESIAN_POINT('',(-49.731395782064091,-27.499999999852900,-8.0));
#2241=CARTESIAN_POINT('',(-49.731394412581672,-27.513277082383350,-8.0));
#2242=CARTESIAN_POINT('',(-49.731247471338548,-27.526602367349899,-8.0));
#2243=CARTESIAN_POINT('',(-49.729018531488897,-27.728732538836091,-8.0));
#2244=CARTESIAN_POINT('',(-49.692954973130497,-27.919000945399500,-8.0));
#2245=CARTESIAN_POINT('',(-49.621460876580443,-28.296197995509591,-8.0));
#2246=CARTESIAN_POINT('',(-49.413822361808649,-28.618592084144840,-8.0));
#2247=CARTESIAN_POINT('',(-49.310434645457192,-28.779119087653040,-8.0));
#2248=CARTESIAN_POINT('',(-49.171772703697748,-28.927566421124890,-8.0));
#2249=CARTESIAN_POINT('',(-49.034439317238451,-29.074591442972000,-8.0));
#2250=CARTESIAN_POINT('',(-48.877288025359249,-29.193400305523241,-8.0));
#2251=CARTESIAN_POINT('',(-48.567345451480648,-29.427721794188098,-8.0));
#2252=CARTESIAN_POINT('',(-48.199792750745047,-29.527261913190451,-8.0));
#2253=CARTESIAN_POINT('',(-48.017444085728663,-29.576645328900149,-8.0));
#2254=CARTESIAN_POINT('',(-47.817067306985336,-29.592654505285150,-8.0));
#2255=CARTESIAN_POINT('',(-47.618396301767653,-29.608527398267402,-8.0));
#2256=CARTESIAN_POINT('',(-47.419397777881201,-29.590404057432298,-8.0));
#2257=CARTESIAN_POINT('',(-47.026194371962198,-29.554593945860500,-8.0));
#2258=CARTESIAN_POINT('',(-46.688599682198301,-29.383384436661750,-8.0));
#2259=CARTESIAN_POINT('',(-46.520591664154992,-29.298179985339491,-8.0));
#2260=CARTESIAN_POINT('',(-46.364720558878403,-29.177487877087390,-8.0));
#2261=CARTESIAN_POINT('',(-46.209264211681287,-29.057116918973701,-8.0));
#2262=CARTESIAN_POINT('',(-46.072958178888697,-28.908055350990640,-8.0));
#2263=CARTESIAN_POINT('',(-45.936578939155993,-28.758913725353001,-8.0));
#2264=CARTESIAN_POINT('',(-45.835348900987398,-28.596998849949951,-8.0));
#2265=CARTESIAN_POINT('',(-45.736099641891698,-28.438252180373940,-8.0));
#2266=CARTESIAN_POINT('',(-45.666358951935500,-28.259646192731552,-8.0));
#2267=CARTESIAN_POINT('',(-45.594841142560803,-28.076489000202940,-8.0));
#2268=CARTESIAN_POINT('',(-45.565584624206600,-27.893569801369800,-8.0));
#2269=CARTESIAN_POINT('',(-45.552069001873797,-27.809066690681099,-8.0));
#2270=CARTESIAN_POINT('',(-45.543449702667800,-27.698843691668799,-8.0));
#2271=CARTESIAN_POINT('',(-45.538331002439293,-27.633386109010502,-8.0));
#2272=CARTESIAN_POINT('',(-45.531397208099698,-27.500000000000000,-8.0));
#2273=B_SPLINE_CURVE_WITH_KNOTS('',2,(#2240,#2241,#2242,#2243,#2244,#2245,#2246,#2247,#2248,#2249,#2250,#2251,#2252,#2253,#2254,#2255,#2256,#2257,#2258,#2259,#2260,#2261,#2262,#2263,#2264,#2265,#2266,#2267,#2268,#2269,#2270,#2271,#2272),.UNSPECIFIED.,.F.,.U.,(3,2,2,2,2,2,2,2,2,2,2,2,2,2,2,2,3),(0.466697524700552,0.468750000000000,0.500000000000000,0.562500000000000,0.593750000000000,0.625000000000000,0.687500000000000,0.718750000000000,0.750000000000000,0.812500000000000,0.843750000000000,0.875000000000000,0.906250000000000,0.937500000000000,0.968750000000000,0.984375000000000,1.0),.UNSPECIFIED.);
#2274=EDGE_CURVE('',#2237,#2239,#2273,.T.);
#2275=ORIENTED_EDGE('',*,*,#2274,.T.);
#2276=CARTESIAN_POINT('',(-45.688208168901397,-26.695104745709301,-8.0));
#2277=VERTEX_POINT('',#2276);
#2278=CARTESIAN_POINT('',(-45.531397208099698,-27.500000000000000,-8.0));
#2279=CARTESIAN_POINT('',(-45.691250189826000,-26.696364792033300,-8.0));
#2280=QUASI_UNIFORM_CURVE('',1,(#2278,#2279),.UNSPECIFIED.,.F.,.U.);
#2281=EDGE_CURVE('',#2239,#2277,#2280,.T.);
#2282=ORIENTED_EDGE('',*,*,#2281,.T.);
#2283=CARTESIAN_POINT('',(-45.685166147976801,-26.693844699385298,-8.0));
#2284=CARTESIAN_POINT('',(-45.739710408963887,-26.581310232248089,-8.0));
#2285=CARTESIAN_POINT('',(-45.768978613653701,-26.525174078377599,-8.0));
#2286=CARTESIAN_POINT('',(-45.817260280965193,-26.432570273871800,-8.0));
#2287=CARTESIAN_POINT('',(-45.863412863333899,-26.360085614193292,-8.0));
#2288=CARTESIAN_POINT('',(-45.961632549984500,-26.205827278143101,-8.0));
#2289=CARTESIAN_POINT('',(-46.109053208624204,-26.053019101637791,-8.0));
#2290=CARTESIAN_POINT('',(-46.397062177496593,-25.754484786592499,-8.0));
#2291=CARTESIAN_POINT('',(-46.733642770768498,-25.594451189709790,-8.0));
#2292=CARTESIAN_POINT('',(-47.074069031385193,-25.432589097691402,-8.0));
#2293=CARTESIAN_POINT('',(-47.472120796229603,-25.405394082235389,-8.0));
#2294=CARTESIAN_POINT('',(-47.671511284811437,-25.391771664505690,-8.0));
#2295=CARTESIAN_POINT('',(-47.869648454632852,-25.412147659175101,-8.0));
#2296=CARTESIAN_POINT('',(-48.066780597845593,-25.432420299098791,-8.0));
#2297=CARTESIAN_POINT('',(-48.248421631795154,-25.486567968136001,-8.0));
#2298=CARTESIAN_POINT('',(-48.611191406945849,-25.594710590397298,-8.0));
#2299=CARTESIAN_POINT('',(-48.918746870238948,-25.838713508624391,-8.0));
#2300=CARTESIAN_POINT('',(-49.073373141030999,-25.961388166729499,-8.0));
#2301=CARTESIAN_POINT('',(-49.207587981425952,-26.111640319854001,-8.0));
#2302=CARTESIAN_POINT('',(-49.341684449638500,-26.261759956520301,-8.0));
#2303=CARTESIAN_POINT('',(-49.440946376652498,-26.424701089066598,-8.0));
#2304=CARTESIAN_POINT('',(-49.639219032237797,-26.750171005135002,-8.0));
#2305=CARTESIAN_POINT('',(-49.701976062381497,-27.132007745541401,-8.0));
#2306=CARTESIAN_POINT('',(-49.731415263661219,-27.311126620846320,-8.0));
#2307=CARTESIAN_POINT('',(-49.731395782064091,-27.499999999852900,-8.0));
#2308=B_SPLINE_CURVE_WITH_KNOTS('',2,(#2283,#2284,#2285,#2286,#2287,#2288,#2289,#2290,#2291,#2292,#2293,#2294,#2295,#2296,#2297,#2298,#2299,#2300,#2301,#2302,#2303,#2304,#2305,#2306,#2307),.UNSPECIFIED.,.F.,.U.,(3,2,2,2,2,2,2,2,2,2,2,2,3),(0.0,0.015625000000000,0.031250000000000,0.062500000000000,0.125000000000000,0.187500000000000,0.218750000000000,0.250000000000000,0.312500000000000,0.343750000000000,0.375000000000000,0.437500000000000,0.466697524700552),.UNSPECIFIED.);
#2309=EDGE_CURVE('',#2277,#2237,#2308,.T.);
#2310=ORIENTED_EDGE('',*,*,#2309,.T.);
#2311=EDGE_LOOP('',(#2275,#2282,#2310));
#2312=FACE_BOUND('',#2311,.T.);
#2313=CARTESIAN_POINT('',(-29.599999429585900,-47.631397208040902,-8.0));
#2314=VERTEX_POINT('',#2313);
#2315=CARTESIAN_POINT('',(-25.399999999999999,-47.631397208099798,-8.0));
#2316=VERTEX_POINT('',#2315);
#2317=CARTESIAN_POINT('',(-29.599998573964701,-47.631397207952652,-8.0));
#2318=CARTESIAN_POINT('',(-29.599997204482062,-47.644674290483138,-8.0));
#2319=CARTESIAN_POINT('',(-29.599850263238690,-47.657999575449637,-8.0));
#2320=CARTESIAN_POINT('',(-29.597621323385201,-47.860129746943052,-8.0));
#2321=CARTESIAN_POINT('',(-29.561557765030699,-48.050398153499302,-8.0));
#2322=CARTESIAN_POINT('',(-29.490063668487402,-48.427595203600347,-8.0));
#2323=CARTESIAN_POINT('',(-29.282425153708910,-48.749989292244599,-8.0));
#2324=CARTESIAN_POINT('',(-29.179037437359209,-48.910516295749353,-8.0));
#2325=CARTESIAN_POINT('',(-29.040375495597988,-49.058963629224642,-8.0));
#2326=CARTESIAN_POINT('',(-28.903042109151500,-49.205988651059492,-8.0));
#2327=CARTESIAN_POINT('',(-28.745890817259511,-49.324797513623047,-8.0));
#2328=CARTESIAN_POINT('',(-28.435948243395000,-49.559119002282202,-8.0));
#2329=CARTESIAN_POINT('',(-28.068395542645298,-49.658659121290192,-8.0));
#2330=CARTESIAN_POINT('',(-27.886046877626399,-49.708042537001489,-8.0));
#2331=CARTESIAN_POINT('',(-27.685670098885598,-49.724051713384952,-8.0));
#2332=CARTESIAN_POINT('',(-27.486999093650390,-49.739924606367197,-8.0));
#2333=CARTESIAN_POINT('',(-27.288000569781399,-49.721801265532051,-8.0));
#2334=CARTESIAN_POINT('',(-26.894797163873200,-49.685991153958000,-8.0));
#2335=CARTESIAN_POINT('',(-26.557202474098499,-49.514781644761491,-8.0));
#2336=CARTESIAN_POINT('',(-26.389194456062210,-49.429577193446598,-8.0));
#2337=CARTESIAN_POINT('',(-26.233323350778591,-49.308885085187143,-8.0));
#2338=CARTESIAN_POINT('',(-26.077867003600900,-49.188514127086499,-8.0));
#2339=CARTESIAN_POINT('',(-25.941560970788899,-49.039452559090400,-8.0));
#2340=CARTESIAN_POINT('',(-25.805181731064501,-48.890310933469998,-8.0));
#2341=CARTESIAN_POINT('',(-25.703951692887610,-48.728396058049697,-8.0));
#2342=CARTESIAN_POINT('',(-25.604702433783601,-48.569649388456398,-8.0));
#2343=CARTESIAN_POINT('',(-25.534961743835709,-48.391043400831293,-8.0));
#2344=CARTESIAN_POINT('',(-25.463443934464610,-48.207886208307848,-8.0));
#2345=CARTESIAN_POINT('',(-25.434187416106798,-48.024967009469592,-8.0));
#2346=CARTESIAN_POINT('',(-25.420671793775512,-47.940463898798193,-8.0));
#2347=CARTESIAN_POINT('',(-25.412052494568002,-47.830240899768548,-8.0));
#2348=CARTESIAN_POINT('',(-25.406933794339309,-47.764783317108353,-8.0));
#2349=CARTESIAN_POINT('',(-25.399999999999991,-47.631397208099742,-8.0));
#2350=B_SPLINE_CURVE_WITH_KNOTS('',2,(#2317,#2318,#2319,#2320,#2321,#2322,#2323,#2324,#2325,#2326,#2327,#2328,#2329,#2330,#2331,#2332,#2333,#2334,#2335,#2336,#2337,#2338,#2339,#2340,#2341,#2342,#2343,#2344,#2345,#2346,#2347,#2348,#2349),.UNSPECIFIED.,.F.,.U.,(3,2,2,2,2,2,2,2,2,2,2,2,2,2,2,2,3),(0.466697524700469,0.468750000000000,0.500000000000000,0.562500000000000,0.593750000000000,0.625000000000000,0.687500000000000,0.718750000000000,0.750000000000000,0.812500000000000,0.843750000000000,0.875000000000000,0.906250000000000,0.937500000000000,0.968750000000000,0.984375000000000,1.0),.UNSPECIFIED.);
#2351=EDGE_CURVE('',#2314,#2316,#2350,.T.);
#2352=ORIENTED_EDGE('',*,*,#2351,.T.);
#2353=CARTESIAN_POINT('',(-25.556810960801698,-46.826501953809100,-8.0));
#2354=VERTEX_POINT('',#2353);
#2355=CARTESIAN_POINT('',(-25.399999999999991,-47.631397208099742,-8.0));
#2356=CARTESIAN_POINT('',(-25.559852981726291,-46.827762000133042,-8.0));
#2357=QUASI_UNIFORM_CURVE('',1,(#2355,#2356),.UNSPECIFIED.,.F.,.U.);
#2358=EDGE_CURVE('',#2316,#2354,#2357,.T.);
#2359=ORIENTED_EDGE('',*,*,#2358,.T.);
#2360=CARTESIAN_POINT('',(-25.553768939876999,-46.825241907485051,-8.0));
#2361=CARTESIAN_POINT('',(-25.608313200837600,-46.712707440398553,-8.0));
#2362=CARTESIAN_POINT('',(-25.637581405553892,-46.656571286477387,-8.0));
#2363=CARTESIAN_POINT('',(-25.685863072870390,-46.563967481962649,-8.0));
#2364=CARTESIAN_POINT('',(-25.732015655234100,-46.491482822293037,-8.0));
#2365=CARTESIAN_POINT('',(-25.830235341894699,-46.337224486229687,-8.0));
#2366=CARTESIAN_POINT('',(-25.977656000524501,-46.184416309737593,-8.0));
#2367=CARTESIAN_POINT('',(-26.265664969409091,-45.885881994685093,-8.0));
#2368=CARTESIAN_POINT('',(-26.602245562668699,-45.725848397809592,-8.0));
#2369=CARTESIAN_POINT('',(-26.942671823301499,-45.563986305784837,-8.0));
#2370=CARTESIAN_POINT('',(-27.340723588129809,-45.536791290335202,-8.0));
#2371=CARTESIAN_POINT('',(-27.540114076725509,-45.523168872607137,-8.0));
#2372=CARTESIAN_POINT('',(-27.738251246533100,-45.543544867274903,-8.0));
#2373=CARTESIAN_POINT('',(-27.935383389735410,-45.563817507197250,-8.0));
#2374=CARTESIAN_POINT('',(-28.117024423695401,-45.617965176235742,-8.0));
#2375=CARTESIAN_POINT('',(-28.479794198864209,-45.726107798498951,-8.0));
#2376=CARTESIAN_POINT('',(-28.787349662139199,-45.970110716724243,-8.0));
#2377=CARTESIAN_POINT('',(-28.941975932943802,-46.092785374845597,-8.0));
#2378=CARTESIAN_POINT('',(-29.076190773326200,-46.243037527953753,-8.0));
#2379=CARTESIAN_POINT('',(-29.210287241522600,-46.393157164599749,-8.0));
#2380=CARTESIAN_POINT('',(-29.309549168552689,-46.556098297166344,-8.0));
#2381=CARTESIAN_POINT('',(-29.507821824128889,-46.881568213207487,-8.0));
#2382=CARTESIAN_POINT('',(-29.570578854281699,-47.263404953641192,-8.0));
#2383=CARTESIAN_POINT('',(-29.600018055564782,-47.442523828953682,-8.0));
#2384=CARTESIAN_POINT('',(-29.599998573964701,-47.631397207952652,-8.0));
#2385=B_SPLINE_CURVE_WITH_KNOTS('',2,(#2360,#2361,#2362,#2363,#2364,#2365,#2366,#2367,#2368,#2369,#2370,#2371,#2372,#2373,#2374,#2375,#2376,#2377,#2378,#2379,#2380,#2381,#2382,#2383,#2384),.UNSPECIFIED.,.F.,.U.,(3,2,2,2,2,2,2,2,2,2,2,2,3),(0.0,0.015625000000000,0.031250000000000,0.062500000000000,0.125000000000000,0.187500000000000,0.218750000000000,0.250000000000000,0.312500000000000,0.343750000000000,0.375000000000000,0.437500000000000,0.466697524700469),.UNSPECIFIED.);
#2386=EDGE_CURVE('',#2354,#2314,#2385,.T.);
#2387=ORIENTED_EDGE('',*,*,#2386,.T.);
#2388=EDGE_LOOP('',(#2352,#2359,#2387));
#2389=FACE_BOUND('',#2388,.T.);
#2390=CARTESIAN_POINT('',(-2.099999429585635,-54.999999999941203,-8.0));
#2391=VERTEX_POINT('',#2390);
#2392=CARTESIAN_POINT('',(2.100000000000000,-55.0,-8.0));
#2393=VERTEX_POINT('',#2392);
#2394=CARTESIAN_POINT('',(-2.099998573964077,-54.999999999852882,-8.0));
#2395=CARTESIAN_POINT('',(-2.099997204481729,-55.013277082383361,-8.0));
#2396=CARTESIAN_POINT('',(-2.099850263238695,-55.026602367349902,-8.0));
#2397=CARTESIAN_POINT('',(-2.097621323390295,-55.228732538845541,-8.0));
#2398=CARTESIAN_POINT('',(-2.061557765030697,-55.419000945399489,-8.0));
#2399=CARTESIAN_POINT('',(-1.990063668471209,-55.796197995527848,-8.0));
#2400=CARTESIAN_POINT('',(-1.782425153708897,-56.118592084144787,-8.0));
#2401=CARTESIAN_POINT('',(-1.679037437359587,-56.279119087647793,-8.0));
#2402=CARTESIAN_POINT('',(-1.540375495597893,-56.427566421124887,-8.0));
#2403=CARTESIAN_POINT('',(-1.403042109141397,-56.574591442971752,-8.0));
#2404=CARTESIAN_POINT('',(-1.245890817259510,-56.693400305523248,-8.0));
#2405=CARTESIAN_POINT('',(-0.935948243376908,-56.927721794187292,-8.0));
#2406=CARTESIAN_POINT('',(-0.568395542645192,-57.027261913190451,-8.0));
#2407=CARTESIAN_POINT('',(-0.386046877640697,-57.076645328897790,-8.0));
#2408=CARTESIAN_POINT('',(-0.185670098885593,-57.092654505285147,-8.0));
#2409=CARTESIAN_POINT('',(0.013000906346303,-57.108527398269892,-8.0));
#2410=CARTESIAN_POINT('',(0.211999430218490,-57.090404057432252,-8.0));
#2411=CARTESIAN_POINT('',(0.605202836143390,-57.054593945852403,-8.0));
#2412=CARTESIAN_POINT('',(0.942797525901498,-56.883384436661700,-8.0));
#2413=CARTESIAN_POINT('',(1.110805543937804,-56.798179985345499,-8.0));
#2414=CARTESIAN_POINT('',(1.266676649221407,-56.677487877087337,-8.0));
#2415=CARTESIAN_POINT('',(1.422132996437994,-56.557116918957853,-8.0));
#2416=CARTESIAN_POINT('',(1.558439029210990,-56.408055350990587,-8.0));
#2417=CARTESIAN_POINT('',(1.694818268957801,-56.258913725331993,-8.0));
#2418=CARTESIAN_POINT('',(1.796048307112399,-56.096998849949948,-8.0));
#2419=CARTESIAN_POINT('',(1.895297566207002,-55.938252180374192,-8.0));
#2420=CARTESIAN_POINT('',(1.965038256164300,-55.759646192731552,-8.0));
#2421=CARTESIAN_POINT('',(2.036556065541095,-55.576489000200297,-8.0));
#2422=CARTESIAN_POINT('',(2.065812583893198,-55.393569801369850,-8.0));
#2423=CARTESIAN_POINT('',(2.079328206226610,-55.309066690672552,-8.0));
#2424=CARTESIAN_POINT('',(2.087947505432009,-55.198843691668749,-8.0));
#2425=CARTESIAN_POINT('',(2.093066205660604,-55.133386109009002,-8.0));
#2426=CARTESIAN_POINT('',(2.100000000000005,-54.999999999999993,-8.0));
#2427=B_SPLINE_CURVE_WITH_KNOTS('',2,(#2394,#2395,#2396,#2397,#2398,#2399,#2400,#2401,#2402,#2403,#2404,#2405,#2406,#2407,#2408,#2409,#2410,#2411,#2412,#2413,#2414,#2415,#2416,#2417,#2418,#2419,#2420,#2421,#2422,#2423,#2424,#2425,#2426),.UNSPECIFIED.,.F.,.U.,(3,2,2,2,2,2,2,2,2,2,2,2,2,2,2,2,3),(0.466697524700497,0.468750000000000,0.500000000000000,0.562500000000000,0.593750000000000,0.625000000000000,0.687500000000000,0.718750000000000,0.750000000000000,0.812500000000000,0.843750000000000,0.875000000000000,0.906250000000000,0.937500000000000,0.968750000000000,0.984375000000000,1.0),.UNSPECIFIED.);
#2428=EDGE_CURVE('',#2391,#2393,#2427,.T.);
#2429=ORIENTED_EDGE('',*,*,#2428,.T.);
#2430=CARTESIAN_POINT('',(1.943189039198305,-54.195104745709301,-8.0));
#2431=VERTEX_POINT('',#2430);
#2432=CARTESIAN_POINT('',(2.100000000000005,-54.999999999999993,-8.0));
#2433=CARTESIAN_POINT('',(1.940147018273705,-54.196364792033300,-8.0));
#2434=QUASI_UNIFORM_CURVE('',1,(#2432,#2433),.UNSPECIFIED.,.F.,.U.);
#2435=EDGE_CURVE('',#2393,#2431,#2434,.T.);
#2436=ORIENTED_EDGE('',*,*,#2435,.T.);
#2437=CARTESIAN_POINT('',(1.946231060123010,-54.193844699385302,-8.0));
#2438=CARTESIAN_POINT('',(1.891686799212811,-54.081310232394898,-8.0));
#2439=CARTESIAN_POINT('',(1.862418594446108,-54.025174078377653,-8.0));
#2440=CARTESIAN_POINT('',(1.814136927138998,-53.932570273881751,-8.0));
#2441=CARTESIAN_POINT('',(1.767984344765897,-53.860085614193302,-8.0));
#2442=CARTESIAN_POINT('',(1.669764658124004,-53.705827278150693,-8.0));
#2443=CARTESIAN_POINT('',(1.522343999475498,-53.553019101637837,-8.0));
#2444=CARTESIAN_POINT('',(1.234335030587008,-53.254484786578743,-8.0));
#2445=CARTESIAN_POINT('',(0.897754437331311,-53.094451189709837,-8.0));
#2446=CARTESIAN_POINT('',(0.557328176699998,-52.932589097690602,-8.0));
#2447=CARTESIAN_POINT('',(0.159276411870205,-52.905394082235397,-8.0));
#2448=CARTESIAN_POINT('',(-0.040114076703707,-52.891771664506152,-8.0));
#2449=CARTESIAN_POINT('',(-0.238251246533011,-52.912147659175147,-8.0));
#2450=CARTESIAN_POINT('',(-0.435383389736699,-52.932420299096599,-8.0));
#2451=CARTESIAN_POINT('',(-0.617024423695392,-52.986567968136001,-8.0));
#2452=CARTESIAN_POINT('',(-0.979794198856201,-53.094710590399302,-8.0));
#2453=CARTESIAN_POINT('',(-1.287349662139198,-53.338713508624437,-8.0));
#2454=CARTESIAN_POINT('',(-1.441975932932799,-53.461388166733897,-8.0));
#2455=CARTESIAN_POINT('',(-1.576190773326200,-53.611640319853947,-8.0));
#2456=CARTESIAN_POINT('',(-1.710287241511607,-53.761759956487403,-8.0));
#2457=CARTESIAN_POINT('',(-1.809549168552693,-53.924701089066602,-8.0));
#2458=CARTESIAN_POINT('',(-2.007821824139097,-54.250171005113700,-8.0));
#2459=CARTESIAN_POINT('',(-2.070578854281691,-54.632007745541387,-8.0));
#2460=CARTESIAN_POINT('',(-2.100018055560065,-54.811126620851262,-8.0));
#2461=CARTESIAN_POINT('',(-2.099998573964077,-54.999999999852882,-8.0));
#2462=B_SPLINE_CURVE_WITH_KNOTS('',2,(#2437,#2438,#2439,#2440,#2441,#2442,#2443,#2444,#2445,#2446,#2447,#2448,#2449,#2450,#2451,#2452,#2453,#2454,#2455,#2456,#2457,#2458,#2459,#2460,#2461),.UNSPECIFIED.,.F.,.U.,(3,2,2,2,2,2,2,2,2,2,2,2,3),(0.0,0.015625000000000,0.031250000000000,0.062500000000000,0.125000000000000,0.187500000000000,0.218750000000000,0.250000000000000,0.312500000000000,0.343750000000000,0.375000000000000,0.437500000000000,0.466697524700497),.UNSPECIFIED.);
#2463=EDGE_CURVE('',#2431,#2391,#2462,.T.);
#2464=ORIENTED_EDGE('',*,*,#2463,.T.);
#2465=EDGE_LOOP('',(#2429,#2436,#2464));
#2466=FACE_BOUND('',#2465,.T.);
#2467=CARTESIAN_POINT('',(25.400000570414299,-47.631397208041200,-8.0));
#2468=VERTEX_POINT('',#2467);
#2469=CARTESIAN_POINT('',(29.600000000000001,-47.631397208100012,-8.0));
#2470=VERTEX_POINT('',#2469);
#2471=CARTESIAN_POINT('',(25.400001426035740,-47.631397207952887,-8.0));
#2472=CARTESIAN_POINT('',(25.400002795518169,-47.644674290483081,-8.0));
#2473=CARTESIAN_POINT('',(25.400149736761200,-47.657999575449892,-8.0));
#2474=CARTESIAN_POINT('',(25.402378676609992,-47.860129746971253,-8.0));
#2475=CARTESIAN_POINT('',(25.438442234969191,-48.050398153499550,-8.0));
#2476=CARTESIAN_POINT('',(25.509936331542210,-48.427595203651748,-8.0));
#2477=CARTESIAN_POINT('',(25.717574846291001,-48.749989292244848,-8.0));
#2478=CARTESIAN_POINT('',(25.820962562651609,-48.910516295763998,-8.0));
#2479=CARTESIAN_POINT('',(25.959624504402012,-49.058963629224891,-8.0));
#2480=CARTESIAN_POINT('',(26.096957890856999,-49.205988651066292,-8.0));
#2481=CARTESIAN_POINT('',(26.254109182740400,-49.324797513623302,-8.0));
#2482=CARTESIAN_POINT('',(26.564051756602201,-49.559119002280298,-8.0));
#2483=CARTESIAN_POINT('',(26.931604457354599,-49.658659121290441,-8.0));
#2484=CARTESIAN_POINT('',(27.113953122354399,-49.708042536997247,-8.0));
#2485=CARTESIAN_POINT('',(27.314329901114409,-49.724051713385187,-8.0));
#2486=CARTESIAN_POINT('',(27.513000906333790,-49.739924606369101,-8.0));
#2487=CARTESIAN_POINT('',(27.711999430218611,-49.721801265532299,-8.0));
#2488=CARTESIAN_POINT('',(28.105202836128012,-49.685991153957687,-8.0));
#2489=CARTESIAN_POINT('',(28.442797525901408,-49.514781644761747,-8.0));
#2490=CARTESIAN_POINT('',(28.610805543923199,-49.429577193454200,-8.0));
#2491=CARTESIAN_POINT('',(28.766676649221399,-49.308885085187399,-8.0));
#2492=CARTESIAN_POINT('',(28.922132996390602,-49.188514127097143,-8.0));
#2493=CARTESIAN_POINT('',(29.058439029211002,-49.039452559090648,-8.0));
#2494=CARTESIAN_POINT('',(29.194818268948602,-48.890310933454643,-8.0));
#2495=CARTESIAN_POINT('',(29.296048307112400,-48.728396058049952,-8.0));
#2496=CARTESIAN_POINT('',(29.395297566209400,-48.569649388462487,-8.0));
#2497=CARTESIAN_POINT('',(29.465038256164409,-48.391043400831542,-8.0));
#2498=CARTESIAN_POINT('',(29.536556065524600,-48.207886208347936,-8.0));
#2499=CARTESIAN_POINT('',(29.565812583893191,-48.024967009469840,-8.0));
#2500=CARTESIAN_POINT('',(29.579328206225401,-47.940463898805092,-8.0));
#2501=CARTESIAN_POINT('',(29.587947505432009,-47.830240899768739,-8.0));
#2502=CARTESIAN_POINT('',(29.593066205657411,-47.764783317140143,-8.0));
#2503=CARTESIAN_POINT('',(29.600000000000001,-47.631397208099997,-8.0));
#2504=B_SPLINE_CURVE_WITH_KNOTS('',2,(#2471,#2472,#2473,#2474,#2475,#2476,#2477,#2478,#2479,#2480,#2481,#2482,#2483,#2484,#2485,#2486,#2487,#2488,#2489,#2490,#2491,#2492,#2493,#2494,#2495,#2496,#2497,#2498,#2499,#2500,#2501,#2502,#2503),.UNSPECIFIED.,.F.,.U.,(3,2,2,2,2,2,2,2,2,2,2,2,2,2,2,2,3),(0.466697524701190,0.468750000000000,0.500000000000000,0.562500000000000,0.593750000000000,0.625000000000000,0.687500000000000,0.718750000000000,0.750000000000000,0.812500000000000,0.843750000000000,0.875000000000000,0.906250000000000,0.937500000000000,0.968750000000000,0.984375000000000,1.0),.UNSPECIFIED.);
#2505=EDGE_CURVE('',#2468,#2470,#2504,.T.);
#2506=ORIENTED_EDGE('',*,*,#2505,.T.);
#2507=CARTESIAN_POINT('',(29.443189039198352,-46.826501953809291,-8.0));
#2508=VERTEX_POINT('',#2507);
#2509=CARTESIAN_POINT('',(29.600000000000001,-47.631397208099997,-8.0));
#2510=CARTESIAN_POINT('',(29.440147018273610,-46.827762000133291,-8.0));
#2511=QUASI_UNIFORM_CURVE('',1,(#2509,#2510),.UNSPECIFIED.,.F.,.U.);
#2512=EDGE_CURVE('',#2470,#2508,#2511,.T.);
#2513=ORIENTED_EDGE('',*,*,#2512,.T.);
#2514=CARTESIAN_POINT('',(29.446231060123012,-46.825241907485299,-8.0));
#2515=CARTESIAN_POINT('',(29.391686799182999,-46.712707440439402,-8.0));
#2516=CARTESIAN_POINT('',(29.362418594446009,-46.656571286477643,-8.0));
#2517=CARTESIAN_POINT('',(29.314136927143601,-46.563967481987802,-8.0));
#2518=CARTESIAN_POINT('',(29.267984344765999,-46.491482822293300,-8.0));
#2519=CARTESIAN_POINT('',(29.169764658129800,-46.337224486262187,-8.0));
#2520=CARTESIAN_POINT('',(29.022343999475400,-46.184416309737799,-8.0));
#2521=CARTESIAN_POINT('',(28.734335030615000,-45.885881994696703,-8.0));
#2522=CARTESIAN_POINT('',(28.397754437331201,-45.725848397809798,-8.0));
#2523=CARTESIAN_POINT('',(28.057328176712598,-45.563986305791737,-8.0));
#2524=CARTESIAN_POINT('',(27.659276411870199,-45.536791290335401,-8.0));
#2525=CARTESIAN_POINT('',(27.459885923304590,-45.523168872606547,-8.0));
#2526=CARTESIAN_POINT('',(27.261748753467000,-45.543544867275102,-8.0));
#2527=CARTESIAN_POINT('',(27.064616610268409,-45.563817507194749,-8.0));
#2528=CARTESIAN_POINT('',(26.882975576304609,-45.617965176235948,-8.0));
#2529=CARTESIAN_POINT('',(26.520205801142009,-45.726107798500287,-8.0));
#2530=CARTESIAN_POINT('',(26.212650337860801,-45.970110716724449,-8.0));
#2531=CARTESIAN_POINT('',(26.058024067049001,-46.092785374848553,-8.0));
#2532=CARTESIAN_POINT('',(25.923809226673800,-46.243037527953952,-8.0));
#2533=CARTESIAN_POINT('',(25.789712758459000,-46.393157164625848,-8.0));
#2534=CARTESIAN_POINT('',(25.690450831447212,-46.556098297166592,-8.0));
#2535=CARTESIAN_POINT('',(25.492178175891400,-46.881568213182547,-8.0));
#2536=CARTESIAN_POINT('',(25.429421145718191,-47.263404953641398,-8.0));
#2537=CARTESIAN_POINT('',(25.399981944438490,-47.442523828887403,-8.0));
#2538=CARTESIAN_POINT('',(25.400001426035740,-47.631397207952887,-8.0));
#2539=B_SPLINE_CURVE_WITH_KNOTS('',2,(#2514,#2515,#2516,#2517,#2518,#2519,#2520,#2521,#2522,#2523,#2524,#2525,#2526,#2527,#2528,#2529,#2530,#2531,#2532,#2533,#2534,#2535,#2536,#2537,#2538),.UNSPECIFIED.,.F.,.U.,(3,2,2,2,2,2,2,2,2,2,2,2,3),(0.0,0.015625000000000,0.031250000000000,0.062500000000000,0.125000000000000,0.187500000000000,0.218750000000000,0.250000000000000,0.312500000000000,0.343750000000000,0.375000000000000,0.437500000000000,0.466697524701190),.UNSPECIFIED.);
#2540=EDGE_CURVE('',#2508,#2468,#2539,.T.);
#2541=ORIENTED_EDGE('',*,*,#2540,.T.);
#2542=EDGE_LOOP('',(#2506,#2513,#2541));
#2543=FACE_BOUND('',#2542,.T.);
#2544=CARTESIAN_POINT('',(45.531397778514098,-27.499999999941149,-8.0));
#2545=VERTEX_POINT('',#2544);
#2546=CARTESIAN_POINT('',(49.731397208099800,-27.500000000000000,-8.0));
#2547=VERTEX_POINT('',#2546);
#2548=CARTESIAN_POINT('',(45.531398634135613,-27.499999999852900,-8.0));
#2549=CARTESIAN_POINT('',(45.531400003617968,-27.513277082383269,-8.0));
#2550=CARTESIAN_POINT('',(45.531546944860999,-27.526602367349899,-8.0));
#2551=CARTESIAN_POINT('',(45.533775884709222,-27.728732538831601,-8.0));
#2552=CARTESIAN_POINT('',(45.569839443069000,-27.919000945399500,-8.0));
#2553=CARTESIAN_POINT('',(45.641333539621378,-28.296197995517190,-8.0));
#2554=CARTESIAN_POINT('',(45.848972054390977,-28.618592084144840,-8.0));
#2555=CARTESIAN_POINT('',(45.952359770732201,-28.779119087635291,-8.0));
#2556=CARTESIAN_POINT('',(46.091021712501821,-28.927566421124890,-8.0));
#2557=CARTESIAN_POINT('',(46.228355098939410,-29.074591442955601,-8.0));
#2558=CARTESIAN_POINT('',(46.385506390840192,-29.193400305523241,-8.0));
#2559=CARTESIAN_POINT('',(46.695448964725387,-29.427721794193101,-8.0));
#2560=CARTESIAN_POINT('',(47.063001665454379,-29.527261913190451,-8.0));
#2561=CARTESIAN_POINT('',(47.245350330473187,-29.576645328899151,-8.0));
#2562=CARTESIAN_POINT('',(47.445727109214211,-29.592654505285150,-8.0));
#2563=CARTESIAN_POINT('',(47.644398114437223,-29.608527398269000,-8.0));
#2564=CARTESIAN_POINT('',(47.843396638318410,-29.590404057432298,-8.0));
#2565=CARTESIAN_POINT('',(48.236600044234997,-29.554593945856549,-8.0));
#2566=CARTESIAN_POINT('',(48.574194734001182,-29.383384436661750,-8.0));
#2567=CARTESIAN_POINT('',(48.742202752027822,-29.298179985350540,-8.0));
#2568=CARTESIAN_POINT('',(48.898073857321201,-29.177487877087390,-8.0));
#2569=CARTESIAN_POINT('',(49.053530204503197,-29.057116918987241,-8.0));
#2570=CARTESIAN_POINT('',(49.189836237310800,-28.908055350990640,-8.0));
#2571=CARTESIAN_POINT('',(49.326215477037998,-28.758913725361840,-8.0));
#2572=CARTESIAN_POINT('',(49.427445515212192,-28.596998849949951,-8.0));
#2573=CARTESIAN_POINT('',(49.526694774306407,-28.438252180376089,-8.0));
#2574=CARTESIAN_POINT('',(49.596435464264012,-28.259646192731552,-8.0));
#2575=CARTESIAN_POINT('',(49.667953273638403,-28.076489000205100,-8.0));
#2576=CARTESIAN_POINT('',(49.697209791992989,-27.893569801369800,-8.0));
#2577=CARTESIAN_POINT('',(49.710725414325587,-27.809066690682499,-8.0));
#2578=CARTESIAN_POINT('',(49.719344713531790,-27.698843691668799,-8.0));
#2579=CARTESIAN_POINT('',(49.724463413770209,-27.633386108884899,-8.0));
#2580=CARTESIAN_POINT('',(49.731397208099800,-27.500000000000000,-8.0));
#2581=B_SPLINE_CURVE_WITH_KNOTS('',2,(#2548,#2549,#2550,#2551,#2552,#2553,#2554,#2555,#2556,#2557,#2558,#2559,#2560,#2561,#2562,#2563,#2564,#2565,#2566,#2567,#2568,#2569,#2570,#2571,#2572,#2573,#2574,#2575,#2576,#2577,#2578,#2579,#2580),.UNSPECIFIED.,.F.,.U.,(3,2,2,2,2,2,2,2,2,2,2,2,2,2,2,2,3),(0.466697524700757,0.468750000000000,0.500000000000000,0.562500000000000,0.593750000000000,0.625000000000000,0.687500000000000,0.718750000000000,0.750000000000000,0.812500000000000,0.843750000000000,0.875000000000000,0.906250000000000,0.937500000000000,0.968750000000000,0.984375000000000,1.0),.UNSPECIFIED.);
#2582=EDGE_CURVE('',#2545,#2547,#2581,.T.);
#2583=ORIENTED_EDGE('',*,*,#2582,.T.);
#2584=CARTESIAN_POINT('',(49.574586247298100,-26.695104745709351,-8.0));
#2585=VERTEX_POINT('',#2584);
#2586=CARTESIAN_POINT('',(49.731397208099800,-27.500000000000000,-8.0));
#2587=CARTESIAN_POINT('',(49.571544226373412,-26.696364792033300,-8.0));
#2588=QUASI_UNIFORM_CURVE('',1,(#2586,#2587),.UNSPECIFIED.,.F.,.U.);
#2589=EDGE_CURVE('',#2547,#2585,#2588,.T.);
#2590=ORIENTED_EDGE('',*,*,#2589,.T.);
#2591=CARTESIAN_POINT('',(49.577628268222597,-26.693844699385298,-8.0));
#2592=CARTESIAN_POINT('',(49.523084007262803,-26.581310232298190,-8.0));
#2593=CARTESIAN_POINT('',(49.493815802546003,-26.525174078377599,-8.0));
#2594=CARTESIAN_POINT('',(49.445534135238198,-26.432570273882391,-8.0));
#2595=CARTESIAN_POINT('',(49.399381552865613,-26.360085614193292,-8.0));
#2596=CARTESIAN_POINT('',(49.301161866248997,-26.205827278186401,-8.0));
#2597=CARTESIAN_POINT('',(49.153741207575180,-26.053019101637791,-8.0));
#2598=CARTESIAN_POINT('',(48.865732238724618,-25.754484786598901,-8.0));
#2599=CARTESIAN_POINT('',(48.529151645431007,-25.594451189709790,-8.0));
#2600=CARTESIAN_POINT('',(48.188725384805423,-25.432589097690901,-8.0));
#2601=CARTESIAN_POINT('',(47.790673619970001,-25.405394082235389,-8.0));
#2602=CARTESIAN_POINT('',(47.591283131385580,-25.391771664505399,-8.0));
#2603=CARTESIAN_POINT('',(47.393145961566802,-25.412147659175101,-8.0));
#2604=CARTESIAN_POINT('',(47.196013818349982,-25.432420299099689,-8.0));
#2605=CARTESIAN_POINT('',(47.014372784404401,-25.486567968136001,-8.0));
#2606=CARTESIAN_POINT('',(46.651603009250607,-25.594710590398691,-8.0));
#2607=CARTESIAN_POINT('',(46.344047545960613,-25.838713508624391,-8.0));
#2608=CARTESIAN_POINT('',(46.189421275156988,-25.961388166739098,-8.0));
#2609=CARTESIAN_POINT('',(46.055206434773602,-26.111640319853901,-8.0));
#2610=CARTESIAN_POINT('',(45.921109966582613,-26.261759956499191,-8.0));
#2611=CARTESIAN_POINT('',(45.821848039547000,-26.424701089066598,-8.0));
#2612=CARTESIAN_POINT('',(45.623575383974988,-26.750171005084201,-8.0));
#2613=CARTESIAN_POINT('',(45.560818353818007,-27.132007745541401,-8.0));
#2614=CARTESIAN_POINT('',(45.531379152539103,-27.311126620827391,-8.0));
#2615=CARTESIAN_POINT('',(45.531398634135613,-27.499999999852900,-8.0));
#2616=B_SPLINE_CURVE_WITH_KNOTS('',2,(#2591,#2592,#2593,#2594,#2595,#2596,#2597,#2598,#2599,#2600,#2601,#2602,#2603,#2604,#2605,#2606,#2607,#2608,#2609,#2610,#2611,#2612,#2613,#2614,#2615),.UNSPECIFIED.,.F.,.U.,(3,2,2,2,2,2,2,2,2,2,2,2,3),(0.0,0.015625000000000,0.031250000000000,0.062500000000000,0.125000000000000,0.187500000000000,0.218750000000000,0.250000000000000,0.312500000000000,0.343750000000000,0.375000000000000,0.437500000000000,0.466697524700757),.UNSPECIFIED.);
#2617=EDGE_CURVE('',#2585,#2545,#2616,.T.);
#2618=ORIENTED_EDGE('',*,*,#2617,.T.);
#2619=EDGE_LOOP('',(#2583,#2590,#2618));
#2620=FACE_BOUND('',#2619,.T.);
#2621=CARTESIAN_POINT('',(52.900000570413901,5.861126E-011,-8.0));
#2622=VERTEX_POINT('',#2621);
#2623=CARTESIAN_POINT('',(57.100000000000001,-2.280433E-013,-8.0));
#2624=VERTEX_POINT('',#2623);
#2625=CARTESIAN_POINT('',(52.900001426034677,1.469380E-010,-8.0));
#2626=CARTESIAN_POINT('',(52.900002795517537,-0.013277082383800,-8.0));
#2627=CARTESIAN_POINT('',(52.900149736761222,-0.026602367350095,-8.0));
#2628=CARTESIAN_POINT('',(52.902378676620202,-0.228732538883295,-8.0));
#2629=CARTESIAN_POINT('',(52.938442234969187,-0.419000945399706,-8.0));
#2630=CARTESIAN_POINT('',(53.009936331517601,-0.796197995506204,-8.0));
#2631=CARTESIAN_POINT('',(53.217574846291001,-1.118592084145095,-8.0));
#2632=CARTESIAN_POINT('',(53.320962562632410,-1.279119087638087,-8.0));
#2633=CARTESIAN_POINT('',(53.459624504402001,-1.427566421125084,-8.0));
#2634=CARTESIAN_POINT('',(53.596957890835597,-1.574591442948997,-8.0));
#2635=CARTESIAN_POINT('',(53.754109182740400,-1.693400305523493,-8.0));
#2636=CARTESIAN_POINT('',(54.064051756609999,-1.927721794189097,-8.0));
#2637=CARTESIAN_POINT('',(54.431604457354787,-2.027261913190706,-8.0));
#2638=CARTESIAN_POINT('',(54.613953122385013,-2.076645328902491,-8.0));
#2639=CARTESIAN_POINT('',(54.814329901114398,-2.092654505285396,-8.0));
#2640=CARTESIAN_POINT('',(55.013000906379403,-2.108527398270485,-8.0));
#2641=CARTESIAN_POINT('',(55.211999430218597,-2.090404057432493,-8.0));
#2642=CARTESIAN_POINT('',(55.605202836165603,-2.054593945843994,-8.0));
#2643=CARTESIAN_POINT('',(55.942797525901398,-1.883384436662000,-8.0));
#2644=CARTESIAN_POINT('',(56.110805543956808,-1.798179985334894,-8.0));
#2645=CARTESIAN_POINT('',(56.266676649221417,-1.677487877087602,-8.0));
#2646=CARTESIAN_POINT('',(56.422132996423599,-1.557116918965401,-8.0));
#2647=CARTESIAN_POINT('',(56.558439029210980,-1.408055350990894,-8.0));
#2648=CARTESIAN_POINT('',(56.694818268945603,-1.258913725353902,-8.0));
#2649=CARTESIAN_POINT('',(56.796048307112407,-1.096998849950195,-8.0));
#2650=CARTESIAN_POINT('',(56.895297566203993,-0.938252180376992,-8.0));
#2651=CARTESIAN_POINT('',(56.965038256164227,-0.759646192731792,-8.0));
#2652=CARTESIAN_POINT('',(57.036556065545000,-0.576489000195787,-8.0));
#2653=CARTESIAN_POINT('',(57.065812583893212,-0.393569801370008,-8.0));
#2654=CARTESIAN_POINT('',(57.079328206227991,-0.309066690654794,-8.0));
#2655=CARTESIAN_POINT('',(57.087947505431998,-0.198843691668990,-8.0));
#2656=CARTESIAN_POINT('',(57.093066205660207,-0.133386109013700,-8.0));
#2657=CARTESIAN_POINT('',(57.100000000000009,0.0,-8.0));
#2658=B_SPLINE_CURVE_WITH_KNOTS('',2,(#2625,#2626,#2627,#2628,#2629,#2630,#2631,#2632,#2633,#2634,#2635,#2636,#2637,#2638,#2639,#2640,#2641,#2642,#2643,#2644,#2645,#2646,#2647,#2648,#2649,#2650,#2651,#2652,#2653,#2654,#2655,#2656,#2657),.UNSPECIFIED.,.F.,.U.,(3,2,2,2,2,2,2,2,2,2,2,2,2,2,2,2,3),(0.466697524699945,0.468750000000000,0.500000000000000,0.562500000000000,0.593750000000000,0.625000000000000,0.687500000000000,0.718750000000000,0.750000000000000,0.812500000000000,0.843750000000000,0.875000000000000,0.906250000000000,0.937500000000000,0.968750000000000,0.984375000000000,1.0),.UNSPECIFIED.);
#2659=EDGE_CURVE('',#2622,#2624,#2658,.T.);
#2660=ORIENTED_EDGE('',*,*,#2659,.T.);
#2661=CARTESIAN_POINT('',(56.943189039198302,0.804895254290469,-8.0));
#2662=VERTEX_POINT('',#2661);
#2663=CARTESIAN_POINT('',(57.100000000000009,0.0,-8.0));
#2664=CARTESIAN_POINT('',(56.940147018273798,0.803635207966502,-8.0));
#2665=QUASI_UNIFORM_CURVE('',1,(#2663,#2664),.UNSPECIFIED.,.F.,.U.);
#2666=EDGE_CURVE('',#2624,#2662,#2665,.T.);
#2667=ORIENTED_EDGE('',*,*,#2666,.T.);
#2668=CARTESIAN_POINT('',(56.946231060122997,0.806155300614494,-8.0));
#2669=CARTESIAN_POINT('',(56.891686799174813,0.918689767680503,-8.0));
#2670=CARTESIAN_POINT('',(56.862418594446019,0.974825921622111,-8.0));
#2671=CARTESIAN_POINT('',(56.814136927117012,1.067429726155506,-8.0));
#2672=CARTESIAN_POINT('',(56.767984344765992,1.139914385806504,-8.0));
#2673=CARTESIAN_POINT('',(56.669764658120023,1.294172721849105,-8.0));
#2674=CARTESIAN_POINT('',(56.522343999475403,1.446980898362010,-8.0));
#2675=CARTESIAN_POINT('',(56.234335030605983,1.745515213409612,-8.0));
#2676=CARTESIAN_POINT('',(55.897754437331187,1.905548810290009,-8.0));
#2677=CARTESIAN_POINT('',(55.557328176704587,2.067410902309608,-8.0));
#2678=CARTESIAN_POINT('',(55.159276411870209,2.094605917764405,-8.0));
#2679=CARTESIAN_POINT('',(54.959885923297200,2.108228335493206,-8.0));
#2680=CARTESIAN_POINT('',(54.761748753467010,2.087852340824592,-8.0));
#2681=CARTESIAN_POINT('',(54.564616610254411,2.067579700902808,-8.0));
#2682=CARTESIAN_POINT('',(54.382975576304617,2.013432031863813,-8.0));
#2683=CARTESIAN_POINT('',(54.020205801159989,1.905289409600816,-8.0));
#2684=CARTESIAN_POINT('',(53.712650337860786,1.661286491375397,-8.0));
#2685=CARTESIAN_POINT('',(53.558024067092397,1.538611833292403,-8.0));
#2686=CARTESIAN_POINT('',(53.423809226673811,1.388359680145807,-8.0));
#2687=CARTESIAN_POINT('',(53.289712758492783,1.238240043519301,-8.0));
#2688=CARTESIAN_POINT('',(53.190450831447222,1.075298910933206,-8.0));
#2689=CARTESIAN_POINT('',(52.992178175861021,0.749828994887194,-8.0));
#2690=CARTESIAN_POINT('',(52.929421145718223,0.367992254458396,-8.0));
#2691=CARTESIAN_POINT('',(52.899981944431516,0.188873379097593,-8.0));
#2692=CARTESIAN_POINT('',(52.900001426034677,1.469380E-010,-8.0));
#2693=B_SPLINE_CURVE_WITH_KNOTS('',2,(#2668,#2669,#2670,#2671,#2672,#2673,#2674,#2675,#2676,#2677,#2678,#2679,#2680,#2681,#2682,#2683,#2684,#2685,#2686,#2687,#2688,#2689,#2690,#2691,#2692),.UNSPECIFIED.,.F.,.U.,(3,2,2,2,2,2,2,2,2,2,2,2,3),(0.0,0.015625000000000,0.031250000000000,0.062500000000000,0.125000000000000,0.187500000000000,0.218750000000000,0.250000000000000,0.312500000000000,0.343750000000000,0.375000000000000,0.437500000000000,0.466697524699945),.UNSPECIFIED.);
#2694=EDGE_CURVE('',#2662,#2622,#2693,.T.);
#2695=ORIENTED_EDGE('',*,*,#2694,.T.);
#2696=EDGE_LOOP('',(#2660,#2667,#2695));
#2697=FACE_BOUND('',#2696,.T.);
#2698=CARTESIAN_POINT('',(45.531397778514098,27.500000000058851,-8.0));
#2699=VERTEX_POINT('',#2698);
#2700=CARTESIAN_POINT('',(49.731397208099800,27.500000000000000,-8.0));
#2701=VERTEX_POINT('',#2700);
#2702=CARTESIAN_POINT('',(45.531398634135627,27.500000000147001,-8.0));
#2703=CARTESIAN_POINT('',(45.531400003617968,27.486722917616522,-8.0));
#2704=CARTESIAN_POINT('',(45.531546944860999,27.473397632649998,-8.0));
#2705=CARTESIAN_POINT('',(45.533775884709222,27.271267461171199,-8.0));
#2706=CARTESIAN_POINT('',(45.569839443069000,27.080999054600401,-8.0));
#2707=CARTESIAN_POINT('',(45.641333539619993,26.703802004484899,-8.0));
#2708=CARTESIAN_POINT('',(45.848972054390977,26.381407915855100,-8.0));
#2709=CARTESIAN_POINT('',(45.952359770732201,26.220880912364809,-8.0));
#2710=CARTESIAN_POINT('',(46.091021712501821,26.072433578875110,-8.0));
#2711=CARTESIAN_POINT('',(46.228355098923387,25.925408557061509,-8.0));
#2712=CARTESIAN_POINT('',(46.385506390840192,25.806599694476709,-8.0));
#2713=CARTESIAN_POINT('',(46.695448964694378,25.572278205820311,-8.0));
#2714=CARTESIAN_POINT('',(47.063001665454379,25.472738086809510,-8.0));
#2715=CARTESIAN_POINT('',(47.245350330459992,25.423354671101912,-8.0));
#2716=CARTESIAN_POINT('',(47.445727109214211,25.407345494714811,-8.0));
#2717=CARTESIAN_POINT('',(47.644398114437223,25.391472601731010,-8.0));
#2718=CARTESIAN_POINT('',(47.843396638318410,25.409595942567702,-8.0));
#2719=CARTESIAN_POINT('',(48.236600044228780,25.445406054142801,-8.0));
#2720=CARTESIAN_POINT('',(48.574194734001182,25.616615563338200,-8.0));
#2721=CARTESIAN_POINT('',(48.742202752013597,25.701820014641001,-8.0));
#2722=CARTESIAN_POINT('',(48.898073857321201,25.822512122912599,-8.0));
#2723=CARTESIAN_POINT('',(49.053530204495402,25.942883081003998,-8.0));
#2724=CARTESIAN_POINT('',(49.189836237310800,26.091944649009399,-8.0));
#2725=CARTESIAN_POINT('',(49.326215477050397,26.241086274651700,-8.0));
#2726=CARTESIAN_POINT('',(49.427445515212192,26.403001150050109,-8.0));
#2727=CARTESIAN_POINT('',(49.526694774311622,26.561747819638409,-8.0));
#2728=CARTESIAN_POINT('',(49.596435464264012,26.740353807268509,-8.0));
#2729=CARTESIAN_POINT('',(49.667953273645011,26.923510999809999,-8.0));
#2730=CARTESIAN_POINT('',(49.697209791992989,27.106430198630211,-8.0));
#2731=CARTESIAN_POINT('',(49.710725414337993,27.190933309407210,-8.0));
#2732=CARTESIAN_POINT('',(49.719344713531790,27.301156308331201,-8.0));
#2733=CARTESIAN_POINT('',(49.724463413766408,27.366613891109001,-8.0));
#2734=CARTESIAN_POINT('',(49.731397208099800,27.500000000000011,-8.0));
#2735=B_SPLINE_CURVE_WITH_KNOTS('',2,(#2702,#2703,#2704,#2705,#2706,#2707,#2708,#2709,#2710,#2711,#2712,#2713,#2714,#2715,#2716,#2717,#2718,#2719,#2720,#2721,#2722,#2723,#2724,#2725,#2726,#2727,#2728,#2729,#2730,#2731,#2732,#2733,#2734),.UNSPECIFIED.,.F.,.U.,(3,2,2,2,2,2,2,2,2,2,2,2,2,2,2,2,3),(0.466697524700473,0.468750000000000,0.500000000000000,0.562500000000000,0.593750000000000,0.625000000000000,0.687500000000000,0.718750000000000,0.750000000000000,0.812500000000000,0.843750000000000,0.875000000000000,0.906250000000000,0.937500000000000,0.968750000000000,0.984375000000000,1.0),.UNSPECIFIED.);
#2736=EDGE_CURVE('',#2699,#2701,#2735,.T.);
#2737=ORIENTED_EDGE('',*,*,#2736,.T.);
#2738=CARTESIAN_POINT('',(49.574586247298100,28.304895254290699,-8.0));
#2739=VERTEX_POINT('',#2738);
#2740=CARTESIAN_POINT('',(49.731397208099800,27.500000000000011,-8.0));
#2741=CARTESIAN_POINT('',(49.571544226373412,28.303635207966611,-8.0));
#2742=QUASI_UNIFORM_CURVE('',1,(#2740,#2741),.UNSPECIFIED.,.F.,.U.);
#2743=EDGE_CURVE('',#2701,#2739,#2742,.T.);
#2744=ORIENTED_EDGE('',*,*,#2743,.T.);
#2745=CARTESIAN_POINT('',(49.577628268222789,28.306155300614620,-8.0));
#2746=CARTESIAN_POINT('',(49.523084007307993,28.418689767611809,-8.0));
#2747=CARTESIAN_POINT('',(49.493815802546003,28.474825921622401,-8.0));
#2748=CARTESIAN_POINT('',(49.445534135240187,28.567429726118810,-8.0));
#2749=CARTESIAN_POINT('',(49.399381552865613,28.639914385806598,-8.0));
#2750=CARTESIAN_POINT('',(49.301161866214997,28.794172721857208,-8.0));
#2751=CARTESIAN_POINT('',(49.153741207575180,28.946980898362199,-8.0));
#2752=CARTESIAN_POINT('',(48.865732238678007,29.245515213433009,-8.0));
#2753=CARTESIAN_POINT('',(48.529151645431007,29.405548810290199,-8.0));
#2754=CARTESIAN_POINT('',(48.188725384816003,29.567410902294011,-8.0));
#2755=CARTESIAN_POINT('',(47.790673619970001,29.594605917764600,-8.0));
#2756=CARTESIAN_POINT('',(47.591283131408979,29.608228335500211,-8.0));
#2757=CARTESIAN_POINT('',(47.393145961566603,29.587852340825009,-8.0));
#2758=CARTESIAN_POINT('',(47.196013818345982,29.567579700896601,-8.0));
#2759=CARTESIAN_POINT('',(47.014372784404401,29.513432031863999,-8.0));
#2760=CARTESIAN_POINT('',(46.651603009276009,29.405289409614010,-8.0));
#2761=CARTESIAN_POINT('',(46.344047545960613,29.161286491375598,-8.0));
#2762=CARTESIAN_POINT('',(46.189421275192210,29.038611833292400,-8.0));
#2763=CARTESIAN_POINT('',(46.055206434773602,28.888359680146010,-8.0));
#2764=CARTESIAN_POINT('',(45.921109966602010,28.738240043530190,-8.0));
#2765=CARTESIAN_POINT('',(45.821848039547000,28.575298910933402,-8.0));
#2766=CARTESIAN_POINT('',(45.623575383961999,28.249828994899399,-8.0));
#2767=CARTESIAN_POINT('',(45.560818353818007,27.867992254458610,-8.0));
#2768=CARTESIAN_POINT('',(45.531379152539770,27.688873379146330,-8.0));
#2769=CARTESIAN_POINT('',(45.531398634135627,27.500000000147001,-8.0));
#2770=B_SPLINE_CURVE_WITH_KNOTS('',2,(#2745,#2746,#2747,#2748,#2749,#2750,#2751,#2752,#2753,#2754,#2755,#2756,#2757,#2758,#2759,#2760,#2761,#2762,#2763,#2764,#2765,#2766,#2767,#2768,#2769),.UNSPECIFIED.,.F.,.U.,(3,2,2,2,2,2,2,2,2,2,2,2,3),(0.0,0.015625000000000,0.031250000000000,0.062500000000000,0.125000000000000,0.187500000000000,0.218750000000000,0.250000000000000,0.312500000000000,0.343750000000000,0.375000000000000,0.437500000000000,0.466697524700473),.UNSPECIFIED.);
#2771=EDGE_CURVE('',#2739,#2699,#2770,.T.);
#2772=ORIENTED_EDGE('',*,*,#2771,.T.);
#2773=EDGE_LOOP('',(#2737,#2744,#2772));
#2774=FACE_BOUND('',#2773,.T.);
#2775=CARTESIAN_POINT('',(25.400000570414100,47.631397208158802,-8.0));
#2776=VERTEX_POINT('',#2775);
#2777=CARTESIAN_POINT('',(29.600000000000001,47.631397208100012,-8.0));
#2778=VERTEX_POINT('',#2777);
#2779=CARTESIAN_POINT('',(25.400001426035210,47.631397208247009,-8.0));
#2780=CARTESIAN_POINT('',(25.400002795517850,47.618120125716537,-8.0));
#2781=CARTESIAN_POINT('',(25.400149736761200,47.604794840750003,-8.0));
#2782=CARTESIAN_POINT('',(25.402378676615012,47.402664669228599,-8.0));
#2783=CARTESIAN_POINT('',(25.438442234969191,47.212396262700409,-8.0));
#2784=CARTESIAN_POINT('',(25.509936331526010,46.835199212581017,-8.0));
#2785=CARTESIAN_POINT('',(25.717574846291001,46.512805123955197,-8.0));
#2786=CARTESIAN_POINT('',(25.820962562633209,46.352278120461001,-8.0));
#2787=CARTESIAN_POINT('',(25.959624504402012,46.203830786974997,-8.0));
#2788=CARTESIAN_POINT('',(26.096957890841001,46.056805765146009,-8.0));
#2789=CARTESIAN_POINT('',(26.254109182740400,45.937996902576607,-8.0));
#2790=CARTESIAN_POINT('',(26.564051756612400,45.703675413912002,-8.0));
#2791=CARTESIAN_POINT('',(26.931604457354599,45.604135294909597,-8.0));
#2792=CARTESIAN_POINT('',(27.113953122353401,45.554751879205597,-8.0));
#2793=CARTESIAN_POINT('',(27.314329901114409,45.538742702814822,-8.0));
#2794=CARTESIAN_POINT('',(27.513000906332600,45.522869809828201,-8.0));
#2795=CARTESIAN_POINT('',(27.711999430218611,45.540993150667603,-8.0));
#2796=CARTESIAN_POINT('',(28.105202836139998,45.576803262248397,-8.0));
#2797=CARTESIAN_POINT('',(28.442797525901408,45.748012771438212,-8.0));
#2798=CARTESIAN_POINT('',(28.610805543932599,45.833217222750591,-8.0));
#2799=CARTESIAN_POINT('',(28.766676649221399,45.953909331012603,-8.0));
#2800=CARTESIAN_POINT('',(28.922132996394598,46.074280289108401,-8.0));
#2801=CARTESIAN_POINT('',(29.058439029211002,46.223341857109403,-8.0));
#2802=CARTESIAN_POINT('',(29.194818268946001,46.372483482741217,-8.0));
#2803=CARTESIAN_POINT('',(29.296048307112400,46.534398358150000,-8.0));
#2804=CARTESIAN_POINT('',(29.395297566228610,46.693145027767997,-8.0));
#2805=CARTESIAN_POINT('',(29.465038256164409,46.871751015368403,-8.0));
#2806=CARTESIAN_POINT('',(29.536556065542008,47.054908207915410,-8.0));
#2807=CARTESIAN_POINT('',(29.565812583893191,47.237827406730197,-8.0));
#2808=CARTESIAN_POINT('',(29.579328206236600,47.322330517485412,-8.0));
#2809=CARTESIAN_POINT('',(29.587947505432009,47.432553516431213,-8.0));
#2810=CARTESIAN_POINT('',(29.593066205671800,47.498011099275800,-8.0));
#2811=CARTESIAN_POINT('',(29.600000000000001,47.631397208100019,-8.0));
#2812=B_SPLINE_CURVE_WITH_KNOTS('',2,(#2779,#2780,#2781,#2782,#2783,#2784,#2785,#2786,#2787,#2788,#2789,#2790,#2791,#2792,#2793,#2794,#2795,#2796,#2797,#2798,#2799,#2800,#2801,#2802,#2803,#2804,#2805,#2806,#2807,#2808,#2809,#2810,#2811),.UNSPECIFIED.,.F.,.U.,(3,2,2,2,2,2,2,2,2,2,2,2,2,2,2,2,3),(0.466697524700519,0.468750000000000,0.500000000000000,0.562500000000000,0.593750000000000,0.625000000000000,0.687500000000000,0.718750000000000,0.750000000000000,0.812500000000000,0.843750000000000,0.875000000000000,0.906250000000000,0.937500000000000,0.968750000000000,0.984375000000000,1.0),.UNSPECIFIED.);
#2813=EDGE_CURVE('',#2776,#2778,#2812,.T.);
#2814=ORIENTED_EDGE('',*,*,#2813,.T.);
#2815=CARTESIAN_POINT('',(29.443189039198352,48.436292462390703,-8.0));
#2816=VERTEX_POINT('',#2815);
#2817=CARTESIAN_POINT('',(29.600000000000001,47.631397208100019,-8.0));
#2818=CARTESIAN_POINT('',(29.440147018273802,48.435032416066612,-8.0));
#2819=QUASI_UNIFORM_CURVE('',1,(#2817,#2818),.UNSPECIFIED.,.F.,.U.);
#2820=EDGE_CURVE('',#2778,#2816,#2819,.T.);
#2821=ORIENTED_EDGE('',*,*,#2820,.T.);
#2822=CARTESIAN_POINT('',(29.446231060123012,48.437552508714610,-8.0));
#2823=CARTESIAN_POINT('',(29.391686799208600,48.550086975711018,-8.0));
#2824=CARTESIAN_POINT('',(29.362418594446009,48.606223129722402,-8.0));
#2825=CARTESIAN_POINT('',(29.314136927149001,48.698826934202799,-8.0));
#2826=CARTESIAN_POINT('',(29.267984344765999,48.771311593906809,-8.0));
#2827=CARTESIAN_POINT('',(29.169764658146999,48.925569929913202,-8.0));
#2828=CARTESIAN_POINT('',(29.022343999475400,49.078378106462203,-8.0));
#2829=CARTESIAN_POINT('',(28.734335030642999,49.376912421487397,-8.0));
#2830=CARTESIAN_POINT('',(28.397754437331201,49.536946018390204,-8.0));
#2831=CARTESIAN_POINT('',(28.057328176731200,49.698808110402013,-8.0));
#2832=CARTESIAN_POINT('',(27.659276411870199,49.726003125864601,-8.0));
#2833=CARTESIAN_POINT('',(27.459885923282400,49.739625543597413,-8.0));
#2834=CARTESIAN_POINT('',(27.261748753467000,49.719249548925013,-8.0));
#2835=CARTESIAN_POINT('',(27.064616610241011,49.698976908996009,-8.0));
#2836=CARTESIAN_POINT('',(26.882975576304609,49.644829239964011,-8.0));
#2837=CARTESIAN_POINT('',(26.520205801164199,49.536686617708199,-8.0));
#2838=CARTESIAN_POINT('',(26.212650337860801,49.292683699475589,-8.0));
#2839=CARTESIAN_POINT('',(26.058024067088191,49.170009041387203,-8.0));
#2840=CARTESIAN_POINT('',(25.923809226673800,49.019756888246000,-8.0));
#2841=CARTESIAN_POINT('',(25.789712758469999,48.869637251594810,-8.0));
#2842=CARTESIAN_POINT('',(25.690450831447212,48.706696119033403,-8.0));
#2843=CARTESIAN_POINT('',(25.492178175870201,48.381226202977800,-8.0));
#2844=CARTESIAN_POINT('',(25.429421145718191,47.999389462558597,-8.0));
#2845=CARTESIAN_POINT('',(25.399981944435051,47.820270587250533,-8.0));
#2846=CARTESIAN_POINT('',(25.400001426035210,47.631397208247009,-8.0));
#2847=B_SPLINE_CURVE_WITH_KNOTS('',2,(#2822,#2823,#2824,#2825,#2826,#2827,#2828,#2829,#2830,#2831,#2832,#2833,#2834,#2835,#2836,#2837,#2838,#2839,#2840,#2841,#2842,#2843,#2844,#2845,#2846),.UNSPECIFIED.,.F.,.U.,(3,2,2,2,2,2,2,2,2,2,2,2,3),(0.0,0.015625000000000,0.031250000000000,0.062500000000000,0.125000000000000,0.187500000000000,0.218750000000000,0.250000000000000,0.312500000000000,0.343750000000000,0.375000000000000,0.437500000000000,0.466697524700519),.UNSPECIFIED.);
#2848=EDGE_CURVE('',#2816,#2776,#2847,.T.);
#2849=ORIENTED_EDGE('',*,*,#2848,.T.);
#2850=EDGE_LOOP('',(#2814,#2821,#2849));
#2851=FACE_BOUND('',#2850,.T.);
#2852=CARTESIAN_POINT('',(-2.099999429585670,55.000000000058797,-8.0));
#2853=VERTEX_POINT('',#2852);
#2854=CARTESIAN_POINT('',(2.100000000000000,55.0,-8.0));
#2855=VERTEX_POINT('',#2854);
#2856=CARTESIAN_POINT('',(-2.099998573964146,55.000000000147203,-8.0));
#2857=CARTESIAN_POINT('',(-2.099997204481813,54.986722917616710,-8.0));
#2858=CARTESIAN_POINT('',(-2.099850263238792,54.973397632650212,-8.0));
#2859=CARTESIAN_POINT('',(-2.097621323390295,54.771267461157002,-8.0));
#2860=CARTESIAN_POINT('',(-2.061557765030697,54.580999054600412,-8.0));
#2861=CARTESIAN_POINT('',(-1.990063668472500,54.203802004473822,-8.0));
#2862=CARTESIAN_POINT('',(-1.782425153708897,53.881407915855213,-8.0));
#2863=CARTESIAN_POINT('',(-1.679037437334191,53.720880912313007,-8.0));
#2864=CARTESIAN_POINT('',(-1.540375495597990,53.572433578874993,-8.0));
#2865=CARTESIAN_POINT('',(-1.403042109093394,53.425408556988813,-8.0));
#2866=CARTESIAN_POINT('',(-1.245890817259510,53.306599694476809,-8.0));
#2867=CARTESIAN_POINT('',(-0.935948243356508,53.072278205803407,-8.0));
#2868=CARTESIAN_POINT('',(-0.568395542645192,52.972738086809592,-8.0));
#2869=CARTESIAN_POINT('',(-0.386046877631094,52.923354671101407,-8.0));
#2870=CARTESIAN_POINT('',(-0.185670098885593,52.907345494714797,-8.0));
#2871=CARTESIAN_POINT('',(0.013000906309305,52.891472601733007,-8.0));
#2872=CARTESIAN_POINT('',(0.211999430218490,52.909595942567599,-8.0));
#2873=CARTESIAN_POINT('',(0.605202836149690,52.945406054135617,-8.0));
#2874=CARTESIAN_POINT('',(0.942797525901498,53.116615563338200,-8.0));
#2875=CARTESIAN_POINT('',(1.110805543973012,53.201820014680003,-8.0));
#2876=CARTESIAN_POINT('',(1.266676649221407,53.322512122912599,-8.0));
#2877=CARTESIAN_POINT('',(1.422132996417594,53.442883081028000,-8.0));
#2878=CARTESIAN_POINT('',(1.558439029210990,53.591944649009420,-8.0));
#2879=CARTESIAN_POINT('',(1.694818268958606,53.741086274660383,-8.0));
#2880=CARTESIAN_POINT('',(1.796048307112399,53.903001150050002,-8.0));
#2881=CARTESIAN_POINT('',(1.895297566235008,54.061747819679219,-8.0));
#2882=CARTESIAN_POINT('',(1.965038256164300,54.240353807268427,-8.0));
#2883=CARTESIAN_POINT('',(2.036556065535891,54.423510999805202,-8.0));
#2884=CARTESIAN_POINT('',(2.065812583893198,54.606430198630193,-8.0));
#2885=CARTESIAN_POINT('',(2.079328206226708,54.690933309310012,-8.0));
#2886=CARTESIAN_POINT('',(2.087947505432009,54.801156308331187,-8.0));
#2887=CARTESIAN_POINT('',(2.093066205672206,54.866613891149818,-8.0));
#2888=CARTESIAN_POINT('',(2.100000000000005,55.000000000000007,-8.0));
#2889=B_SPLINE_CURVE_WITH_KNOTS('',2,(#2856,#2857,#2858,#2859,#2860,#2861,#2862,#2863,#2864,#2865,#2866,#2867,#2868,#2869,#2870,#2871,#2872,#2873,#2874,#2875,#2876,#2877,#2878,#2879,#2880,#2881,#2882,#2883,#2884,#2885,#2886,#2887,#2888),.UNSPECIFIED.,.F.,.U.,(3,2,2,2,2,2,2,2,2,2,2,2,2,2,2,2,3),(0.466697524700452,0.468750000000000,0.500000000000000,0.562500000000000,0.593750000000000,0.625000000000000,0.687500000000000,0.718750000000000,0.750000000000000,0.812500000000000,0.843750000000000,0.875000000000000,0.906250000000000,0.937500000000000,0.968750000000000,0.984375000000000,1.0),.UNSPECIFIED.);
#2890=EDGE_CURVE('',#2853,#2855,#2889,.T.);
#2891=ORIENTED_EDGE('',*,*,#2890,.T.);
#2892=CARTESIAN_POINT('',(1.943189039198340,55.804895254290699,-8.0));
#2893=VERTEX_POINT('',#2892);
#2894=CARTESIAN_POINT('',(2.100000000000005,55.000000000000007,-8.0));
#2895=CARTESIAN_POINT('',(1.940147018273802,55.803635207966593,-8.0));
#2896=QUASI_UNIFORM_CURVE('',1,(#2894,#2895),.UNSPECIFIED.,.F.,.U.);
#2897=EDGE_CURVE('',#2855,#2893,#2896,.T.);
#2898=ORIENTED_EDGE('',*,*,#2897,.T.);
#2899=CARTESIAN_POINT('',(1.946231060123010,55.806155300614599,-8.0));
#2900=CARTESIAN_POINT('',(1.891686799197004,55.918689767635023,-8.0));
#2901=CARTESIAN_POINT('',(1.862418594446108,55.974825921622411,-8.0));
#2902=CARTESIAN_POINT('',(1.814136927132504,56.067429726131422,-8.0));
#2903=CARTESIAN_POINT('',(1.767984344765897,56.139914385806797,-8.0));
#2904=CARTESIAN_POINT('',(1.669764658099898,56.294172721880990,-8.0));
#2905=CARTESIAN_POINT('',(1.522343999475498,56.446980898362213,-8.0));
#2906=CARTESIAN_POINT('',(1.234335030585509,56.745515213409803,-8.0));
#2907=CARTESIAN_POINT('',(0.897754437331311,56.905548810290213,-8.0));
#2908=CARTESIAN_POINT('',(0.557328176767610,57.067410902289630,-8.0));
#2909=CARTESIAN_POINT('',(0.159276411870205,57.094605917764603,-8.0));
#2910=CARTESIAN_POINT('',(-0.040114076673897,57.108228335499412,-8.0));
#2911=CARTESIAN_POINT('',(-0.238251246533108,57.087852340825023,-8.0));
#2912=CARTESIAN_POINT('',(-0.435383389740807,57.067579700900389,-8.0));
#2913=CARTESIAN_POINT('',(-0.617024423695392,57.013432031864028,-8.0));
#2914=CARTESIAN_POINT('',(-0.979794198831790,56.905289409611612,-8.0));
#2915=CARTESIAN_POINT('',(-1.287349662139198,56.661286491375598,-8.0));
#2916=CARTESIAN_POINT('',(-1.441975932936102,56.538611833268007,-8.0));
#2917=CARTESIAN_POINT('',(-1.576190773326200,56.388359680146010,-8.0));
#2918=CARTESIAN_POINT('',(-1.710287241553005,56.238240043461019,-8.0));
#2919=CARTESIAN_POINT('',(-1.809549168552693,56.075298910933391,-8.0));
#2920=CARTESIAN_POINT('',(-2.007821824148603,55.749828994838403,-8.0));
#2921=CARTESIAN_POINT('',(-2.070578854281691,55.367992254458613,-8.0));
#2922=CARTESIAN_POINT('',(-2.100018055560010,55.188873379144432,-8.0));
#2923=CARTESIAN_POINT('',(-2.099998573964146,55.000000000147203,-8.0));
#2924=B_SPLINE_CURVE_WITH_KNOTS('',2,(#2899,#2900,#2901,#2902,#2903,#2904,#2905,#2906,#2907,#2908,#2909,#2910,#2911,#2912,#2913,#2914,#2915,#2916,#2917,#2918,#2919,#2920,#2921,#2922,#2923),.UNSPECIFIED.,.F.,.U.,(3,2,2,2,2,2,2,2,2,2,2,2,3),(0.0,0.015625000000000,0.031250000000000,0.062500000000000,0.125000000000000,0.187500000000000,0.218750000000000,0.250000000000000,0.312500000000000,0.343750000000000,0.375000000000000,0.437500000000000,0.466697524700452),.UNSPECIFIED.);
#2925=EDGE_CURVE('',#2893,#2853,#2924,.T.);
#2926=ORIENTED_EDGE('',*,*,#2925,.T.);
#2927=EDGE_LOOP('',(#2891,#2898,#2926));
#2928=FACE_BOUND('',#2927,.T.);
#2929=CARTESIAN_POINT('',(-29.599999429585900,47.631397208159100,-8.0));
#2930=VERTEX_POINT('',#2929);
#2931=CARTESIAN_POINT('',(-25.399999999999999,47.631397208100203,-8.0));
#2932=VERTEX_POINT('',#2931);
#2933=CARTESIAN_POINT('',(-29.599998573964701,47.631397208247371,-8.0));
#2934=CARTESIAN_POINT('',(-29.599997204482062,47.618120125716914,-8.0));
#2935=CARTESIAN_POINT('',(-29.599850263238690,47.604794840750408,-8.0));
#2936=CARTESIAN_POINT('',(-29.597621323385201,47.402664669254207,-8.0));
#2937=CARTESIAN_POINT('',(-29.561557765030699,47.212396262700601,-8.0));
#2938=CARTESIAN_POINT('',(-29.490063668485401,46.835199212594013,-8.0));
#2939=CARTESIAN_POINT('',(-29.282425153708910,46.512805123955388,-8.0));
#2940=CARTESIAN_POINT('',(-29.179037437351301,46.352278120439600,-8.0));
#2941=CARTESIAN_POINT('',(-29.040375495597988,46.203830786975402,-8.0));
#2942=CARTESIAN_POINT('',(-28.903042109151389,46.056805765143011,-8.0));
#2943=CARTESIAN_POINT('',(-28.745890817259511,45.937996902576991,-8.0));
#2944=CARTESIAN_POINT('',(-28.435948243392101,45.703675413910602,-8.0));
#2945=CARTESIAN_POINT('',(-28.068395542645199,45.604135294909810,-8.0));
#2946=CARTESIAN_POINT('',(-27.886046877638400,45.554751879205007,-8.0));
#2947=CARTESIAN_POINT('',(-27.685670098885598,45.538742702815007,-8.0));
#2948=CARTESIAN_POINT('',(-27.486999093667698,45.522869809828599,-8.0));
#2949=CARTESIAN_POINT('',(-27.288000569781399,45.540993150668008,-8.0));
#2950=CARTESIAN_POINT('',(-26.894797163848910,45.576803262249207,-8.0));
#2951=CARTESIAN_POINT('',(-26.557202474098499,45.748012771438397,-8.0));
#2952=CARTESIAN_POINT('',(-26.389194456062299,45.833217222756012,-8.0));
#2953=CARTESIAN_POINT('',(-26.233323350778591,45.953909331012987,-8.0));
#2954=CARTESIAN_POINT('',(-26.077867003608699,46.074280289104998,-8.0));
#2955=CARTESIAN_POINT('',(-25.941560970788899,46.223341857109602,-8.0));
#2956=CARTESIAN_POINT('',(-25.805181731052091,46.372483482743618,-8.0));
#2957=CARTESIAN_POINT('',(-25.703951692887610,46.534398358150213,-8.0));
#2958=CARTESIAN_POINT('',(-25.604702433777192,46.693145027760011,-8.0));
#2959=CARTESIAN_POINT('',(-25.534961743835709,46.871751015368602,-8.0));
#2960=CARTESIAN_POINT('',(-25.463443934465300,47.054908207890414,-8.0));
#2961=CARTESIAN_POINT('',(-25.434187416106798,47.237827406730403,-8.0));
#2962=CARTESIAN_POINT('',(-25.420671793775799,47.322330517399010,-8.0));
#2963=CARTESIAN_POINT('',(-25.412052494568002,47.432553516431398,-8.0));
#2964=CARTESIAN_POINT('',(-25.406933794334609,47.498011099151412,-8.0));
#2965=CARTESIAN_POINT('',(-25.399999999999991,47.631397208100211,-8.0));
#2966=B_SPLINE_CURVE_WITH_KNOTS('',2,(#2933,#2934,#2935,#2936,#2937,#2938,#2939,#2940,#2941,#2942,#2943,#2944,#2945,#2946,#2947,#2948,#2949,#2950,#2951,#2952,#2953,#2954,#2955,#2956,#2957,#2958,#2959,#2960,#2961,#2962,#2963,#2964,#2965),.UNSPECIFIED.,.F.,.U.,(3,2,2,2,2,2,2,2,2,2,2,2,2,2,2,2,3),(0.466697524700517,0.468750000000000,0.500000000000000,0.562500000000000,0.593750000000000,0.625000000000000,0.687500000000000,0.718750000000000,0.750000000000000,0.812500000000000,0.843750000000000,0.875000000000000,0.906250000000000,0.937500000000000,0.968750000000000,0.984375000000000,1.0),.UNSPECIFIED.);
#2967=EDGE_CURVE('',#2930,#2932,#2966,.T.);
#2968=ORIENTED_EDGE('',*,*,#2967,.T.);
#2969=CARTESIAN_POINT('',(-25.556810960801698,48.436292462390902,-8.0));
#2970=VERTEX_POINT('',#2969);
#2971=CARTESIAN_POINT('',(-25.399999999999991,47.631397208100211,-8.0));
#2972=CARTESIAN_POINT('',(-25.559852981726291,48.435032416067003,-8.0));
#2973=QUASI_UNIFORM_CURVE('',1,(#2971,#2972),.UNSPECIFIED.,.F.,.U.);
#2974=EDGE_CURVE('',#2932,#2970,#2973,.T.);
#2975=ORIENTED_EDGE('',*,*,#2974,.T.);
#2976=CARTESIAN_POINT('',(-25.553768939876999,48.437552508715008,-8.0));
#2977=CARTESIAN_POINT('',(-25.608313200854798,48.550086975837011,-8.0));
#2978=CARTESIAN_POINT('',(-25.637581405553892,48.606223129722601,-8.0));
#2979=CARTESIAN_POINT('',(-25.685863072879400,48.698826934250206,-8.0));
#2980=CARTESIAN_POINT('',(-25.732015655234100,48.771311593907008,-8.0));
#2981=CARTESIAN_POINT('',(-25.830235341880201,48.925569929950008,-8.0));
#2982=CARTESIAN_POINT('',(-25.977656000524501,49.078378106462402,-8.0));
#2983=CARTESIAN_POINT('',(-26.265664969403691,49.376912421519798,-8.0));
#2984=CARTESIAN_POINT('',(-26.602245562668699,49.536946018390402,-8.0));
#2985=CARTESIAN_POINT('',(-26.942671823344899,49.698808110428203,-8.0));
#2986=CARTESIAN_POINT('',(-27.340723588129809,49.726003125864793,-8.0));
#2987=CARTESIAN_POINT('',(-27.540114076777510,49.739625543591210,-8.0));
#2988=CARTESIAN_POINT('',(-27.738251246533100,49.719249548925013,-8.0));
#2989=CARTESIAN_POINT('',(-27.935383389761402,49.698976908996222,-8.0));
#2990=CARTESIAN_POINT('',(-28.117024423695401,49.644829239964203,-8.0));
#2991=CARTESIAN_POINT('',(-28.479794198849010,49.536686617703012,-8.0));
#2992=CARTESIAN_POINT('',(-28.787349662139199,49.292683699475802,-8.0));
#2993=CARTESIAN_POINT('',(-28.941975932936099,49.170009041365397,-8.0));
#2994=CARTESIAN_POINT('',(-29.076190773326200,49.019756888246206,-8.0));
#2995=CARTESIAN_POINT('',(-29.210287241532299,48.869637251586823,-8.0));
#2996=CARTESIAN_POINT('',(-29.309549168552689,48.706696119033602,-8.0));
#2997=CARTESIAN_POINT('',(-29.507821824127799,48.381226202989211,-8.0));
#2998=CARTESIAN_POINT('',(-29.570578854281699,47.999389462558817,-8.0));
#2999=CARTESIAN_POINT('',(-29.600018055564931,47.820270587250370,-8.0));
#3000=CARTESIAN_POINT('',(-29.599998573964701,47.631397208247371,-8.0));
#3001=B_SPLINE_CURVE_WITH_KNOTS('',2,(#2976,#2977,#2978,#2979,#2980,#2981,#2982,#2983,#2984,#2985,#2986,#2987,#2988,#2989,#2990,#2991,#2992,#2993,#2994,#2995,#2996,#2997,#2998,#2999,#3000),.UNSPECIFIED.,.F.,.U.,(3,2,2,2,2,2,2,2,2,2,2,2,3),(0.0,0.015625000000000,0.031250000000000,0.062500000000000,0.125000000000000,0.187500000000000,0.218750000000000,0.250000000000000,0.312500000000000,0.343750000000000,0.375000000000000,0.437500000000000,0.466697524700517),.UNSPECIFIED.);
#3002=EDGE_CURVE('',#2970,#2930,#3001,.T.);
#3003=ORIENTED_EDGE('',*,*,#3002,.T.);
#3004=EDGE_LOOP('',(#2968,#2975,#3003));
#3005=FACE_BOUND('',#3004,.T.);
#3006=CARTESIAN_POINT('',(-49.731396637685499,27.500000000058851,-8.0));
#3007=VERTEX_POINT('',#3006);
#3008=CARTESIAN_POINT('',(-45.531397208099797,27.500000000000000,-8.0));
#3009=VERTEX_POINT('',#3008);
#3010=CARTESIAN_POINT('',(-49.731395782064070,27.500000000146990,-8.0));
#3011=CARTESIAN_POINT('',(-49.731394412581672,27.486722917616500,-8.0));
#3012=CARTESIAN_POINT('',(-49.731247471338548,27.473397632649998,-8.0));
#3013=CARTESIAN_POINT('',(-49.729018531488897,27.271267461164008,-8.0));
#3014=CARTESIAN_POINT('',(-49.692954973130497,27.080999054600401,-8.0));
#3015=CARTESIAN_POINT('',(-49.621460876580443,26.703802004490392,-8.0));
#3016=CARTESIAN_POINT('',(-49.413822361808649,26.381407915855100,-8.0));
#3017=CARTESIAN_POINT('',(-49.310434645460141,26.220880912351500,-8.0));
#3018=CARTESIAN_POINT('',(-49.171772703697698,26.072433578875110,-8.0));
#3019=CARTESIAN_POINT('',(-49.034439317258702,25.925408557048311,-8.0));
#3020=CARTESIAN_POINT('',(-48.877288025359249,25.806599694476709,-8.0));
#3021=CARTESIAN_POINT('',(-48.567345451506498,25.572278205821409,-8.0));
#3022=CARTESIAN_POINT('',(-48.199792750745047,25.472738086809510,-8.0));
#3023=CARTESIAN_POINT('',(-48.017444085743463,25.423354671102601,-8.0));
#3024=CARTESIAN_POINT('',(-47.817067306985336,25.407345494714811,-8.0));
#3025=CARTESIAN_POINT('',(-47.618396301764648,25.391472601730801,-8.0));
#3026=CARTESIAN_POINT('',(-47.419397777881201,25.409595942567702,-8.0));
#3027=CARTESIAN_POINT('',(-47.026194371958397,25.445406054144001,-8.0));
#3028=CARTESIAN_POINT('',(-46.688599682198301,25.616615563338200,-8.0));
#3029=CARTESIAN_POINT('',(-46.520591664156100,25.701820014658701,-8.0));
#3030=CARTESIAN_POINT('',(-46.364720558878403,25.822512122912599,-8.0));
#3031=CARTESIAN_POINT('',(-46.209264211686900,25.942883081022899,-8.0));
#3032=CARTESIAN_POINT('',(-46.072958178888697,26.091944649009399,-8.0));
#3033=CARTESIAN_POINT('',(-45.936578939159098,26.241086274640789,-8.0));
#3034=CARTESIAN_POINT('',(-45.835348900987398,26.403001150050109,-8.0));
#3035=CARTESIAN_POINT('',(-45.736099641892999,26.561747819625310,-8.0));
#3036=CARTESIAN_POINT('',(-45.666358951935393,26.740353807268509,-8.0));
#3037=CARTESIAN_POINT('',(-45.594841142562800,26.923510999789212,-8.0));
#3038=CARTESIAN_POINT('',(-45.565584624206600,27.106430198630211,-8.0));
#3039=CARTESIAN_POINT('',(-45.552069001871899,27.190933309328219,-8.0));
#3040=CARTESIAN_POINT('',(-45.543449702667800,27.301156308331201,-8.0));
#3041=CARTESIAN_POINT('',(-45.538331002432990,27.366613891077609,-8.0));
#3042=CARTESIAN_POINT('',(-45.531397208099698,27.500000000000011,-8.0));
#3043=B_SPLINE_CURVE_WITH_KNOTS('',2,(#3010,#3011,#3012,#3013,#3014,#3015,#3016,#3017,#3018,#3019,#3020,#3021,#3022,#3023,#3024,#3025,#3026,#3027,#3028,#3029,#3030,#3031,#3032,#3033,#3034,#3035,#3036,#3037,#3038,#3039,#3040,#3041,#3042),.UNSPECIFIED.,.F.,.U.,(3,2,2,2,2,2,2,2,2,2,2,2,2,2,2,2,3),(0.466697524700474,0.468750000000000,0.500000000000000,0.562500000000000,0.593750000000000,0.625000000000000,0.687500000000000,0.718750000000000,0.750000000000000,0.812500000000000,0.843750000000000,0.875000000000000,0.906250000000000,0.937500000000000,0.968750000000000,0.984375000000000,1.0),.UNSPECIFIED.);
#3044=EDGE_CURVE('',#3007,#3009,#3043,.T.);
#3045=ORIENTED_EDGE('',*,*,#3044,.T.);
#3046=CARTESIAN_POINT('',(-45.688208168901397,28.304895254290699,-8.0));
#3047=VERTEX_POINT('',#3046);
#3048=CARTESIAN_POINT('',(-45.531397208099698,27.500000000000011,-8.0));
#3049=CARTESIAN_POINT('',(-45.691250189826000,28.303635207966611,-8.0));
#3050=QUASI_UNIFORM_CURVE('',1,(#3048,#3049),.UNSPECIFIED.,.F.,.U.);
#3051=EDGE_CURVE('',#3009,#3047,#3050,.T.);
#3052=ORIENTED_EDGE('',*,*,#3051,.T.);
#3053=CARTESIAN_POINT('',(-45.685166147976801,28.306155300614620,-8.0));
#3054=CARTESIAN_POINT('',(-45.739710408914803,28.418689767656389,-8.0));
#3055=CARTESIAN_POINT('',(-45.768978613653701,28.474825921622401,-8.0));
#3056=CARTESIAN_POINT('',(-45.817260280956098,28.567429726112810,-8.0));
#3057=CARTESIAN_POINT('',(-45.863412863333899,28.639914385806801,-8.0));
#3058=CARTESIAN_POINT('',(-45.961632549972393,28.794172721840209,-8.0));
#3059=CARTESIAN_POINT('',(-46.109053208624204,28.946980898362199,-8.0));
#3060=CARTESIAN_POINT('',(-46.397062177509000,29.245515213428401,-8.0));
#3061=CARTESIAN_POINT('',(-46.733642770768498,29.405548810290199,-8.0));
#3062=CARTESIAN_POINT('',(-47.074069031386387,29.567410902294011,-8.0));
#3063=CARTESIAN_POINT('',(-47.472120796229603,29.594605917764600,-8.0));
#3064=CARTESIAN_POINT('',(-47.671511284790547,29.608228335500211,-8.0));
#3065=CARTESIAN_POINT('',(-47.869648454632852,29.587852340825009,-8.0));
#3066=CARTESIAN_POINT('',(-48.066780597853452,29.567579700896601,-8.0));
#3067=CARTESIAN_POINT('',(-48.248421631795154,29.513432031863999,-8.0));
#3068=CARTESIAN_POINT('',(-48.611191406925400,29.405289409613399,-8.0));
#3069=CARTESIAN_POINT('',(-48.918746870238948,29.161286491375598,-8.0));
#3070=CARTESIAN_POINT('',(-49.073373140999998,29.038611833298010,-8.0));
#3071=CARTESIAN_POINT('',(-49.207587981425952,28.888359680146010,-8.0));
#3072=CARTESIAN_POINT('',(-49.341684449611698,28.738240043516999,-8.0));
#3073=CARTESIAN_POINT('',(-49.440946376652548,28.575298910933402,-8.0));
#3074=CARTESIAN_POINT('',(-49.639219032238849,28.249828994876619,-8.0));
#3075=CARTESIAN_POINT('',(-49.701976062381497,27.867992254458610,-8.0));
#3076=CARTESIAN_POINT('',(-49.731415263661063,27.688873379146319,-8.0));
#3077=CARTESIAN_POINT('',(-49.731395782064070,27.500000000146990,-8.0));
#3078=B_SPLINE_CURVE_WITH_KNOTS('',2,(#3053,#3054,#3055,#3056,#3057,#3058,#3059,#3060,#3061,#3062,#3063,#3064,#3065,#3066,#3067,#3068,#3069,#3070,#3071,#3072,#3073,#3074,#3075,#3076,#3077),.UNSPECIFIED.,.F.,.U.,(3,2,2,2,2,2,2,2,2,2,2,2,3),(0.0,0.015625000000000,0.031250000000000,0.062500000000000,0.125000000000000,0.187500000000000,0.218750000000000,0.250000000000000,0.312500000000000,0.343750000000000,0.375000000000000,0.437500000000000,0.466697524700474),.UNSPECIFIED.);
#3079=EDGE_CURVE('',#3047,#3007,#3078,.T.);
#3080=ORIENTED_EDGE('',*,*,#3079,.T.);
#3081=EDGE_LOOP('',(#3045,#3052,#3080));
#3082=FACE_BOUND('',#3081,.T.);
#3083=CARTESIAN_POINT('',(-44.999999724243096,6.499462E-010,-8.0));
#3084=VERTEX_POINT('',#3083);
#3085=CARTESIAN_POINT('',(45.0,-5.510729E-016,-8.0));
#3086=VERTEX_POINT('',#3085);
#3087=CARTESIAN_POINT('',(-44.999999310607677,1.624742E-009,-8.0));
#3088=CARTESIAN_POINT('',(-44.999955998072352,-0.018376795983169,-8.0));
#3089=CARTESIAN_POINT('',(-44.999898621985800,-0.036802036268699,-8.0));
#3090=CARTESIAN_POINT('',(-44.995931512226193,-1.310763976513599,-8.0));
#3091=CARTESIAN_POINT('',(-44.932260960938400,-2.504010517024993,-8.0));
#3092=CARTESIAN_POINT('',(-44.869002883012293,-3.689526915389194,-8.0));
#3093=CARTESIAN_POINT('',(-44.733164678989901,-4.943179985915592,-8.0));
#3094=CARTESIAN_POINT('',(-44.597043457787997,-6.199445026753389,-8.0));
#3095=CARTESIAN_POINT('',(-44.403729985924500,-7.351912781527192,-8.0));
#3096=CARTESIAN_POINT('',(-44.304811598723703,-7.941629837995901,-8.0));
#3097=CARTESIAN_POINT('',(-44.174396638223897,-8.609142872480296,-8.0));
#3098=CARTESIAN_POINT('',(-44.058493642953103,-9.202378186761006,-8.0));
#3099=CARTESIAN_POINT('',(-43.937346297069993,-9.757806143974701,-8.0));
#3100=CARTESIAN_POINT('',(-43.834270486768013,-10.230380977016800,-8.0));
#3101=CARTESIAN_POINT('',(-43.732519022410500,-10.646277174887700,-8.0));
#3102=CARTESIAN_POINT('',(-43.654950991817898,-10.963326656224000,-8.0));
#3103=CARTESIAN_POINT('',(-43.548197023755698,-11.366612584822290,-8.0));
#3104=CARTESIAN_POINT('',(-43.438469469191787,-11.781131871911301,-8.0));
#3105=CARTESIAN_POINT('',(-43.354678190353397,-12.082031067333700,-8.0));
#3106=CARTESIAN_POINT('',(-43.240125831089493,-12.493395032821001,-8.0));
#3107=CARTESIAN_POINT('',(-43.117319459218898,-12.898721383291591,-8.0));
#3108=CARTESIAN_POINT('',(-42.978303493313497,-13.357548016301600,-8.0));
#3109=CARTESIAN_POINT('',(-42.807567826842899,-13.879680835206001,-8.0));
#3110=CARTESIAN_POINT('',(-42.629584783613801,-14.423977114942801,-8.0));
#3111=CARTESIAN_POINT('',(-42.447995527701792,-14.942555121318991,-8.0));
#3112=CARTESIAN_POINT('',(-42.234760965613091,-15.551504993067100,-8.0));
#3113=CARTESIAN_POINT('',(-42.019573700056199,-16.111582893317902,-8.0));
#3114=CARTESIAN_POINT('',(-41.802440292319602,-16.676726108297402,-8.0));
#3115=CARTESIAN_POINT('',(-41.546150011220902,-17.288785959818998,-8.0));
#3116=CARTESIAN_POINT('',(-41.130059970640090,-18.282471742072399,-8.0));
#3117=CARTESIAN_POINT('',(-40.690333703152000,-19.219834303380100,-8.0));
#3118=CARTESIAN_POINT('',(-40.111082861977302,-20.454620788219589,-8.0));
#3119=CARTESIAN_POINT('',(-39.418074092018202,-21.718975205582101,-8.0));
#3120=CARTESIAN_POINT('',(-39.075740167451599,-22.343543650458191,-8.0));
#3121=CARTESIAN_POINT('',(-38.739815169661313,-22.913077090845700,-8.0));
#3122=CARTESIAN_POINT('',(-38.383097275918800,-23.517863190741100,-8.0));
#3123=CARTESIAN_POINT('',(-37.993885574577000,-24.126999165708401,-8.0));
#3124=CARTESIAN_POINT('',(-37.621036810553001,-24.710526317143401,-8.0));
#3125=CARTESIAN_POINT('',(-37.202475371934099,-25.328064186341891,-8.0));
#3126=CARTESIAN_POINT('',(-36.838873916117002,-25.864515105001690,-8.0));
#3127=CARTESIAN_POINT('',(-36.524306406475397,-26.302891257725388,-8.0));
#3128=CARTESIAN_POINT('',(-36.315876088079200,-26.593356351191499,-8.0));
#3129=CARTESIAN_POINT('',(-36.094126111858003,-26.888483948630899,-8.0));
#3130=CARTESIAN_POINT('',(-35.794600748618301,-27.287123002990299,-8.0));
#3131=CARTESIAN_POINT('',(-35.483891981143699,-27.685644206215990,-8.0));
#3132=CARTESIAN_POINT('',(-34.962059253447002,-28.354957171583891,-8.0));
#3133=CARTESIAN_POINT('',(-34.345310683734994,-29.078779239240450,-8.0));
#3134=CARTESIAN_POINT('',(-33.591712530849897,-29.963209297113440,-8.0));
#3135=CARTESIAN_POINT('',(-32.902901190649999,-30.702254966095001,-8.0));
#3136=CARTESIAN_POINT('',(-32.374513293478891,-31.269177669245050,-8.0));
#3137=CARTESIAN_POINT('',(-31.775003920064989,-31.864336687042300,-8.0));
#3138=CARTESIAN_POINT('',(-31.129402979399899,-32.505252807414493,-8.0));
#3139=CARTESIAN_POINT('',(-30.473574817791299,-33.111815142055349,-8.0));
#3140=CARTESIAN_POINT('',(-29.570110801259212,-33.947410920357399,-8.0));
#3141=CARTESIAN_POINT('',(-28.610477782133390,-34.739666357256098,-8.0));
#3142=CARTESIAN_POINT('',(-27.638228480348712,-35.542337565945353,-8.0));
#3143=CARTESIAN_POINT('',(-26.711657947546190,-36.225554401666038,-8.0));
#3144=CARTESIAN_POINT('',(-25.785482875487311,-36.908479640116653,-8.0));
#3145=CARTESIAN_POINT('',(-24.646519644024799,-37.657553508854200,-8.0));
#3146=CARTESIAN_POINT('',(-24.171774343788201,-37.969784219108597,-8.0));
#3147=CARTESIAN_POINT('',(-23.762562822485791,-38.225509578179050,-8.0));
#3148=CARTESIAN_POINT('',(-23.422227913538300,-38.438192413984353,-8.0));
#3149=CARTESIAN_POINT('',(-23.072934696777310,-38.644832378591090,-8.0));
#3150=CARTESIAN_POINT('',(-22.803829147493900,-38.804033755861099,-8.0));
#3151=CARTESIAN_POINT('',(-22.446964407590599,-39.009332199243353,-8.0));
#3152=CARTESIAN_POINT('',(-22.084783839824901,-39.217688751380599,-8.0));
#3153=CARTESIAN_POINT('',(-21.764532708744099,-39.394017814207487,-8.0));
#3154=CARTESIAN_POINT('',(-20.957872098266201,-39.838162098678552,-8.0));
#3155=CARTESIAN_POINT('',(-19.963772153442289,-40.330083864796052,-8.0));
#3156=CARTESIAN_POINT('',(-18.917385564193101,-40.847879225016392,-8.0));
#3157=CARTESIAN_POINT('',(-17.973536587230999,-41.256931468660703,-8.0));
#3158=CARTESIAN_POINT('',(-16.934484430260600,-41.707243569904037,-8.0));
#3159=CARTESIAN_POINT('',(-15.782108899843090,-42.141341209742393,-8.0));
#3160=CARTESIAN_POINT('',(-15.174980361503790,-42.370045359227497,-8.0));
#3161=CARTESIAN_POINT('',(-14.600717364521200,-42.568220303669648,-8.0));
#3162=CARTESIAN_POINT('',(-14.027380149427700,-42.766075765966193,-8.0));
#3163=CARTESIAN_POINT('',(-13.432678050132690,-42.952728558449799,-8.0));
#3164=CARTESIAN_POINT('',(-12.243951873054399,-43.325821340050943,-8.0));
#3165=CARTESIAN_POINT('',(-11.116477952659990,-43.614376577237699,-8.0));
#3166=CARTESIAN_POINT('',(-10.438868886992500,-43.787797568292788,-8.0));
#3167=CARTESIAN_POINT('',(-9.725696695294689,-43.943574417522640,-8.0));
#3168=CARTESIAN_POINT('',(-9.212463381283593,-44.055678996903552,-8.0));
#3169=CARTESIAN_POINT('',(-8.660362018366396,-44.164439025098993,-8.0));
#3170=CARTESIAN_POINT('',(-7.573834352566699,-44.378477220808399,-8.0));
#3171=CARTESIAN_POINT('',(-6.716175268413408,-44.505460204593653,-8.0));
#3172=CARTESIAN_POINT('',(-6.425560133218794,-44.548487996967090,-8.0));
#3173=CARTESIAN_POINT('',(-5.993834277102400,-44.605833938622247,-8.0));
#3174=CARTESIAN_POINT('',(-5.574097316848700,-44.661587400899748,-8.0));
#3175=CARTESIAN_POINT('',(-5.240985678448398,-44.700488110404997,-8.0));
#3176=CARTESIAN_POINT('',(-4.358440593617397,-44.803551546240399,-8.0));
#3177=CARTESIAN_POINT('',(-3.295163839463891,-44.880163240307141,-8.0));
#3178=CARTESIAN_POINT('',(-2.110554958756006,-44.965517211230541,-8.0));
#3179=CARTESIAN_POINT('',(-1.092354637604098,-44.989180523915039,-8.0));
#3180=CARTESIAN_POINT('',(-0.000954494698294,-45.014545024700340,-8.0));
#3181=CARTESIAN_POINT('',(1.228166427779495,-44.982387929506537,-8.0));
#3182=CARTESIAN_POINT('',(2.266548286458794,-44.955221079063747,-8.0));
#3183=CARTESIAN_POINT('',(3.228722022263000,-44.887310047418403,-8.0));
#3184=CARTESIAN_POINT('',(4.171991715149106,-44.820733279024097,-8.0));
#3185=CARTESIAN_POINT('',(5.162711850817292,-44.708880498145803,-8.0));
#3186=CARTESIAN_POINT('',(5.903804379641192,-44.625210794409341,-8.0));
#3187=CARTESIAN_POINT('',(6.596467468040698,-44.522889774082103,-8.0));
#3188=CARTESIAN_POINT('',(7.312772834022499,-44.417076288217750,-8.0));
#3189=CARTESIAN_POINT('',(8.088171541278207,-44.273551944436591,-8.0));
#3190=CARTESIAN_POINT('',(8.806917092644598,-44.140513956830752,-8.0));
#3191=CARTESIAN_POINT('',(9.528961867755800,-43.986674181998353,-8.0));
#3192=CARTESIAN_POINT('',(10.129918040442210,-43.858633698254103,-8.0));
#3193=CARTESIAN_POINT('',(10.633944782470399,-43.735533814981153,-8.0));
#3194=CARTESIAN_POINT('',(10.979614816714999,-43.651109840381643,-8.0));
#3195=CARTESIAN_POINT('',(11.454825032332399,-43.524794260436003,-8.0));
#3196=CARTESIAN_POINT('',(11.933141081000990,-43.397653119317198,-8.0));
#3197=CARTESIAN_POINT('',(12.288868064688391,-43.296467090956853,-8.0));
#3198=CARTESIAN_POINT('',(13.017277750847390,-43.089272004439543,-8.0));
#3199=CARTESIAN_POINT('',(13.863099966066990,-42.812986988701240,-8.0));
#3200=CARTESIAN_POINT('',(14.996655300796791,-42.442714905678692,-8.0));
#3201=CARTESIAN_POINT('',(15.951952388744600,-42.080504294669687,-8.0));
#3202=CARTESIAN_POINT('',(16.946814128570612,-41.703292343332137,-8.0));
#3203=CARTESIAN_POINT('',(18.060568298692001,-41.215534981454553,-8.0));
#3204=CARTESIAN_POINT('',(19.252108648835009,-40.693711949633190,-8.0));
#3205=CARTESIAN_POINT('',(20.321326570052008,-40.154192056738992,-8.0));
#3206=CARTESIAN_POINT('',(21.397389146695801,-39.611218398537048,-8.0));
#3207=CARTESIAN_POINT('',(22.449435559096209,-39.009166305587001,-8.0));
#3208=CARTESIAN_POINT('',(22.984219277634399,-38.703126901596292,-8.0));
#3209=CARTESIAN_POINT('',(23.497356261168399,-38.388332244771348,-8.0));
#3210=CARTESIAN_POINT('',(24.007803711176191,-38.075187538759849,-8.0));
#3211=CARTESIAN_POINT('',(24.572236699251611,-37.705913559625152,-8.0));
#3212=CARTESIAN_POINT('',(25.083252412995002,-37.371587235683940,-8.0));
#3213=CARTESIAN_POINT('',(25.586698859811801,-37.026090402258248,-8.0));
#3214=CARTESIAN_POINT('',(26.025766231623599,-36.724774567017597,-8.0));
#3215=CARTESIAN_POINT('',(26.391968329154000,-36.460163391445093,-8.0));
#3216=CARTESIAN_POINT('',(26.902554690779610,-36.091222693693190,-8.0));
#3217=CARTESIAN_POINT('',(27.590235443573000,-35.558068071069243,-8.0));
#3218=CARTESIAN_POINT('',(27.921686088943400,-35.301096441380402,-8.0));
#3219=CARTESIAN_POINT('',(28.226800980204210,-35.054168128618002,-8.0));
#3220=CARTESIAN_POINT('',(28.583293999944999,-34.765659693279503,-8.0));
#3221=CARTESIAN_POINT('',(28.982050439192001,-34.427533671270652,-8.0));
#3222=CARTESIAN_POINT('',(29.880490037210400,-33.665700689045003,-8.0));
#3223=CARTESIAN_POINT('',(30.641398283885209,-32.959502935987793,-8.0));
#3224=CARTESIAN_POINT('',(31.412357370152201,-32.243977014432737,-8.0));
#3225=CARTESIAN_POINT('',(32.242457978009007,-31.390062465398991,-8.0));
#3226=CARTESIAN_POINT('',(33.279863452651803,-30.322895883829741,-8.0));
#3227=CARTESIAN_POINT('',(34.166245708799622,-29.291418220326101,-8.0));
#3228=CARTESIAN_POINT('',(34.609183825222601,-28.775973816700141,-8.0));
#3229=CARTESIAN_POINT('',(35.054638233817002,-28.224862422725302,-8.0));
#3230=CARTESIAN_POINT('',(35.502933093168402,-27.670236853683491,-8.0));
#3231=CARTESIAN_POINT('',(35.901276283442577,-27.145186822552400,-8.0));
#3232=CARTESIAN_POINT('',(36.328085925357193,-26.582615599431399,-8.0));
#3233=CARTESIAN_POINT('',(36.736696338693811,-26.001987181416190,-8.0));
#3234=CARTESIAN_POINT('',(37.132723070220997,-25.439239960314499,-8.0));
#3235=CARTESIAN_POINT('',(37.552761540621212,-24.805269416163501,-8.0));
#3236=CARTESIAN_POINT('',(37.920121558339822,-24.250807273421600,-8.0));
#3237=CARTESIAN_POINT('',(38.217863976063221,-23.774792148986890,-8.0));
#3238=CARTESIAN_POINT('',(38.455994484246801,-23.394081451628299,-8.0));
#3239=CARTESIAN_POINT('',(38.692074031877993,-22.992857243416498,-8.0));
#3240=CARTESIAN_POINT('',(39.050208770630810,-22.384196610036401,-8.0));
#3241=CARTESIAN_POINT('',(39.329999110099600,-21.880316012415999,-8.0));
#3242=CARTESIAN_POINT('',(39.699987245742193,-21.213996212904799,-8.0));
#3243=CARTESIAN_POINT('',(40.107648834901617,-20.408297143192801,-8.0));
#3244=CARTESIAN_POINT('',(40.567824371518007,-19.498809932193200,-8.0));
#3245=CARTESIAN_POINT('',(40.936274043804993,-18.693527337031789,-8.0));
#3246=CARTESIAN_POINT('',(41.311187938748382,-17.874116554527500,-8.0));
#3247=CARTESIAN_POINT('',(41.687092669971200,-16.944962076947501,-8.0));
#3248=CARTESIAN_POINT('',(42.173837524175418,-15.741834999371889,-8.0));
#3249=CARTESIAN_POINT('',(42.561769242807998,-14.619394439061089,-8.0));
#3250=CARTESIAN_POINT('',(42.947773167233407,-13.502531753169089,-8.0));
#3251=CARTESIAN_POINT('',(43.293911171013391,-12.295756029709800,-8.0));
#3252=CARTESIAN_POINT('',(43.639098883200802,-11.092293403373001,-8.0));
#3253=CARTESIAN_POINT('',(43.899669093706407,-9.924540844742605,-8.0));
#3254=CARTESIAN_POINT('',(44.031538278451798,-9.333565469652209,-8.0));
#3255=CARTESIAN_POINT('',(44.160635284846400,-8.679377777687499,-8.0));
#3256=CARTESIAN_POINT('',(44.275501353967407,-8.097304105012901,-8.0));
#3257=CARTESIAN_POINT('',(44.366421540713212,-7.576468388770199,-8.0));
#3258=CARTESIAN_POINT('',(44.443186034995797,-7.136723467506892,-8.0));
#3259=CARTESIAN_POINT('',(44.503785300226610,-6.728672657691587,-8.0));
#3260=CARTESIAN_POINT('',(44.548026407026988,-6.430771034821800,-8.0));
#3261=CARTESIAN_POINT('',(44.604289450244814,-6.005069217296002,-8.0));
#3262=CARTESIAN_POINT('',(44.658850174613022,-5.592247617169393,-8.0));
#3263=CARTESIAN_POINT('',(44.698613958740999,-5.251897255777488,-8.0));
#3264=CARTESIAN_POINT('',(44.749056463959207,-4.820144462198098,-8.0));
#3265=CARTESIAN_POINT('',(44.791797339419993,-4.371611394238196,-8.0));
#3266=CARTESIAN_POINT('',(44.900870332682807,-3.226973064476904,-8.0));
#3267=CARTESIAN_POINT('',(44.948126008383213,-2.191386527366196,-8.0));
#3268=CARTESIAN_POINT('',(44.970915571993423,-1.691963655687093,-8.0));
#3269=CARTESIAN_POINT('',(44.983578380734187,-1.084762964107686,-8.0));
#3270=CARTESIAN_POINT('',(44.991162575104021,-0.721089456855895,-8.0));
#3271=CARTESIAN_POINT('',(45.000000000000007,0.0,-8.0));
#3272=B_SPLINE_CURVE_WITH_KNOTS('',2,(#3087,#3088,#3089,#3090,#3091,#3092,#3093,#3094,#3095,#3096,#3097,#3098,#3099,#3100,#3101,#3102,#3103,#3104,#3105,#3106,#3107,#3108,#3109,#3110,#3111,#3112,#3113,#3114,#3115,#3116,#3117,#3118,#3119,#3120,#3121,#3122,#3123,#3124,#3125,#3126,#3127,#3128,#3129,#3130,#3131,#3132,#3133,#3134,#3135,#3136,#3137,#3138,#3139,#3140,#3141,#3142,#3143,#3144,#3145,#3146,#3147,#3148,#3149,#3150,#3151,#3152,#3153,#3154,#3155,#3156,#3157,#3158,#3159,#3160,#3161,#3162,#3163,#3164,#3165,#3166,#3167,#3168,#3169,#3170,#3171,#3172,#3173,#3174,#3175,#3176,#3177,#3178,#3179,#3180,#3181,#3182,#3183,#3184,#3185,#3186,#3187,#3188,#3189,#3190,#3191,#3192,#3193,#3194,#3195,#3196,#3197,#3198,#3199,#3200,#3201,#3202,#3203,#3204,#3205,#3206,#3207,#3208,#3209,#3210,#3211,#3212,#3213,#3214,#3215,#3216,#3217,#3218,#3219,#3220,#3221,#3222,#3223,#3224,#3225,#3226,#3227,#3228,#3229,#3230,#3231,#3232,#3233,#3234,#3235,#3236,#3237,#3238,#3239,#3240,#3241,#3242,#3243,#3244,#3245,#3246,#3247,#3248,#3249,#3250,#3251,#3252,#3253,#3254,#3255,#3256,#3257,#3258,#3259,#3260,#3261,#3262,#3263,#3264,#3265,#3266,#3267,#3268,#3269,#3270,#3271),.UNSPECIFIED.,.F.,.U.,(3,2,2,2,2,2,2,2,2,2,2,2,2,2,2,2,2,2,2,2,2,2,2,2,2,2,2,2,2,2,2,2,2,2,2,2,2,2,2,2,2,2,2,2,2,2,2,2,2,2,2,2,2,2,2,2,2,2,2,2,2,2,2,2,2,2,2,2,2,2,2,2,2,2,2,2,2,2,2,2,2,2,2,2,2,2,2,2,2,2,2,2,3),(0.492063410238535,0.492187500000000,0.500000000000000,0.507812500000000,0.515625000000000,0.519531250000000,0.523437500000000,0.527343750000000,0.531250000000000,0.535156250000000,0.539062500000000,0.542968750000000,0.546875000000000,0.551339285714286,0.555803571428571,0.562500000000000,0.571428571428571,0.575892857142857,0.580357142857143,0.584821428571429,0.589285714285714,0.592857142857143,0.598214285714286,0.605867346938775,0.613520408163265,0.619260204081633,0.625000000000000,0.632812500000000,0.640625000000000,0.648437500000000,0.652343750000000,0.656250000000000,0.660156250000000,0.664062500000000,0.671875000000000,0.679687500000000,0.687500000000000,0.691406250000000,0.695312500000000,0.703125000000000,0.707589285714286,0.710937500000000,0.718750000000000,0.722656250000000,0.726562500000000,0.734375000000000,0.742187500000000,0.750000000000000,0.756250000000000,0.762500000000000,0.767187500000000,0.771875000000000,0.776562500000000,0.781250000000000,0.785714285714286,0.790178571428571,0.796875000000000,0.804687500000000,0.812500000000000,0.820312500000000,0.828125000000000,0.832031250000000,0.835937500000000,0.839843750000000,0.843750000000000,0.851562500000000,0.855468750000000,0.859375000000000,0.867187500000000,0.875000000000000,0.883928571428571,0.888392857142857,0.892857142857143,0.897321428571429,0.901785714285714,0.906250000000000,0.910714285714286,0.917410714285714,0.924107142857143,0.930803571428571,0.937500000000000,0.945312500000000,0.953125000000000,0.960937500000000,0.964843750000000,0.968750000000000,0.972656250000000,0.976562500000000,0.980468750000000,0.984375000000000,0.992187500000000,0.996093750000000,1.0),.UNSPECIFIED.);
#3273=EDGE_CURVE('',#3084,#3086,#3272,.T.);
#3274=ORIENTED_EDGE('',*,*,#3273,.T.);
#3275=CARTESIAN_POINT('',(44.726291863905487,4.980766305468990,-8.0));
#3276=VERTEX_POINT('',#3275);
#3277=CARTESIAN_POINT('',(45.000000000000007,0.0,-8.0));
#3278=CARTESIAN_POINT('',(44.723539884057388,4.980459842135507,-8.0));
#3279=QUASI_UNIFORM_CURVE('',1,(#3277,#3278),.UNSPECIFIED.,.F.,.U.);
#3280=EDGE_CURVE('',#3086,#3276,#3279,.T.);
#3281=ORIENTED_EDGE('',*,*,#3280,.T.);
#3282=CARTESIAN_POINT('',(44.729043843753622,4.981072768802511,-8.0));
#3283=CARTESIAN_POINT('',(44.631806052043402,5.768637001741405,-8.0));
#3284=CARTESIAN_POINT('',(44.578089274020407,6.168761742632409,-8.0));
#3285=CARTESIAN_POINT('',(44.488703251730207,6.834579022156603,-8.0));
#3286=CARTESIAN_POINT('',(44.396929437735210,7.391412131221811,-8.0));
#3287=CARTESIAN_POINT('',(44.300669230610410,7.975466210259810,-8.0));
#3288=CARTESIAN_POINT('',(44.168114804572582,8.649332317309314,-8.0));
#3289=CARTESIAN_POINT('',(44.054956354289409,9.224595223659302,-8.0));
#3290=CARTESIAN_POINT('',(43.930320161965987,9.790359846517605,-8.0));
#3291=CARTESIAN_POINT('',(43.827185159523992,10.258523504860310,-8.0));
#3292=CARTESIAN_POINT('',(43.726128060593808,10.670540567511409,-8.0));
#3293=CARTESIAN_POINT('',(43.648227108700198,10.988148352779501,-8.0));
#3294=CARTESIAN_POINT('',(43.542330371317583,11.388622051894499,-8.0));
#3295=CARTESIAN_POINT('',(43.433570608382993,11.799922963082601,-8.0));
#3296=CARTESIAN_POINT('',(43.348111436613209,12.106024050137711,-8.0));
#3297=CARTESIAN_POINT('',(43.233363100029010,12.517034241773811,-8.0));
#3298=CARTESIAN_POINT('',(43.108673444874597,12.927262246357911,-8.0));
#3299=CARTESIAN_POINT('',(42.968229757177603,13.389320896605010,-8.0));
#3300=CARTESIAN_POINT('',(42.796664377969194,13.912883899796100,-8.0));
#3301=CARTESIAN_POINT('',(42.617663104628420,14.459138888289010,-8.0));
#3302=CARTESIAN_POINT('',(42.436237011532789,14.976080431318010,-8.0));
#3303=CARTESIAN_POINT('',(42.249600526421602,15.507868064246709,-8.0));
#3304=CARTESIAN_POINT('',(42.062314602360402,15.999853738445220,-8.0));
#3305=CARTESIAN_POINT('',(41.873073214346412,16.496976265591101,-8.0));
#3306=CARTESIAN_POINT('',(41.658102897119022,17.019187362531401,-8.0));
#3307=CARTESIAN_POINT('',(41.187044693056997,18.163493351556799,-8.0));
#3308=CARTESIAN_POINT('',(40.673342164597003,19.256010710536199,-8.0));
#3309=CARTESIAN_POINT('',(40.161811924964212,20.343908152109709,-8.0));
#3310=CARTESIAN_POINT('',(39.564050480710407,21.450700059639100,-8.0));
#3311=CARTESIAN_POINT('',(38.961720036768213,22.565951749795008,-8.0));
#3312=CARTESIAN_POINT('',(38.357287156195177,23.547874207187199,-8.0));
#3313=CARTESIAN_POINT('',(38.043945878467603,24.056908125290899,-8.0));
#3314=CARTESIAN_POINT('',(37.672542339954397,24.623179601117808,-8.0));
#3315=CARTESIAN_POINT('',(37.337992170581387,25.133261489156510,-8.0));
#3316=CARTESIAN_POINT('',(36.995825672208213,25.630749896985801,-8.0));
#3317=CARTESIAN_POINT('',(36.698718904346201,26.062724311786209,-8.0));
#3318=CARTESIAN_POINT('',(36.436570523198789,26.424575638355812,-8.0));
#3319=CARTESIAN_POINT('',(36.225944659429992,26.715308878366709,-8.0));
#3320=CARTESIAN_POINT('',(35.980129991017797,27.039470700971190,-8.0));
#3321=CARTESIAN_POINT('',(35.446469250725812,27.743222187174009,-8.0));
#3322=CARTESIAN_POINT('',(35.027512815524602,28.259698075742609,-8.0));
#3323=CARTESIAN_POINT('',(34.693927835003613,28.670930807243810,-8.0));
#3324=CARTESIAN_POINT('',(34.294068535334397,29.138827519749210,-8.0));
#3325=CARTESIAN_POINT('',(33.868622267102410,29.636664910097000,-8.0));
#3326=CARTESIAN_POINT('',(33.451204004431020,30.102160072643009,-8.0));
#3327=CARTESIAN_POINT('',(33.023383102447397,30.579256017211591,-8.0));
#3328=CARTESIAN_POINT('',(32.608211575836407,31.014951294953409,-8.0));
#3329=CARTESIAN_POINT('',(32.190007179724198,31.453829370250190,-8.0));
#3330=CARTESIAN_POINT('',(31.714772721064410,31.924028809470212,-8.0));
#3331=CARTESIAN_POINT('',(30.943643679445600,32.686987884361209,-8.0));
#3332=CARTESIAN_POINT('',(30.178759136238408,33.382131076813607,-8.0));
#3333=CARTESIAN_POINT('',(29.410940031654999,34.079941260489200,-8.0));
#3334=CARTESIAN_POINT('',(28.580838668571211,34.764114883141623,-8.0));
#3335=CARTESIAN_POINT('',(27.606904335802600,35.566836346217599,-8.0));
#3336=CARTESIAN_POINT('',(26.680224146080398,36.248707592279409,-8.0));
#3337=CARTESIAN_POINT('',(25.753608997285198,36.930530979826017,-8.0));
#3338=CARTESIAN_POINT('',(24.615222737396401,37.678121290220801,-8.0));
#3339=CARTESIAN_POINT('',(24.143727164440399,37.987757425297012,-8.0));
#3340=CARTESIAN_POINT('',(23.738259267322402,38.240683141682013,-8.0));
#3341=CARTESIAN_POINT('',(23.401867990152589,38.450519741246403,-8.0));
#3342=CARTESIAN_POINT('',(23.052831208633400,38.656716692235001,-8.0));
#3343=CARTESIAN_POINT('',(22.777790427009599,38.819199770154398,-8.0));
#3344=CARTESIAN_POINT('',(22.426660079341200,39.021007173191400,-8.0));
#3345=CARTESIAN_POINT('',(22.064499348561998,39.229154139256607,-8.0));
#3346=CARTESIAN_POINT('',(21.740948620351599,39.406991458496996,-8.0));
#3347=CARTESIAN_POINT('',(20.929545061634201,39.852973559982402,-8.0));
#3348=CARTESIAN_POINT('',(19.931662836890201,40.345959509300009,-8.0));
#3349=CARTESIAN_POINT('',(18.887945736741202,40.861589362881013,-8.0));
#3350=CARTESIAN_POINT('',(17.941754114875000,41.270688828118622,-8.0));
#3351=CARTESIAN_POINT('',(16.896995447281999,41.722405163728993,-8.0));
#3352=CARTESIAN_POINT('',(15.744767857342399,42.155389918990799,-8.0));
#3353=CARTESIAN_POINT('',(14.570031999950199,42.596832844113791,-8.0));
#3354=CARTESIAN_POINT('',(13.395842485782600,42.964272148389007,-8.0));
#3355=CARTESIAN_POINT('',(12.204690374997609,43.337019560618401,-8.0));
#3356=CARTESIAN_POINT('',(11.079043728270999,43.623937161765006,-8.0));
#3357=CARTESIAN_POINT('',(9.956795990558002,43.909988410381203,-8.0));
#3358=CARTESIAN_POINT('',(8.622173361606006,44.171947929204009,-8.0));
#3359=CARTESIAN_POINT('',(7.545059299377003,44.383363707220610,-8.0));
#3360=CARTESIAN_POINT('',(6.692262848165195,44.508991318534413,-8.0));
#3361=CARTESIAN_POINT('',(6.402940945490501,44.551612062889397,-8.0));
#3362=CARTESIAN_POINT('',(5.971034240860304,44.608859098546603,-8.0));
#3363=CARTESIAN_POINT('',(5.552495209803804,44.664334317102011,-8.0));
#3364=CARTESIAN_POINT('',(5.215406952952292,44.703465986260198,-8.0));
#3365=CARTESIAN_POINT('',(4.329554828563495,44.806302176931602,-8.0));
#3366=CARTESIAN_POINT('',(3.259739378355400,44.882704047400203,-8.0));
#3367=CARTESIAN_POINT('',(2.076852847594402,44.967180994788208,-8.0));
#3368=CARTESIAN_POINT('',(1.058075355575006,44.989961652708203,-8.0));
#3369=CARTESIAN_POINT('',(-0.037801848378496,45.014466320214993,-8.0));
#3370=CARTESIAN_POINT('',(-1.267763505250305,44.981336243294997,-8.0));
#3371=CARTESIAN_POINT('',(-1.917743735796396,44.963828465784800,-8.0));
#3372=CARTESIAN_POINT('',(-2.523864291829603,44.931196572956011,-8.0));
#3373=CARTESIAN_POINT('',(-3.133758140937109,44.898361536224222,-8.0));
#3374=CARTESIAN_POINT('',(-3.757214032104397,44.846768843432997,-8.0));
#3375=CARTESIAN_POINT('',(-4.348308270220494,44.797854166597013,-8.0));
#3376=CARTESIAN_POINT('',(-4.962128854069700,44.731107639948000,-8.0));
#3377=CARTESIAN_POINT('',(-5.579864269192298,44.663935416610400,-8.0));
#3378=CARTESIAN_POINT('',(-6.153478668382589,44.585779600228598,-8.0));
#3379=CARTESIAN_POINT('',(-6.765966280083094,44.502327250734197,-8.0));
#3380=CARTESIAN_POINT('',(-7.371703112754091,44.400404946941812,-8.0));
#3381=CARTESIAN_POINT('',(-7.961808036861390,44.301112894518603,-8.0));
#3382=CARTESIAN_POINT('',(-8.628745463943488,44.170562956261399,-8.0));
#3383=CARTESIAN_POINT('',(-9.772222224864596,43.946732632044018,-8.0));
#3384=CARTESIAN_POINT('',(-10.658567191658999,43.729509399046002,-8.0));
#3385=CARTESIAN_POINT('',(-10.973246235776200,43.652388636949212,-8.0));
#3386=CARTESIAN_POINT('',(-11.377627645092700,43.545280261043011,-8.0));
#3387=CARTESIAN_POINT('',(-11.793099216679700,43.435234437366013,-8.0));
#3388=CARTESIAN_POINT('',(-12.093977374104201,43.351349362665012,-8.0));
#3389=CARTESIAN_POINT('',(-12.933699080369109,43.117234268831012,-8.0));
#3390=CARTESIAN_POINT('',(-13.896282380930010,42.802136099192808,-8.0));
#3391=CARTESIAN_POINT('',(-15.029974215395701,42.431026168482603,-8.0));
#3392=CARTESIAN_POINT('',(-15.983884666030390,42.068380284102012,-8.0));
#3393=CARTESIAN_POINT('',(-16.980887330009100,41.689352134690203,-8.0));
#3394=CARTESIAN_POINT('',(-18.096432358562499,41.199812197141419,-8.0));
#3395=CARTESIAN_POINT('',(-19.286058373240799,40.677762947648411,-8.0));
#3396=CARTESIAN_POINT('',(-20.356154649679301,40.136597951054213,-8.0));
#3397=CARTESIAN_POINT('',(-21.433928461083610,39.591550300837987,-8.0));
#3398=CARTESIAN_POINT('',(-22.482522484421509,38.990211285066003,-8.0));
#3399=CARTESIAN_POINT('',(-23.017120591416891,38.683634390348800,-8.0));
#3400=CARTESIAN_POINT('',(-23.531025352099210,38.367653154219802,-8.0));
#3401=CARTESIAN_POINT('',(-24.040500632631801,38.054395443382212,-8.0));
#3402=CARTESIAN_POINT('',(-24.606214612641200,37.683664827493608,-8.0));
#3403=CARTESIAN_POINT('',(-25.116624677607600,37.349176650734407,-8.0));
#3404=CARTESIAN_POINT('',(-25.616123362170988,37.005882099670004,-8.0));
#3405=CARTESIAN_POINT('',(-26.050486294052391,36.707353930712600,-8.0));
#3406=CARTESIAN_POINT('',(-26.413752834925710,36.444408131933407,-8.0));
#3407=CARTESIAN_POINT('',(-26.925620132770309,36.073899592454197,-8.0));
#3408=CARTESIAN_POINT('',(-27.609189374092601,35.543365033185012,-8.0));
#3409=CARTESIAN_POINT('',(-27.940979683057488,35.285854579678002,-8.0));
#3410=CARTESIAN_POINT('',(-28.248700644623799,35.036430537017807,-8.0));
#3411=CARTESIAN_POINT('',(-28.606482032323591,34.746429883001611,-8.0));
#3412=CARTESIAN_POINT('',(-29.007981124768310,34.405530815844799,-8.0));
#3413=CARTESIAN_POINT('',(-29.908190155419611,33.641194296610003,-8.0));
#3414=CARTESIAN_POINT('',(-30.666482447889500,32.936201551692591,-8.0));
#3415=CARTESIAN_POINT('',(-31.437279249003090,32.219583226560403,-8.0));
#3416=CARTESIAN_POINT('',(-32.269311634017598,31.362417477639010,-8.0));
#3417=CARTESIAN_POINT('',(-33.179653244006900,30.424577001769212,-8.0));
#3418=CARTESIAN_POINT('',(-33.961411389460999,29.528056468045200,-8.0));
#3419=CARTESIAN_POINT('',(-34.411430452567203,29.011974438087400,-8.0));
#3420=CARTESIAN_POINT('',(-34.861534496549197,28.462245500915810,-8.0));
#3421=CARTESIAN_POINT('',(-35.308932594259197,27.915821437335200,-8.0));
#3422=CARTESIAN_POINT('',(-35.715349332969502,27.388358616119412,-8.0));
#3423=CARTESIAN_POINT('',(-36.352720340384998,26.561154719943211,-8.0));
#3424=CARTESIAN_POINT('',(-36.969736394297101,25.667608759571710,-8.0));
#3425=CARTESIAN_POINT('',(-37.317084886563599,25.164588068070991,-8.0));
#3426=CARTESIAN_POINT('',(-37.667854440873313,24.630851033208611,-8.0));
#3427=CARTESIAN_POINT('',(-37.978808016225400,24.157698682187601,-8.0));
#3428=CARTESIAN_POINT('',(-38.233115831215201,23.750385387172209,-8.0));
#3429=CARTESIAN_POINT('',(-38.444376160700202,23.412019297589019,-8.0));
#3430=CARTESIAN_POINT('',(-38.650781169285999,23.062875276572299,-8.0));
#3431=CARTESIAN_POINT('',(-38.811572451987701,22.790889071530209,-8.0));
#3432=CARTESIAN_POINT('',(-39.015166712426002,22.436819832674800,-8.0));
#3433=CARTESIAN_POINT('',(-39.223412263939792,22.074661568680408,-8.0));
#3434=CARTESIAN_POINT('',(-39.400497303236087,21.752759105181500,-8.0));
#3435=CARTESIAN_POINT('',(-39.616325832256393,21.360429321360719,-8.0));
#3436=CARTESIAN_POINT('',(-39.843303530924487,20.923848781316011,-8.0));
#3437=CARTESIAN_POINT('',(-40.090082435407297,20.449181587036801,-8.0));
#3438=CARTESIAN_POINT('',(-40.338023228529387,19.947720946405511,-8.0));
#3439=CARTESIAN_POINT('',(-40.598053159562703,19.421810005501690,-8.0));
#3440=CARTESIAN_POINT('',(-40.821093743917999,18.943002843533009,-8.0));
#3441=CARTESIAN_POINT('',(-41.266423285389003,17.987002057806802,-8.0));
#3442=CARTESIAN_POINT('',(-41.701238752850593,16.909957041079100,-8.0));
#3443=CARTESIAN_POINT('',(-42.187883719642798,15.704529507741610,-8.0));
#3444=CARTESIAN_POINT('',(-42.574659487214113,14.582043215132710,-8.0));
#3445=CARTESIAN_POINT('',(-42.959735438114599,13.464490067443510,-8.0));
#3446=CARTESIAN_POINT('',(-43.304380353074599,12.259186633419599,-8.0));
#3447=CARTESIAN_POINT('',(-43.647801269103091,11.058163808368910,-8.0));
#3448=CARTESIAN_POINT('',(-43.908508697059297,9.884880595831703,-8.0));
#3449=CARTESIAN_POINT('',(-44.040168248773298,9.292362219936997,-8.0));
#3450=CARTESIAN_POINT('',(-44.168200558186797,8.641248986522507,-8.0));
#3451=CARTESIAN_POINT('',(-44.282398196538900,8.060492504847208,-8.0));
#3452=CARTESIAN_POINT('',(-44.371729278319798,7.545837391722904,-8.0));
#3453=CARTESIAN_POINT('',(-44.446851174013887,7.113044382214509,-8.0));
#3454=CARTESIAN_POINT('',(-44.507230217432699,6.704203961001007,-8.0));
#3455=CARTESIAN_POINT('',(-44.550034669212003,6.414365150971796,-8.0));
#3456=CARTESIAN_POINT('',(-44.607346643634813,5.982439438700707,-8.0));
#3457=CARTESIAN_POINT('',(-44.662958939294697,5.563323177992699,-8.0));
#3458=CARTESIAN_POINT('',(-44.701977298552499,5.228213189070311,-8.0));
#3459=CARTESIAN_POINT('',(-44.752649390156698,4.793014877835705,-8.0));
#3460=CARTESIAN_POINT('',(-44.794619833163701,4.340080546331810,-8.0));
#3461=CARTESIAN_POINT('',(-44.841505475074797,3.834102640104003,-8.0));
#3462=CARTESIAN_POINT('',(-44.881435940463987,3.277458886073101,-8.0));
#3463=CARTESIAN_POINT('',(-44.923243305632397,2.694650534939905,-8.0));
#3464=CARTESIAN_POINT('',(-44.950022237084298,2.157060477566114,-8.0));
#3465=CARTESIAN_POINT('',(-44.977473233205998,1.605978646441200,-8.0));
#3466=CARTESIAN_POINT('',(-44.989574770429101,1.075218798572808,-8.0));
#3467=CARTESIAN_POINT('',(-45.001319443284117,0.560110621579901,-8.0));
#3468=CARTESIAN_POINT('',(-44.999999310607677,1.624742E-009,-8.0));
#3469=B_SPLINE_CURVE_WITH_KNOTS('',2,(#3282,#3283,#3284,#3285,#3286,#3287,#3288,#3289,#3290,#3291,#3292,#3293,#3294,#3295,#3296,#3297,#3298,#3299,#3300,#3301,#3302,#3303,#3304,#3305,#3306,#3307,#3308,#3309,#3310,#3311,#3312,#3313,#3314,#3315,#3316,#3317,#3318,#3319,#3320,#3321,#3322,#3323,#3324,#3325,#3326,#3327,#3328,#3329,#3330,#3331,#3332,#3333,#3334,#3335,#3336,#3337,#3338,#3339,#3340,#3341,#3342,#3343,#3344,#3345,#3346,#3347,#3348,#3349,#3350,#3351,#3352,#3353,#3354,#3355,#3356,#3357,#3358,#3359,#3360,#3361,#3362,#3363,#3364,#3365,#3366,#3367,#3368,#3369,#3370,#3371,#3372,#3373,#3374,#3375,#3376,#3377,#3378,#3379,#3380,#3381,#3382,#3383,#3384,#3385,#3386,#3387,#3388,#3389,#3390,#3391,#3392,#3393,#3394,#3395,#3396,#3397,#3398,#3399,#3400,#3401,#3402,#3403,#3404,#3405,#3406,#3407,#3408,#3409,#3410,#3411,#3412,#3413,#3414,#3415,#3416,#3417,#3418,#3419,#3420,#3421,#3422,#3423,#3424,#3425,#3426,#3427,#3428,#3429,#3430,#3431,#3432,#3433,#3434,#3435,#3436,#3437,#3438,#3439,#3440,#3441,#3442,#3443,#3444,#3445,#3446,#3447,#3448,#3449,#3450,#3451,#3452,#3453,#3454,#3455,#3456,#3457,#3458,#3459,#3460,#3461,#3462,#3463,#3464,#3465,#3466,#3467,#3468),.UNSPECIFIED.,.F.,.U.,(3,2,2,2,2,2,2,2,2,2,2,2,2,2,2,2,2,2,2,2,2,2,2,2,2,2,2,2,2,2,2,2,2,2,2,2,2,2,2,2,2,2,2,2,2,2,2,2,2,2,2,2,2,2,2,2,2,2,2,2,2,2,2,2,2,2,2,2,2,2,2,2,2,2,2,2,2,2,2,2,2,2,2,2,2,2,2,2,2,2,2,2,2,3),(0.0,0.003906250000000,0.007812500000000,0.011718750000000,0.015625000000000,0.019531250000000,0.023437500000000,0.027343750000000,0.031250000000000,0.035156250000000,0.039062500000000,0.042968750000000,0.046875000000000,0.054687500000000,0.062500000000000,0.070312500000000,0.074218750000000,0.078125000000000,0.082031250000000,0.085937500000000,0.093750000000000,0.098214285714286,0.102678571428571,0.107142857142857,0.111607142857143,0.118303571428571,0.125000000000000,0.132812500000000,0.140625000000000,0.144531250000000,0.148437500000000,0.152343750000000,0.156250000000000,0.164062500000000,0.171875000000000,0.179687500000000,0.187500000000000,0.195312500000000,0.203125000000000,0.210937500000000,0.214843750000000,0.218750000000000,0.226562500000000,0.234375000000000,0.242187500000000,0.246093750000000,0.250000000000000,0.253906250000000,0.257812500000000,0.261718750000000,0.265625000000000,0.273437500000000,0.277343750000000,0.281250000000000,0.289062500000000,0.296875000000000,0.304687500000000,0.312500000000000,0.320312500000000,0.324218750000000,0.328125000000000,0.332031250000000,0.335937500000000,0.343750000000000,0.347656250000000,0.351562500000000,0.359375000000000,0.367187500000000,0.375000000000000,0.379464285714285,0.383928571428572,0.390625000000000,0.394531250000000,0.398437500000000,0.402343750000000,0.406250000000000,0.410156250000000,0.414062500000000,0.417968750000000,0.421875000000000,0.429687500000000,0.437500000000000,0.445312500000000,0.453125000000000,0.457031250000000,0.460937500000000,0.464843750000000,0.468750000000000,0.472656250000000,0.476562500000000,0.480468750000000,0.484375000000000,0.488281250000000,0.492063410238535),.UNSPECIFIED.);
#3470=EDGE_CURVE('',#3276,#3084,#3469,.T.);
#3471=ORIENTED_EDGE('',*,*,#3470,.T.);
#3472=EDGE_LOOP('',(#3274,#3281,#3471));
#3473=FACE_BOUND('',#3472,.T.);
#3474=ADVANCED_FACE('',(#1186,#1264,#1342,#1420,#1498,#1680,#1860,#2012,#2158,#2235,#2312,#2389,#2466,#2543,#2620,#2697,#2774,#2851,#2928,#3005,#3082,#3473),#1092,.F.);
#3475=CARTESIAN_POINT('',(68.0,-68.0,-8.750000000000000));
#3476=DIRECTION('',(0.0,0.0,1.0));
#3477=DIRECTION('',(1.0,0.0,0.0));
#3478=AXIS2_PLACEMENT_3D('',#3475,#3476,#3477);
#3479=CYLINDRICAL_SURFACE('',#3478,5.0);
#3480=CARTESIAN_POINT('',(63.0,-68.0,-0.500000000000000));
#3481=VERTEX_POINT('',#3480);
#3482=CARTESIAN_POINT('',(68.0,-68.0,-0.500000000000000));
#3483=DIRECTION('',(0.0,0.0,-1.0));
#3484=DIRECTION('',(-1.0,0.0,0.0));
#3485=AXIS2_PLACEMENT_3D('',#3482,#3483,#3484);
#3486=CIRCLE('',#3485,5.0);
#3487=EDGE_CURVE('',#563,#3481,#3486,.F.);
#3488=ORIENTED_EDGE('',*,*,#3487,.T.);
#3489=CARTESIAN_POINT('',(63.0,-68.0,-4.250000000000000));
#3490=DIRECTION('',(0.0,0.0,1.0));
#3491=VECTOR('',#3490,1.0);
#3492=LINE('',#3489,#3491);
#3493=EDGE_CURVE('',#1096,#3481,#3492,.T.);
#3494=ORIENTED_EDGE('',*,*,#3493,.F.);
#3495=ORIENTED_EDGE('',*,*,#1183,.F.);
#3496=ORIENTED_EDGE('',*,*,#570,.F.);
#3497=EDGE_LOOP('',(#3488,#3494,#3495,#3496));
#3498=FACE_OUTER_BOUND('',#3497,.T.);
#3499=ADVANCED_FACE('',(#3498),#3479,.F.);
#3500=CARTESIAN_POINT('',(68.0,-63.0,-0.500000000000000));
#3501=DIRECTION('',(0.0,0.707106781186548,-0.707106781186548));
#3502=DIRECTION('',(0.0,0.707106781186548,0.707106781186548));
#3503=AXIS2_PLACEMENT_3D('',#3500,#3501,#3502);
#3504=PLANE('',#3503);
#3505=CARTESIAN_POINT('',(68.0,-62.500000000000000,-4.343305E-016));
#3506=VERTEX_POINT('',#3505);
#3507=CARTESIAN_POINT('',(68.0,-62.725000000000001,-0.225000000000000));
#3508=DIRECTION('',(0.0,0.707106781186543,0.707106781186552));
#3509=VECTOR('',#3508,0.999999999999994);
#3510=LINE('',#3507,#3509);
#3511=EDGE_CURVE('',#3506,#563,#3510,.F.);
#3512=ORIENTED_EDGE('',*,*,#3511,.T.);
#3513=ORIENTED_EDGE('',*,*,#592,.F.);
#3514=CARTESIAN_POINT('',(87.500000000000000,-62.500000000000000,3.694382E-015));
#3515=VERTEX_POINT('',#3514);
#3516=CARTESIAN_POINT('',(87.500000000000000,-62.774999999999999,-0.274999999999994));
#3517=DIRECTION('',(0.0,-0.707106781186550,-0.707106781186545));
#3518=VECTOR('',#3517,1.000000000000004);
#3519=LINE('',#3516,#3518);
#3520=EDGE_CURVE('',#3515,#581,#3519,.T.);
#3521=ORIENTED_EDGE('',*,*,#3520,.F.);
#3522=CARTESIAN_POINT('',(0.0,-62.500000000000000,0.0));
#3523=DIRECTION('',(1.0,0.0,0.0));
#3524=VECTOR('',#3523,1.0);
#3525=LINE('',#3522,#3524);
#3526=EDGE_CURVE('',#3506,#3515,#3525,.T.);
#3527=ORIENTED_EDGE('',*,*,#3526,.F.);
#3528=EDGE_LOOP('',(#3512,#3513,#3521,#3527));
#3529=FACE_OUTER_BOUND('',#3528,.T.);
#3530=ADVANCED_FACE('',(#3529),#3504,.F.);
#3531=CARTESIAN_POINT('',(87.500000000000000,-58.0,-0.549999999999991));
#3532=DIRECTION('',(-3.665047E-017,3.665047E-017,-1.0));
#3533=DIRECTION('',(0.0,1.0,3.665047E-017));
#3534=AXIS2_PLACEMENT_3D('',#3531,#3532,#3533);
#3535=CONICAL_SURFACE('',#3534,5.050000000000000,45.0);
#3536=ORIENTED_EDGE('',*,*,#647,.T.);
#3537=CARTESIAN_POINT('',(92.0,-58.000000000003702,2.653085E-017));
#3538=VERTEX_POINT('',#3537);
#3539=CARTESIAN_POINT('',(92.250000000000000,-58.0,-0.250000000000004));
#3540=DIRECTION('',(-0.707106781186553,0.0,0.707106781186542));
#3541=VECTOR('',#3540,1.000000000000001);
#3542=LINE('',#3539,#3541);
#3543=EDGE_CURVE('',#635,#3538,#3542,.T.);
#3544=ORIENTED_EDGE('',*,*,#3543,.T.);
#3545=CARTESIAN_POINT('',(91.995506753409188,-58.208061296389602,3.735625E-015));
#3546=VERTEX_POINT('',#3545);
#3547=CARTESIAN_POINT('',(91.995825342520988,-58.208076041348797,0.0));
#3548=CARTESIAN_POINT('',(92.0,-58.000000000007446,0.0));
#3549=QUASI_UNIFORM_CURVE('',1,(#3547,#3548),.UNSPECIFIED.,.F.,.U.);
#3550=EDGE_CURVE('',#3546,#3538,#3549,.T.);
#3551=ORIENTED_EDGE('',*,*,#3550,.F.);
#3552=CARTESIAN_POINT('',(87.500000000000000,-62.499999999999993,0.0));
#3553=CARTESIAN_POINT('',(87.698046227585479,-62.493362712161172,0.0));
#3554=CARTESIAN_POINT('',(87.793035501842510,-62.488894398510404,0.0));
#3555=CARTESIAN_POINT('',(87.953044610729009,-62.481367539387890,0.0));
#3556=CARTESIAN_POINT('',(88.060161446311014,-62.470788775674187,0.0));
#3557=CARTESIAN_POINT('',(88.329685088481995,-62.444170859729503,0.0));
#3558=CARTESIAN_POINT('',(88.699540016626997,-62.346004929926991,0.0));
#3559=CARTESIAN_POINT('',(88.923273486779507,-62.286622176165650,0.0));
#3560=CARTESIAN_POINT('',(89.105161427531996,-62.219812205874831,0.0));
#3561=CARTESIAN_POINT('',(89.292735518778002,-62.150913633426043,0.0));
#3562=CARTESIAN_POINT('',(89.474714921219999,-62.059855117843647,0.0));
#3563=CARTESIAN_POINT('',(89.822363433232994,-61.885899400748727,0.0));
#3564=CARTESIAN_POINT('',(90.168529951114493,-61.629901199579542,0.0));
#3565=CARTESIAN_POINT('',(90.338603703729987,-61.504127699004968,0.0));
#3566=CARTESIAN_POINT('',(90.485974734513505,-61.370836311310889,0.0));
#3567=CARTESIAN_POINT('',(90.649037199911987,-61.223352628946358,0.0));
#3568=CARTESIAN_POINT('',(90.820682558139495,-61.035122989949798,0.0));
#3569=CARTESIAN_POINT('',(91.011224217752982,-60.826171299248003,0.0));
#3570=CARTESIAN_POINT('',(91.166924716274522,-60.617260442928163,0.0));
#3571=CARTESIAN_POINT('',(91.326278261158492,-60.403448118398522,0.0));
#3572=CARTESIAN_POINT('',(91.452712855779993,-60.177611528418090,0.0));
#3573=CARTESIAN_POINT('',(91.571847089328003,-59.964814792406123,0.0));
#3574=CARTESIAN_POINT('',(91.672144948243499,-59.723851220576911,0.0));
#3575=CARTESIAN_POINT('',(91.773483996970000,-59.480386211343443,0.0));
#3576=CARTESIAN_POINT('',(91.838676639118489,-59.243033043649497,0.0));
#3577=CARTESIAN_POINT('',(91.902324654725504,-59.011303547436640,0.0));
#3578=CARTESIAN_POINT('',(91.940220244989519,-58.734350271338052,0.0));
#3579=CARTESIAN_POINT('',(91.955970823356026,-58.619239931358322,0.0));
#3580=CARTESIAN_POINT('',(91.970937180320007,-58.472324388236018,0.0));
#3581=CARTESIAN_POINT('',(91.979847859204511,-58.384853721124990,0.0));
#3582=CARTESIAN_POINT('',(91.995825342520988,-58.208076041348797,0.0));
#3583=B_SPLINE_CURVE_WITH_KNOTS('',2,(#3552,#3553,#3554,#3555,#3556,#3557,#3558,#3559,#3560,#3561,#3562,#3563,#3564,#3565,#3566,#3567,#3568,#3569,#3570,#3571,#3572,#3573,#3574,#3575,#3576,#3577,#3578,#3579,#3580,#3581,#3582),.UNSPECIFIED.,.F.,.U.,(3,2,2,2,2,2,2,2,2,2,2,2,2,2,2,3),(0.0,0.062500000000000,0.125000000000000,0.250000000000000,0.312500000000000,0.375000000000000,0.500000000000000,0.562500000000000,0.625000000000000,0.687500000000000,0.750000000000000,0.812500000000000,0.875000000000000,0.937500000000000,0.968750000000000,1.0),.UNSPECIFIED.);
#3584=EDGE_CURVE('',#3515,#3546,#3583,.T.);
#3585=ORIENTED_EDGE('',*,*,#3584,.F.);
#3586=ORIENTED_EDGE('',*,*,#3520,.T.);
#3587=EDGE_LOOP('',(#3536,#3544,#3551,#3585,#3586));
#3588=FACE_OUTER_BOUND('',#3587,.T.);
#3589=ADVANCED_FACE('',(#3588),#3535,.T.);
#3590=CARTESIAN_POINT('',(92.500000000000000,-58.0,-0.500000000000008));
#3591=DIRECTION('',(-0.707106781186543,0.0,-0.707106781186552));
#3592=DIRECTION('',(-0.707106781186552,0.0,0.707106781186543));
#3593=AXIS2_PLACEMENT_3D('',#3590,#3591,#3592);
#3594=PLANE('',#3593);
#3595=ORIENTED_EDGE('',*,*,#3543,.F.);
#3596=ORIENTED_EDGE('',*,*,#679,.F.);
#3597=CARTESIAN_POINT('',(92.0,58.0,4.553649E-015));
#3598=VERTEX_POINT('',#3597);
#3599=CARTESIAN_POINT('',(92.274999999999991,58.0,-0.275000000000004));
#3600=DIRECTION('',(0.707106781186540,0.0,-0.707106781186556));
#3601=VECTOR('',#3600,0.999999999999999);
#3602=LINE('',#3599,#3601);
#3603=EDGE_CURVE('',#3598,#668,#3602,.T.);
#3604=ORIENTED_EDGE('',*,*,#3603,.F.);
#3605=CARTESIAN_POINT('',(92.0,-5.0,0.0));
#3606=DIRECTION('',(0.0,1.0,0.0));
#3607=VECTOR('',#3606,1.0);
#3608=LINE('',#3605,#3607);
#3609=EDGE_CURVE('',#3538,#3598,#3608,.T.);
#3610=ORIENTED_EDGE('',*,*,#3609,.F.);
#3611=EDGE_LOOP('',(#3595,#3596,#3604,#3610));
#3612=FACE_OUTER_BOUND('',#3611,.T.);
#3613=ADVANCED_FACE('',(#3612),#3594,.F.);
#3614=CARTESIAN_POINT('',(87.500000000000000,58.0,-0.550000000000007));
#3615=DIRECTION('',(0.0,0.0,-1.0));
#3616=DIRECTION('',(-1.0,0.0,0.0));
#3617=AXIS2_PLACEMENT_3D('',#3614,#3615,#3616);
#3618=CONICAL_SURFACE('',#3617,5.050000000000000,45.000000000000121);
#3619=ORIENTED_EDGE('',*,*,#734,.T.);
#3620=CARTESIAN_POINT('',(87.499999999993307,62.500000000000000,-1.355253E-017));
#3621=VERTEX_POINT('',#3620);
#3622=CARTESIAN_POINT('',(87.500000000000000,62.750000000000000,-0.250000000000000));
#3623=DIRECTION('',(0.0,-0.707106781186550,0.707106781186545));
#3624=VECTOR('',#3623,1.000000000000004);
#3625=LINE('',#3622,#3624);
#3626=EDGE_CURVE('',#722,#3621,#3625,.T.);
#3627=ORIENTED_EDGE('',*,*,#3626,.T.);
#3628=CARTESIAN_POINT('',(87.708047772074593,62.495507339962401,4.553649E-015));
#3629=VERTEX_POINT('',#3628);
#3630=CARTESIAN_POINT('',(87.708062514258003,62.495825889843189,0.0));
#3631=CARTESIAN_POINT('',(87.499999999986500,62.500000000000007,0.0));
#3632=QUASI_UNIFORM_CURVE('',1,(#3630,#3631),.UNSPECIFIED.,.F.,.U.);
#3633=EDGE_CURVE('',#3629,#3621,#3632,.T.);
#3634=ORIENTED_EDGE('',*,*,#3633,.F.);
#3635=CARTESIAN_POINT('',(92.0,58.000000000000007,0.0));
#3636=CARTESIAN_POINT('',(91.988046882611002,58.283593448512022,0.0));
#3637=CARTESIAN_POINT('',(91.977684773946493,58.424285475743417,0.0));
#3638=CARTESIAN_POINT('',(91.960757292304990,58.654119169363412,0.0));
#3639=CARTESIAN_POINT('',(91.929258115038493,58.838752112754200,0.0));
#3640=CARTESIAN_POINT('',(91.864149917920997,59.220384876395208,0.0));
#3641=CARTESIAN_POINT('',(91.715431750234004,59.615615240958000,0.0));
#3642=CARTESIAN_POINT('',(91.643546635917502,59.806655652360192,0.0));
#3643=CARTESIAN_POINT('',(91.555761520977995,59.982222464505391,0.0));
#3644=CARTESIAN_POINT('',(91.468725193315009,60.156291731249823,0.0));
#3645=CARTESIAN_POINT('',(91.349143112458506,60.345398032955011,0.0));
#3646=CARTESIAN_POINT('',(91.243891663722493,60.511841969010433,0.0));
#3647=CARTESIAN_POINT('',(91.121530334832002,60.678486894868001,0.0));
#3648=CARTESIAN_POINT('',(91.007995651715490,60.833110737399210,0.0));
#3649=CARTESIAN_POINT('',(90.906996461722485,60.948130403832998,0.0));
#3650=CARTESIAN_POINT('',(90.799492038717517,61.070558344840002,0.0));
#3651=CARTESIAN_POINT('',(90.648318431473001,61.214208815440017,0.0));
#3652=CARTESIAN_POINT('',(90.475448571641493,61.378475827188211,0.0));
#3653=CARTESIAN_POINT('',(90.293564888275995,61.527675866976203,0.0));
#3654=CARTESIAN_POINT('',(90.086776843997995,61.697305070998787,0.0));
#3655=CARTESIAN_POINT('',(89.897162031303992,61.820884950874003,0.0));
#3656=CARTESIAN_POINT('',(89.708108498373520,61.944099021323211,0.0));
#3657=CARTESIAN_POINT('',(89.498193809715019,62.047786513540998,0.0));
#3658=CARTESIAN_POINT('',(89.296211675940015,62.147555715294999,0.0));
#3659=CARTESIAN_POINT('',(89.082920230908002,62.227683983330600,0.0));
#3660=CARTESIAN_POINT('',(88.860300881543012,62.311316512019999,0.0));
#3661=CARTESIAN_POINT('',(88.643515177900511,62.364389093128203,0.0));
#3662=CARTESIAN_POINT('',(88.439517384128507,62.414330990928399,0.0));
#3663=CARTESIAN_POINT('',(88.182112706137517,62.447245585817811,0.0));
#3664=CARTESIAN_POINT('',(88.025868717694522,62.467224661659202,0.0));
#3665=CARTESIAN_POINT('',(87.708062514258003,62.495825889843189,0.0));
#3666=B_SPLINE_CURVE_WITH_KNOTS('',2,(#3635,#3636,#3637,#3638,#3639,#3640,#3641,#3642,#3643,#3644,#3645,#3646,#3647,#3648,#3649,#3650,#3651,#3652,#3653,#3654,#3655,#3656,#3657,#3658,#3659,#3660,#3661,#3662,#3663,#3664,#3665),.UNSPECIFIED.,.F.,.U.,(3,2,2,2,2,2,2,2,2,2,2,2,2,2,2,3),(0.0,0.062500000000000,0.125000000000000,0.250000000000000,0.312500000000000,0.375000000000000,0.437500000000000,0.500000000000000,0.562500000000000,0.625000000000000,0.687500000000000,0.750000000000000,0.812500000000000,0.875000000000000,0.937500000000000,1.0),.UNSPECIFIED.);
#3667=EDGE_CURVE('',#3598,#3629,#3666,.T.);
#3668=ORIENTED_EDGE('',*,*,#3667,.F.);
#3669=ORIENTED_EDGE('',*,*,#3603,.T.);
#3670=EDGE_LOOP('',(#3619,#3627,#3634,#3668,#3669));
#3671=FACE_OUTER_BOUND('',#3670,.T.);
#3672=ADVANCED_FACE('',(#3671),#3618,.T.);
#3673=CARTESIAN_POINT('',(-87.500000000000000,62.500000000000000,0.0));
#3674=DIRECTION('',(0.0,-0.707106781186548,-0.707106781186548));
#3675=DIRECTION('',(0.0,0.707106781186548,-0.707106781186548));
#3676=AXIS2_PLACEMENT_3D('',#3673,#3674,#3675);
#3677=PLANE('',#3676);
#3678=CARTESIAN_POINT('',(-87.500000000000000,62.500000000000000,4.344903E-015));
#3679=VERTEX_POINT('',#3678);
#3680=CARTESIAN_POINT('',(-87.500000000000000,62.774999999999999,-0.274999999999994));
#3681=DIRECTION('',(0.0,0.707106781186550,-0.707106781186545));
#3682=VECTOR('',#3681,1.000000000000004);
#3683=LINE('',#3680,#3682);
#3684=EDGE_CURVE('',#3679,#746,#3683,.T.);
#3685=ORIENTED_EDGE('',*,*,#3684,.F.);
#3686=CARTESIAN_POINT('',(0.0,62.500000000000000,0.0));
#3687=DIRECTION('',(-1.0,0.0,0.0));
#3688=VECTOR('',#3687,1.0);
#3689=LINE('',#3686,#3688);
#3690=EDGE_CURVE('',#3621,#3679,#3689,.T.);
#3691=ORIENTED_EDGE('',*,*,#3690,.F.);
#3692=ORIENTED_EDGE('',*,*,#3626,.F.);
#3693=ORIENTED_EDGE('',*,*,#759,.F.);
#3694=EDGE_LOOP('',(#3685,#3691,#3692,#3693));
#3695=FACE_OUTER_BOUND('',#3694,.T.);
#3696=ADVANCED_FACE('',(#3695),#3677,.F.);
#3697=CARTESIAN_POINT('',(-87.500000000000000,58.0,-0.549999999999991));
#3698=DIRECTION('',(3.665047E-017,-3.665047E-017,-1.0));
#3699=DIRECTION('',(0.0,1.0,-3.665047E-017));
#3700=AXIS2_PLACEMENT_3D('',#3697,#3698,#3699);
#3701=CONICAL_SURFACE('',#3700,5.050000000000000,45.0);
#3702=CARTESIAN_POINT('',(-92.0,58.000000000005812,2.653085E-017));
#3703=VERTEX_POINT('',#3702);
#3704=CARTESIAN_POINT('',(-92.250000000000000,58.0,-0.250000000000004));
#3705=DIRECTION('',(0.707106781186553,0.0,0.707106781186542));
#3706=VECTOR('',#3705,1.000000000000001);
#3707=LINE('',#3704,#3706);
#3708=EDGE_CURVE('',#809,#3703,#3707,.T.);
#3709=ORIENTED_EDGE('',*,*,#3708,.T.);
#3710=CARTESIAN_POINT('',(-91.995506753409188,58.208061296389602,4.386146E-015));
#3711=VERTEX_POINT('',#3710);
#3712=CARTESIAN_POINT('',(-91.995825342521201,58.208076041348832,0.0));
#3713=CARTESIAN_POINT('',(-91.999999999999758,58.000000000011610,0.0));
#3714=QUASI_UNIFORM_CURVE('',1,(#3712,#3713),.UNSPECIFIED.,.F.,.U.);
#3715=EDGE_CURVE('',#3711,#3703,#3714,.T.);
#3716=ORIENTED_EDGE('',*,*,#3715,.F.);
#3717=CARTESIAN_POINT('',(-87.500000000000000,62.500000000000007,0.0));
#3718=CARTESIAN_POINT('',(-87.698046227536082,62.493362712162813,0.0));
#3719=CARTESIAN_POINT('',(-87.793035501842581,62.488894398510404,0.0));
#3720=CARTESIAN_POINT('',(-87.953044610751576,62.481367539388003,0.0));
#3721=CARTESIAN_POINT('',(-88.060161446311071,62.470788775674208,0.0));
#3722=CARTESIAN_POINT('',(-88.329685088548601,62.444170859717033,0.0));
#3723=CARTESIAN_POINT('',(-88.699540016626798,62.346004929927020,0.0));
#3724=CARTESIAN_POINT('',(-88.923273486822936,62.286622176151013,0.0));
#3725=CARTESIAN_POINT('',(-89.105161427531783,62.219812205875009,0.0));
#3726=CARTESIAN_POINT('',(-89.292735518778571,62.150913633424409,0.0));
#3727=CARTESIAN_POINT('',(-89.474714921220141,62.059855117843583,0.0));
#3728=CARTESIAN_POINT('',(-89.822363433105721,61.885899400814999,0.0));
#3729=CARTESIAN_POINT('',(-90.168529951114550,61.629901199579614,0.0));
#3730=CARTESIAN_POINT('',(-90.338603703675943,61.504127699058792,0.0));
#3731=CARTESIAN_POINT('',(-90.485974734513505,61.370836311311002,0.0));
#3732=CARTESIAN_POINT('',(-90.649037199958300,61.223352628899207,0.0));
#3733=CARTESIAN_POINT('',(-90.820682558139694,61.035122989949997,0.0));
#3734=CARTESIAN_POINT('',(-91.011224217766411,60.826171299229223,0.0));
#3735=CARTESIAN_POINT('',(-91.166924716274281,60.617260442928192,0.0));
#3736=CARTESIAN_POINT('',(-91.326278261141752,60.403448118421203,0.0));
#3737=CARTESIAN_POINT('',(-91.452712855779794,60.177611528418197,0.0));
#3738=CARTESIAN_POINT('',(-91.571847089298529,59.964814792465198,0.0));
#3739=CARTESIAN_POINT('',(-91.672144948243414,59.723851220577011,0.0));
#3740=CARTESIAN_POINT('',(-91.773483996932015,59.480386211446593,0.0));
#3741=CARTESIAN_POINT('',(-91.838676639118304,59.243033043649632,0.0));
#3742=CARTESIAN_POINT('',(-91.902324654728403,59.011303547460606,0.0));
#3743=CARTESIAN_POINT('',(-91.940220244989433,58.734350271337988,0.0));
#3744=CARTESIAN_POINT('',(-91.955970823364098,58.619239931278997,0.0));
#3745=CARTESIAN_POINT('',(-91.970937180320206,58.472324388235997,0.0));
#3746=CARTESIAN_POINT('',(-91.979847859284561,58.384853720339208,0.0));
#3747=CARTESIAN_POINT('',(-91.995825342521201,58.208076041348832,0.0));
#3748=B_SPLINE_CURVE_WITH_KNOTS('',2,(#3717,#3718,#3719,#3720,#3721,#3722,#3723,#3724,#3725,#3726,#3727,#3728,#3729,#3730,#3731,#3732,#3733,#3734,#3735,#3736,#3737,#3738,#3739,#3740,#3741,#3742,#3743,#3744,#3745,#3746,#3747),.UNSPECIFIED.,.F.,.U.,(3,2,2,2,2,2,2,2,2,2,2,2,2,2,2,3),(0.0,0.062500000000000,0.125000000000000,0.250000000000000,0.312500000000000,0.375000000000000,0.500000000000000,0.562500000000000,0.625000000000000,0.687500000000000,0.750000000000000,0.812500000000000,0.875000000000000,0.937500000000000,0.968750000000000,1.0),.UNSPECIFIED.);
#3749=EDGE_CURVE('',#3679,#3711,#3748,.T.);
#3750=ORIENTED_EDGE('',*,*,#3749,.F.);
#3751=ORIENTED_EDGE('',*,*,#3684,.T.);
#3752=ORIENTED_EDGE('',*,*,#821,.T.);
#3753=EDGE_LOOP('',(#3709,#3716,#3750,#3751,#3752));
#3754=FACE_OUTER_BOUND('',#3753,.T.);
#3755=ADVANCED_FACE('',(#3754),#3701,.T.);
#3756=CARTESIAN_POINT('',(-92.0,-58.0,0.0));
#3757=DIRECTION('',(0.707106781186543,0.0,-0.707106781186552));
#3758=DIRECTION('',(-0.707106781186552,0.0,-0.707106781186543));
#3759=AXIS2_PLACEMENT_3D('',#3756,#3757,#3758);
#3760=PLANE('',#3759);
#3761=CARTESIAN_POINT('',(-92.0,-58.0,4.553649E-015));
#3762=VERTEX_POINT('',#3761);
#3763=CARTESIAN_POINT('',(-92.274999999999991,-58.0,-0.275000000000004));
#3764=DIRECTION('',(-0.707106781186540,0.0,-0.707106781186556));
#3765=VECTOR('',#3764,0.999999999999999);
#3766=LINE('',#3763,#3765);
#3767=EDGE_CURVE('',#3762,#833,#3766,.T.);
#3768=ORIENTED_EDGE('',*,*,#3767,.F.);
#3769=CARTESIAN_POINT('',(-92.0,-5.0,0.0));
#3770=DIRECTION('',(0.0,-1.0,0.0));
#3771=VECTOR('',#3770,1.0);
#3772=LINE('',#3769,#3771);
#3773=EDGE_CURVE('',#3703,#3762,#3772,.T.);
#3774=ORIENTED_EDGE('',*,*,#3773,.F.);
#3775=ORIENTED_EDGE('',*,*,#3708,.F.);
#3776=ORIENTED_EDGE('',*,*,#846,.F.);
#3777=EDGE_LOOP('',(#3768,#3774,#3775,#3776));
#3778=FACE_OUTER_BOUND('',#3777,.T.);
#3779=ADVANCED_FACE('',(#3778),#3760,.F.);
#3780=CARTESIAN_POINT('',(-87.500000000000000,-58.0,-0.550000000000007));
#3781=DIRECTION('',(0.0,0.0,-1.0));
#3782=DIRECTION('',(-1.0,0.0,0.0));
#3783=AXIS2_PLACEMENT_3D('',#3780,#3781,#3782);
#3784=CONICAL_SURFACE('',#3783,5.050000000000000,45.000000000000121);
#3785=CARTESIAN_POINT('',(-87.499999999993690,-62.500000000000000,-1.355253E-017));
#3786=VERTEX_POINT('',#3785);
#3787=CARTESIAN_POINT('',(-87.500000000000000,-62.750000000000000,-0.250000000000000));
#3788=DIRECTION('',(0.0,0.707106781186550,0.707106781186545));
#3789=VECTOR('',#3788,1.000000000000004);
#3790=LINE('',#3787,#3789);
#3791=EDGE_CURVE('',#896,#3786,#3790,.T.);
#3792=ORIENTED_EDGE('',*,*,#3791,.T.);
#3793=CARTESIAN_POINT('',(-87.708047772074593,-62.495507339962401,4.553649E-015));
#3794=VERTEX_POINT('',#3793);
#3795=CARTESIAN_POINT('',(-87.708062514257861,-62.495825889843232,0.0));
#3796=CARTESIAN_POINT('',(-87.499999999987281,-62.500000000000227,0.0));
#3797=QUASI_UNIFORM_CURVE('',1,(#3795,#3796),.UNSPECIFIED.,.F.,.U.);
#3798=EDGE_CURVE('',#3794,#3786,#3797,.T.);
#3799=ORIENTED_EDGE('',*,*,#3798,.F.);
#3800=CARTESIAN_POINT('',(-92.0,-57.999999999999993,0.0));
#3801=CARTESIAN_POINT('',(-91.988046882613375,-58.283593448457417,0.0));
#3802=CARTESIAN_POINT('',(-91.977684773946550,-58.424285475743403,0.0));
#3803=CARTESIAN_POINT('',(-91.960757292315819,-58.654119169255893,0.0));
#3804=CARTESIAN_POINT('',(-91.929258115038607,-58.838752112754193,0.0));
#3805=CARTESIAN_POINT('',(-91.864149917954634,-59.220384876292371,0.0));
#3806=CARTESIAN_POINT('',(-91.715431750233833,-59.615615240958007,0.0));
#3807=CARTESIAN_POINT('',(-91.643546635929383,-59.806655652334783,0.0));
#3808=CARTESIAN_POINT('',(-91.555761520977740,-59.982222464505490,0.0));
#3809=CARTESIAN_POINT('',(-91.468725193298880,-60.156291731283183,0.0));
#3810=CARTESIAN_POINT('',(-91.349143112458265,-60.345398032954847,0.0));
#3811=CARTESIAN_POINT('',(-91.243891663683954,-60.511841969064513,0.0));
#3812=CARTESIAN_POINT('',(-91.121530334832144,-60.678486894868144,0.0));
#3813=CARTESIAN_POINT('',(-91.007995651724343,-60.833110737385802,0.0));
#3814=CARTESIAN_POINT('',(-90.906996461722656,-60.948130403832998,0.0));
#3815=CARTESIAN_POINT('',(-90.799492038763304,-61.070558344791479,0.0));
#3816=CARTESIAN_POINT('',(-90.648318431472916,-61.214208815439882,0.0));
#3817=CARTESIAN_POINT('',(-90.475448571674704,-61.378475827162603,0.0));
#3818=CARTESIAN_POINT('',(-90.293564888276137,-61.527675866976111,0.0));
#3819=CARTESIAN_POINT('',(-90.086776843900253,-61.697305071077032,0.0));
#3820=CARTESIAN_POINT('',(-89.897162031303765,-61.820884950873882,0.0));
#3821=CARTESIAN_POINT('',(-89.708108498319802,-61.944099021343384,0.0));
#3822=CARTESIAN_POINT('',(-89.498193809714749,-62.047786513540942,0.0));
#3823=CARTESIAN_POINT('',(-89.296211675953046,-62.147555715294438,0.0));
#3824=CARTESIAN_POINT('',(-89.082920230907803,-62.227683983330600,0.0));
#3825=CARTESIAN_POINT('',(-88.860300881462408,-62.311316512045543,0.0));
#3826=CARTESIAN_POINT('',(-88.643515177900696,-62.364389093128139,0.0));
#3827=CARTESIAN_POINT('',(-88.439517384095140,-62.414330990931077,0.0));
#3828=CARTESIAN_POINT('',(-88.182112706137460,-62.447245585817839,0.0));
#3829=CARTESIAN_POINT('',(-88.025868717851594,-62.467224661640081,0.0));
#3830=CARTESIAN_POINT('',(-87.708062514257861,-62.495825889843232,0.0));
#3831=B_SPLINE_CURVE_WITH_KNOTS('',2,(#3800,#3801,#3802,#3803,#3804,#3805,#3806,#3807,#3808,#3809,#3810,#3811,#3812,#3813,#3814,#3815,#3816,#3817,#3818,#3819,#3820,#3821,#3822,#3823,#3824,#3825,#3826,#3827,#3828,#3829,#3830),.UNSPECIFIED.,.F.,.U.,(3,2,2,2,2,2,2,2,2,2,2,2,2,2,2,3),(0.0,0.062500000000000,0.125000000000000,0.250000000000000,0.312500000000000,0.375000000000000,0.437500000000000,0.500000000000000,0.562500000000000,0.625000000000000,0.687500000000000,0.750000000000000,0.812500000000000,0.875000000000000,0.937500000000000,1.0),.UNSPECIFIED.);
#3832=EDGE_CURVE('',#3762,#3794,#3831,.T.);
#3833=ORIENTED_EDGE('',*,*,#3832,.F.);
#3834=ORIENTED_EDGE('',*,*,#3767,.T.);
#3835=ORIENTED_EDGE('',*,*,#908,.T.);
#3836=EDGE_LOOP('',(#3792,#3799,#3833,#3834,#3835));
#3837=FACE_OUTER_BOUND('',#3836,.T.);
#3838=ADVANCED_FACE('',(#3837),#3784,.T.);
#3839=CARTESIAN_POINT('',(-87.500000000000000,-63.0,-0.500000000000000));
#3840=DIRECTION('',(0.0,0.707106781186548,-0.707106781186548));
#3841=DIRECTION('',(0.0,0.707106781186548,0.707106781186548));
#3842=AXIS2_PLACEMENT_3D('',#3839,#3840,#3841);
#3843=PLANE('',#3842);
#3844=ORIENTED_EDGE('',*,*,#3791,.F.);
#3845=ORIENTED_EDGE('',*,*,#940,.F.);
#3846=CARTESIAN_POINT('',(-68.0,-62.500000000000000,-8.612351E-016));
#3847=VERTEX_POINT('',#3846);
#3848=CARTESIAN_POINT('',(-68.0,-62.725000000000001,-0.225000000000000));
#3849=DIRECTION('',(0.0,-0.707106781186544,-0.707106781186551));
#3850=VECTOR('',#3849,1.000000000000003);
#3851=LINE('',#3848,#3850);
#3852=EDGE_CURVE('',#929,#3847,#3851,.F.);
#3853=ORIENTED_EDGE('',*,*,#3852,.T.);
#3854=CARTESIAN_POINT('',(0.0,-62.500000000000000,0.0));
#3855=DIRECTION('',(1.0,0.0,0.0));
#3856=VECTOR('',#3855,1.0);
#3857=LINE('',#3854,#3856);
#3858=EDGE_CURVE('',#3786,#3847,#3857,.T.);
#3859=ORIENTED_EDGE('',*,*,#3858,.F.);
#3860=EDGE_LOOP('',(#3844,#3845,#3853,#3859));
#3861=FACE_OUTER_BOUND('',#3860,.T.);
#3862=ADVANCED_FACE('',(#3861),#3843,.F.);
#3863=CARTESIAN_POINT('',(-58.0,-68.0,-0.549999999999977));
#3864=DIRECTION('',(0.0,0.0,-1.0));
#3865=DIRECTION('',(-1.0,0.0,0.0));
#3866=AXIS2_PLACEMENT_3D('',#3863,#3864,#3865);
#3867=CONICAL_SURFACE('',#3866,5.050000000000000,45.000000000000568);
#3868=CARTESIAN_POINT('',(-58.0,-72.500000000000000,2.588533E-015));
#3869=VERTEX_POINT('',#3868);
#3870=CARTESIAN_POINT('',(-58.0,-72.750000000000000,-0.250000000000004));
#3871=DIRECTION('',(0.0,-0.707106781186553,-0.707106781186542));
#3872=VECTOR('',#3871,1.000000000000001);
#3873=LINE('',#3870,#3872);
#3874=EDGE_CURVE('',#3869,#985,#3873,.T.);
#3875=ORIENTED_EDGE('',*,*,#3874,.F.);
#3876=CARTESIAN_POINT('',(-62.499982360460599,-67.999999418731093,8.849987E-016));
#3877=VERTEX_POINT('',#3876);
#3878=CARTESIAN_POINT('',(-62.499964720921099,-67.999998837462172,0.0));
#3879=CARTESIAN_POINT('',(-62.499796476214328,-68.005104493435724,0.0));
#3880=CARTESIAN_POINT('',(-62.499629065401500,-68.010210178302472,0.0));
#3881=CARTESIAN_POINT('',(-62.495158233551699,-68.146561338250208,0.0));
#3882=CARTESIAN_POINT('',(-62.486814880218198,-68.288926616970869,0.0));
#3883=CARTESIAN_POINT('',(-62.466376143610297,-68.637679248867087,0.0));
#3884=CARTESIAN_POINT('',(-62.420981662087399,-68.887561800625804,0.0));
#3885=CARTESIAN_POINT('',(-62.373455811261003,-69.149176879829312,0.0));
#3886=CARTESIAN_POINT('',(-62.281201180344347,-69.428446276131538,0.0));
#3887=CARTESIAN_POINT('',(-62.190004912238997,-69.704511840382608,0.0));
#3888=CARTESIAN_POINT('',(-62.075733060607803,-69.941090880405980,0.0));
#3889=CARTESIAN_POINT('',(-61.959863587730098,-70.180977504015502,0.0));
#3890=CARTESIAN_POINT('',(-61.785947368907550,-70.443369066962859,0.0));
#3891=CARTESIAN_POINT('',(-61.629278472842202,-70.679739181159988,0.0));
#3892=CARTESIAN_POINT('',(-61.478828615273500,-70.863115211968577,0.0));
#3893=CARTESIAN_POINT('',(-61.337980154809152,-71.034788565754639,0.0));
#3894=CARTESIAN_POINT('',(-61.131145077260662,-71.230656465735265,0.0));
#3895=CARTESIAN_POINT('',(-60.870454676189901,-71.477524076432815,0.0));
#3896=CARTESIAN_POINT('',(-60.618994902528001,-71.665585730476892,0.0));
#3897=CARTESIAN_POINT('',(-60.361327557195651,-71.858289901210355,0.0));
#3898=CARTESIAN_POINT('',(-60.060982917339651,-72.013942482220429,0.0));
#3899=CARTESIAN_POINT('',(-59.931614155176653,-72.080987400160026,0.0));
#3900=CARTESIAN_POINT('',(-59.783324151556400,-72.147373309970661,0.0));
#3901=CARTESIAN_POINT('',(-59.632576664395003,-72.214859376749004,0.0));
#3902=CARTESIAN_POINT('',(-59.501308936980898,-72.261997836991810,0.0));
#3903=CARTESIAN_POINT('',(-59.348630409191998,-72.316824951423371,0.0));
#3904=CARTESIAN_POINT('',(-59.193041992655651,-72.354752718440864,0.0));
#3905=CARTESIAN_POINT('',(-59.032925475097599,-72.393784300025018,0.0));
#3906=CARTESIAN_POINT('',(-58.835198742127602,-72.421534860437234,0.0));
#3907=CARTESIAN_POINT('',(-58.664453077404048,-72.445498680669630,0.0));
#3908=CARTESIAN_POINT('',(-58.429689550998553,-72.466321840758141,0.0));
#3909=CARTESIAN_POINT('',(-58.289512073526687,-72.478755365245078,0.0));
#3910=CARTESIAN_POINT('',(-57.999999999999993,-72.500000000000000,0.0));
#3911=B_SPLINE_CURVE_WITH_KNOTS('',2,(#3878,#3879,#3880,#3881,#3882,#3883,#3884,#3885,#3886,#3887,#3888,#3889,#3890,#3891,#3892,#3893,#3894,#3895,#3896,#3897,#3898,#3899,#3900,#3901,#3902,#3903,#3904,#3905,#3906,#3907,#3908,#3909,#3910),.UNSPECIFIED.,.F.,.U.,(3,2,2,2,2,2,2,2,2,2,2,2,2,2,2,2,3),(0.639937951554707,0.640625000000000,0.656250000000000,0.687500000000000,0.718750000000000,0.750000000000000,0.781250000000000,0.812500000000000,0.843750000000000,0.875000000000000,0.906250000000000,0.921875000000000,0.937500000000000,0.953125000000000,0.968750000000000,0.984375000000000,1.0),.UNSPECIFIED.);
#3912=EDGE_CURVE('',#3877,#3869,#3911,.T.);
#3913=ORIENTED_EDGE('',*,*,#3912,.F.);
#3914=CARTESIAN_POINT('',(-62.725000000000001,-68.0,-0.225000000000000));
#3915=DIRECTION('',(0.707106781186543,0.0,0.707106781186552));
#3916=VECTOR('',#3915,0.999999999999994);
#3917=LINE('',#3914,#3916);
#3918=EDGE_CURVE('',#3877,#993,#3917,.F.);
#3919=ORIENTED_EDGE('',*,*,#3918,.T.);
#3920=ORIENTED_EDGE('',*,*,#999,.T.);
#3921=EDGE_LOOP('',(#3875,#3913,#3919,#3920));
#3922=FACE_OUTER_BOUND('',#3921,.T.);
#3923=ADVANCED_FACE('',(#3922),#3867,.T.);
#3924=CARTESIAN_POINT('',(-68.0,-68.0,0.050000000000002));
#3925=DIRECTION('',(4.168579E-018,4.168579E-018,1.0));
#3926=DIRECTION('',(0.0,-1.0,4.168579E-018));
#3927=AXIS2_PLACEMENT_3D('',#3924,#3925,#3926);
#3928=CONICAL_SURFACE('',#3927,5.550000000000000,44.999999999999957);
#3929=ORIENTED_EDGE('',*,*,#1020,.F.);
#3930=ORIENTED_EDGE('',*,*,#3918,.F.);
#3931=CARTESIAN_POINT('',(-68.0,-62.499999999999993,0.0));
#3932=CARTESIAN_POINT('',(-67.717021579543058,-62.507852620461769,0.0));
#3933=CARTESIAN_POINT('',(-67.576054573297796,-62.517072294241423,0.0));
#3934=CARTESIAN_POINT('',(-67.366405082081698,-62.530784012809939,0.0));
#3935=CARTESIAN_POINT('',(-67.157854918967104,-62.563311041301958,0.0));
#3936=CARTESIAN_POINT('',(-66.742736365600607,-62.628056006308277,0.0));
#3937=CARTESIAN_POINT('',(-66.341309835906685,-62.755548131411309,0.0));
#3938=CARTESIAN_POINT('',(-65.938480163630985,-62.883485891310102,0.0));
#3939=CARTESIAN_POINT('',(-65.555109424657999,-63.072941451844542,0.0));
#3940=CARTESIAN_POINT('',(-65.176726499882747,-63.259932116030313,0.0));
#3941=CARTESIAN_POINT('',(-64.833273409748344,-63.501898253601738,0.0));
#3942=CARTESIAN_POINT('',(-64.491129934742546,-63.742941754214982,0.0));
#3943=CARTESIAN_POINT('',(-64.183674336644756,-64.039450803452837,0.0));
#3944=CARTESIAN_POINT('',(-63.875992427113950,-64.336178106605288,0.0));
#3945=CARTESIAN_POINT('',(-63.620903777442450,-64.670894678518223,0.0));
#3946=CARTESIAN_POINT('',(-63.110951525831602,-65.340032524197653,0.0));
#3947=CARTESIAN_POINT('',(-62.820650846061952,-66.149101644401696,0.0));
#3948=CARTESIAN_POINT('',(-62.677892448232797,-66.546969852719442,0.0));
#3949=CARTESIAN_POINT('',(-62.598115104506597,-66.960207482490176,0.0));
#3950=CARTESIAN_POINT('',(-62.556491826961050,-67.175811358889476,0.0));
#3951=CARTESIAN_POINT('',(-62.534250826072352,-67.377710017011353,0.0));
#3952=CARTESIAN_POINT('',(-62.516359126557091,-67.540126723962956,0.0));
#3953=CARTESIAN_POINT('',(-62.507674945825499,-67.777996007576306,0.0));
#3954=CARTESIAN_POINT('',(-62.503622732661441,-67.888990593268673,0.0));
#3955=CARTESIAN_POINT('',(-62.499964720921099,-67.999998837462172,0.0));
#3956=B_SPLINE_CURVE_WITH_KNOTS('',2,(#3931,#3932,#3933,#3934,#3935,#3936,#3937,#3938,#3939,#3940,#3941,#3942,#3943,#3944,#3945,#3946,#3947,#3948,#3949,#3950,#3951,#3952,#3953,#3954,#3955),.UNSPECIFIED.,.F.,.U.,(3,2,2,2,2,2,2,2,2,2,2,2,3),(0.0,0.031250000000000,0.062500000000000,0.125000000000000,0.187500000000000,0.250000000000000,0.312500000000000,0.375000000000000,0.500000000000000,0.562500000000000,0.593750000000000,0.625000000000000,0.639937951554707),.UNSPECIFIED.);
#3957=EDGE_CURVE('',#3847,#3877,#3956,.T.);
#3958=ORIENTED_EDGE('',*,*,#3957,.F.);
#3959=ORIENTED_EDGE('',*,*,#3852,.F.);
#3960=EDGE_LOOP('',(#3929,#3930,#3958,#3959));
#3961=FACE_OUTER_BOUND('',#3960,.T.);
#3962=ADVANCED_FACE('',(#3961),#3928,.F.);
#3963=CARTESIAN_POINT('',(0.0,2.755364E-015,-8.800000000000001));
#3964=DIRECTION('',(0.0,0.0,1.0));
#3965=DIRECTION('',(1.0,0.0,0.0));
#3966=AXIS2_PLACEMENT_3D('',#3963,#3964,#3965);
#3967=CYLINDRICAL_SURFACE('',#3966,45.0);
#3968=CARTESIAN_POINT('',(-44.999999995517243,1.065200E-011,0.0));
#3969=VERTEX_POINT('',#3968);
#3970=CARTESIAN_POINT('',(-45.0,8.266093E-015,-8.800000000000001));
#3971=DIRECTION('',(0.0,0.0,1.0));
#3972=VECTOR('',#3971,1.0);
#3973=LINE('',#3970,#3972);
#3974=EDGE_CURVE('',#3084,#3969,#3973,.T.);
#3975=ORIENTED_EDGE('',*,*,#3974,.F.);
#3976=ORIENTED_EDGE('',*,*,#3470,.F.);
#3977=ORIENTED_EDGE('',*,*,#3280,.F.);
#3978=CARTESIAN_POINT('',(45.0,-5.510729E-016,0.0));
#3979=VERTEX_POINT('',#3978);
#3980=CARTESIAN_POINT('',(45.0,2.755364E-015,-8.800000000000001));
#3981=DIRECTION('',(0.0,0.0,1.0));
#3982=VECTOR('',#3981,1.0);
#3983=LINE('',#3980,#3982);
#3984=EDGE_CURVE('',#3086,#3979,#3983,.T.);
#3985=ORIENTED_EDGE('',*,*,#3984,.T.);
#3986=CARTESIAN_POINT('',(44.726291863905487,4.980766305469009,0.0));
#3987=VERTEX_POINT('',#3986);
#3988=CARTESIAN_POINT('',(44.729043843753622,4.981072768802511,0.0));
#3989=CARTESIAN_POINT('',(45.000000000000007,0.0,0.0));
#3990=QUASI_UNIFORM_CURVE('',1,(#3988,#3989),.UNSPECIFIED.,.F.,.U.);
#3991=EDGE_CURVE('',#3987,#3979,#3990,.T.);
#3992=ORIENTED_EDGE('',*,*,#3991,.F.);
#3993=CARTESIAN_POINT('',(-44.999999988793107,2.679801E-011,0.0));
#3994=CARTESIAN_POINT('',(-45.001327183149598,0.559174145931207,0.0));
#3995=CARTESIAN_POINT('',(-44.989574770429101,1.075218798572808,0.0));
#3996=CARTESIAN_POINT('',(-44.977510126196997,1.604973436201806,0.0));
#3997=CARTESIAN_POINT('',(-44.950022237084298,2.157060477566114,0.0));
#3998=CARTESIAN_POINT('',(-44.923310543860303,2.693557828141513,0.0));
#3999=CARTESIAN_POINT('',(-44.881435940464101,3.277458886073212,0.0));
#4000=CARTESIAN_POINT('',(-44.841594505683297,3.833009363718706,0.0));
#4001=CARTESIAN_POINT('',(-44.794619833163793,4.340080546331810,0.0));
#4002=CARTESIAN_POINT('',(-44.752750077908587,4.792046364808011,0.0));
#4003=CARTESIAN_POINT('',(-44.701977298552613,5.228213189070311,0.0));
#4004=CARTESIAN_POINT('',(-44.663073077244498,5.562422402620407,0.0));
#4005=CARTESIAN_POINT('',(-44.607346643634898,5.982439438700707,0.0));
#4006=CARTESIAN_POINT('',(-44.550170539603798,6.413382820399508,0.0));
#4007=CARTESIAN_POINT('',(-44.507230217432799,6.704203961001104,0.0));
#4008=CARTESIAN_POINT('',(-44.447002774164687,7.112105272895811,0.0));
#4009=CARTESIAN_POINT('',(-44.371729278319798,7.545837391722807,0.0));
#4010=CARTESIAN_POINT('',(-44.282599184129701,8.059412378115596,0.0));
#4011=CARTESIAN_POINT('',(-44.168200558186797,8.641248986522507,0.0));
#4012=CARTESIAN_POINT('',(-44.040389851350497,9.291300047632609,0.0));
#4013=CARTESIAN_POINT('',(-43.908508697059297,9.884880595831703,0.0));
#4014=CARTESIAN_POINT('',(-43.648030014936303,11.057262501037920,0.0));
#4015=CARTESIAN_POINT('',(-43.304380353074713,12.259186633419599,0.0));
#4016=CARTESIAN_POINT('',(-42.960063033986401,13.463445915292009,0.0));
#4017=CARTESIAN_POINT('',(-42.574659487214113,14.582043215132710,0.0));
#4018=CARTESIAN_POINT('',(-42.188268871831497,15.703505388147200,0.0));
#4019=CARTESIAN_POINT('',(-41.701238752850593,16.909957041079100,0.0));
#4020=CARTESIAN_POINT('',(-41.266802712702990,17.986124732362612,0.0));
#4021=CARTESIAN_POINT('',(-40.821093743917999,18.943002843533009,0.0));
#4022=CARTESIAN_POINT('',(-40.598513779656187,19.420852540764500,0.0));
#4023=CARTESIAN_POINT('',(-40.338023228529387,19.947720946405511,0.0));
#4024=CARTESIAN_POINT('',(-40.090589789428897,20.448180026388510,0.0));
#4025=CARTESIAN_POINT('',(-39.843303530924601,20.923848781315911,0.0));
#4026=CARTESIAN_POINT('',(-39.616790334368403,21.359559406047811,0.0));
#4027=CARTESIAN_POINT('',(-39.400497303236087,21.752759105181500,0.0));
#4028=CARTESIAN_POINT('',(-39.223875036847197,22.073841211437401,0.0));
#4029=CARTESIAN_POINT('',(-39.015166712426002,22.436819832674800,0.0));
#4030=CARTESIAN_POINT('',(-38.812255154681800,22.789716908856910,0.0));
#4031=CARTESIAN_POINT('',(-38.650781169285999,23.062875276572210,0.0));
#4032=CARTESIAN_POINT('',(-38.444862399002098,23.411218912451709,0.0));
#4033=CARTESIAN_POINT('',(-38.233115831215201,23.750385387172209,0.0));
#4034=CARTESIAN_POINT('',(-37.979371684633200,24.156821763339611,0.0));
#4035=CARTESIAN_POINT('',(-37.667854440873313,24.630851033208611,0.0));
#4036=CARTESIAN_POINT('',(-37.317684021812703,25.163698030933791,0.0));
#4037=CARTESIAN_POINT('',(-36.969736394297101,25.667608759571710,0.0));
#4038=CARTESIAN_POINT('',(-36.547231411329903,26.279496230511899,0.0));
#4039=CARTESIAN_POINT('',(-36.132954291593499,26.836724141466799,0.0));
#4040=CARTESIAN_POINT('',(-35.734943210532897,27.372073241550691,0.0));
#4041=CARTESIAN_POINT('',(-35.292977442344892,27.927653726407190,0.0));
#4042=CARTESIAN_POINT('',(-34.628011015626797,28.763560930903999,0.0));
#4043=CARTESIAN_POINT('',(-33.961411389460999,29.528056468045200,0.0));
#4044=CARTESIAN_POINT('',(-33.180370369649303,30.423800105653811,0.0));
#4045=CARTESIAN_POINT('',(-32.269311634017598,31.362417477638811,0.0));
#4046=CARTESIAN_POINT('',(-31.437997479222599,32.218878073153007,0.0));
#4047=CARTESIAN_POINT('',(-30.666482447889500,32.936201551692612,0.0));
#4048=CARTESIAN_POINT('',(-29.909018242985400,33.640461139989000,0.0));
#4049=CARTESIAN_POINT('',(-29.007981124768410,34.405530815844799,0.0));
#4050=CARTESIAN_POINT('',(-28.607268645011590,34.745775363822602,0.0));
#4051=CARTESIAN_POINT('',(-28.248700644623799,35.036430537017807,0.0));
#4052=CARTESIAN_POINT('',(-27.941745952617310,35.285247969336623,0.0));
#4053=CARTESIAN_POINT('',(-27.609189374092690,35.543365033185012,0.0));
#4054=CARTESIAN_POINT('',(-26.926548186538302,36.073203714396001,0.0));
#4055=CARTESIAN_POINT('',(-26.413752834925809,36.444408131933407,0.0));
#4056=CARTESIAN_POINT('',(-26.051315933262099,36.706770453575203,0.0));
#4057=CARTESIAN_POINT('',(-25.616123362170988,37.005882099670004,0.0));
#4058=CARTESIAN_POINT('',(-25.117536524158201,37.348565177796210,0.0));
#4059=CARTESIAN_POINT('',(-24.606214612641299,37.683664827493608,0.0));
#4060=CARTESIAN_POINT('',(-24.041363689667499,38.053845221011997,0.0));
#4061=CARTESIAN_POINT('',(-23.531025352099210,38.367653154219802,0.0));
#4062=CARTESIAN_POINT('',(-23.018025391914609,38.683097723813212,0.0));
#4063=CARTESIAN_POINT('',(-22.482522484421509,38.990211285066003,0.0));
#4064=CARTESIAN_POINT('',(-21.434933113348389,39.591008961379600,0.0));
#4065=CARTESIAN_POINT('',(-20.356154649679301,40.136597951054213,0.0));
#4066=CARTESIAN_POINT('',(-19.286990141035801,40.677324711655807,0.0));
#4067=CARTESIAN_POINT('',(-18.096432358562499,41.199812197141419,0.0));
#4068=CARTESIAN_POINT('',(-16.981869969213189,41.688948389270003,0.0));
#4069=CARTESIAN_POINT('',(-15.983884666030500,42.068380284102012,0.0));
#4070=CARTESIAN_POINT('',(-15.030970309191090,42.430676300761611,0.0));
#4071=CARTESIAN_POINT('',(-13.896282380930010,42.802136099192808,0.0));
#4072=CARTESIAN_POINT('',(-12.934604173271399,43.116958161079012,0.0));
#4073=CARTESIAN_POINT('',(-12.093977374104201,43.351349362665012,0.0));
#4074=CARTESIAN_POINT('',(-11.794127204469600,43.434956311225413,0.0));
#4075=CARTESIAN_POINT('',(-11.377627645092700,43.545280261043011,0.0));
#4076=CARTESIAN_POINT('',(-10.974068746059700,43.652176440697822,0.0));
#4077=CARTESIAN_POINT('',(-10.658567191659101,43.729509399046002,0.0));
#4078=CARTESIAN_POINT('',(-9.773298589160998,43.946498630981409,0.0));
#4079=CARTESIAN_POINT('',(-8.628745463943599,44.170562956261399,0.0));
#4080=CARTESIAN_POINT('',(-7.962863759885503,44.300919801609012,0.0));
#4081=CARTESIAN_POINT('',(-7.371703112754203,44.400404946941812,0.0));
#4082=CARTESIAN_POINT('',(-6.766968638294707,44.502174402285611,0.0));
#4083=CARTESIAN_POINT('',(-6.153478668382589,44.585779600228598,0.0));
#4084=CARTESIAN_POINT('',(-5.580892592306999,44.663810496539000,0.0));
#4085=CARTESIAN_POINT('',(-4.962128854069700,44.731107639948000,0.0));
#4086=CARTESIAN_POINT('',(-4.349356048921796,44.797753205608998,0.0));
#4087=CARTESIAN_POINT('',(-3.757214032104397,44.846768843432997,0.0));
#4088=CARTESIAN_POINT('',(-3.134831514895797,44.898287693953797,0.0));
#4089=CARTESIAN_POINT('',(-2.523864291829700,44.931196572956011,0.0));
#4090=CARTESIAN_POINT('',(-1.918850315364109,44.963784788811608,0.0));
#4091=CARTESIAN_POINT('',(-1.267763505250305,44.981336243294997,0.0));
#4092=CARTESIAN_POINT('',(-0.038919438127394,45.014462395409012,0.0));
#4093=CARTESIAN_POINT('',(1.058075355574908,44.989961652708203,0.0));
#4094=CARTESIAN_POINT('',(2.075844858058409,44.967230360953401,0.0));
#4095=CARTESIAN_POINT('',(3.259739378355400,44.882704047400011,0.0));
#4096=CARTESIAN_POINT('',(4.328544889589406,44.806394724043002,0.0));
#4097=CARTESIAN_POINT('',(5.215406952952292,44.703465986260198,0.0));
#4098=CARTESIAN_POINT('',(5.551589563002696,44.664448811948212,0.0));
#4099=CARTESIAN_POINT('',(5.971034240860207,44.608859098546603,0.0));
#4100=CARTESIAN_POINT('',(6.401938009467992,44.551750692444408,0.0));
#4101=CARTESIAN_POINT('',(6.692262848165099,44.508991318534413,0.0));
#4102=CARTESIAN_POINT('',(7.544082383671699,44.383534364227998,0.0));
#4103=CARTESIAN_POINT('',(8.622173361606006,44.171947929203817,0.0));
#4104=CARTESIAN_POINT('',(9.955802437534800,43.910209516031209,0.0));
#4105=CARTESIAN_POINT('',(11.079043728270999,43.623937161765006,0.0));
#4106=CARTESIAN_POINT('',(12.203612372885200,43.337326514451007,0.0));
#4107=CARTESIAN_POINT('',(13.395842485782390,42.964272148389007,0.0));
#4108=CARTESIAN_POINT('',(14.192430957470400,42.715015898188007,0.0));
#4109=CARTESIAN_POINT('',(14.956476371352000,42.443664585655597,0.0));
#4110=CARTESIAN_POINT('',(15.341344794933200,42.306978270950012,0.0));
#4111=CARTESIAN_POINT('',(15.744767857342399,42.155389918990799,0.0));
#4112=CARTESIAN_POINT('',(16.895915171339212,41.722840220049200,0.0));
#4113=CARTESIAN_POINT('',(17.941754114875000,41.270688828118622,0.0));
#4114=CARTESIAN_POINT('',(18.887064516672989,40.861999309889022,0.0));
#4115=CARTESIAN_POINT('',(19.931662836890201,40.345959509300009,0.0));
#4116=CARTESIAN_POINT('',(20.928585438593601,39.853471889294198,0.0));
#4117=CARTESIAN_POINT('',(21.740948620351599,39.406991458496996,0.0));
#4118=CARTESIAN_POINT('',(22.063675390949001,39.229618590300007,0.0));
#4119=CARTESIAN_POINT('',(22.426660079341200,39.021007173191400,0.0));
#4120=CARTESIAN_POINT('',(22.776604516885609,38.819890136137609,0.0));
#4121=CARTESIAN_POINT('',(23.052831208633400,38.656716692235001,0.0));
#4122=CARTESIAN_POINT('',(23.401042432709790,38.451020333644003,0.0));
#4123=CARTESIAN_POINT('',(23.738259267322402,38.240683141682013,0.0));
#4124=CARTESIAN_POINT('',(24.142820689981399,37.988340124121599,0.0));
#4125=CARTESIAN_POINT('',(24.615222737396419,37.678121290220609,0.0));
#4126=CARTESIAN_POINT('',(25.752729394203801,36.931138946346003,0.0));
#4127=CARTESIAN_POINT('',(26.680224146080398,36.248707592279203,0.0));
#4128=CARTESIAN_POINT('',(27.606044638825210,35.567508123270997,0.0));
#4129=CARTESIAN_POINT('',(28.580838668571211,34.764114883141623,0.0));
#4130=CARTESIAN_POINT('',(29.129132767799010,34.312228885196802,0.0));
#4131=CARTESIAN_POINT('',(29.646362451642201,33.857868684929208,0.0));
#4132=CARTESIAN_POINT('',(30.167215111628799,33.400325882778013,0.0));
#4133=CARTESIAN_POINT('',(30.707560491001999,32.893971012474807,0.0));
#4134=CARTESIAN_POINT('',(31.215659387165999,32.417834155402403,0.0));
#4135=CARTESIAN_POINT('',(31.714772721064410,31.924028809470212,0.0));
#4136=CARTESIAN_POINT('',(32.189303536849003,31.454544550626999,0.0));
#4137=CARTESIAN_POINT('',(32.608211575836407,31.014951294953409,0.0));
#4138=CARTESIAN_POINT('',(33.214321086982800,30.378912765009218,0.0));
#4139=CARTESIAN_POINT('',(33.877775404724389,29.620334176141409,0.0));
#4140=CARTESIAN_POINT('',(34.511913630091598,28.895274941040402,0.0));
#4141=CARTESIAN_POINT('',(35.027512815524602,28.259698075742609,0.0));
#4142=CARTESIAN_POINT('',(35.445768480230399,27.744116143541799,0.0));
#4143=CARTESIAN_POINT('',(35.980129991017797,27.039470700971300,0.0));
#4144=CARTESIAN_POINT('',(36.225402605974011,26.716037544152918,0.0));
#4145=CARTESIAN_POINT('',(36.436570523198817,26.424575638355812,0.0));
#4146=CARTESIAN_POINT('',(36.698128219115418,26.063563863794510,0.0));
#4147=CARTESIAN_POINT('',(36.995825672208213,25.630749896985801,0.0));
#4148=CARTESIAN_POINT('',(37.337381356848802,25.134171679001501,0.0));
#4149=CARTESIAN_POINT('',(37.672542339954397,24.623179601117808,0.0));
#4150=CARTESIAN_POINT('',(38.043393678602598,24.057773406262310,0.0));
#4151=CARTESIAN_POINT('',(38.357287156195177,23.547874207187199,0.0));
#4152=CARTESIAN_POINT('',(38.961195576387993,22.566864910235012,0.0));
#4153=CARTESIAN_POINT('',(39.564050480710407,21.450700059639100,0.0));
#4154=CARTESIAN_POINT('',(40.161349426574183,20.344821872548010,0.0));
#4155=CARTESIAN_POINT('',(40.673342164596811,19.256010710536199,0.0));
#4156=CARTESIAN_POINT('',(41.186561057974799,18.164591988810901,0.0));
#4157=CARTESIAN_POINT('',(41.658102897119022,17.019187362531401,0.0));
#4158=CARTESIAN_POINT('',(41.872697353769610,16.497924002598019,0.0));
#4159=CARTESIAN_POINT('',(42.062314602360402,15.999853738445220,0.0));
#4160=CARTESIAN_POINT('',(42.249255036633024,15.508814699691399,0.0));
#4161=CARTESIAN_POINT('',(42.436237011532789,14.976080431318010,0.0));
#4162=CARTESIAN_POINT('',(42.617309841873997,14.460182030705701,0.0));
#4163=CARTESIAN_POINT('',(42.796664377969002,13.912883899796020,0.0));
#4164=CARTESIAN_POINT('',(42.967902903074588,13.390351675240000,0.0));
#4165=CARTESIAN_POINT('',(43.108673444874597,12.927262246357911,0.0));
#4166=CARTESIAN_POINT('',(43.233081605345198,12.517999745525200,0.0));
#4167=CARTESIAN_POINT('',(43.348111436612989,12.106024050137711,0.0));
#4168=CARTESIAN_POINT('',(43.433299381891608,11.800926123730809,0.0));
#4169=CARTESIAN_POINT('',(43.542330371317597,11.388622051894499,0.0));
#4170=CARTESIAN_POINT('',(43.648012831412011,10.988980547694821,0.0));
#4171=CARTESIAN_POINT('',(43.726128060593808,10.670540567511310,0.0));
#4172=CARTESIAN_POINT('',(43.826960310066802,10.259493709422710,0.0));
#4173=CARTESIAN_POINT('',(43.930320161965987,9.790359846517605,0.0));
#4174=CARTESIAN_POINT('',(44.054722844660390,9.225715934825503,0.0));
#4175=CARTESIAN_POINT('',(44.168114804572390,8.649332317309314,0.0));
#4176=CARTESIAN_POINT('',(44.300478653205410,7.976512533944505,0.0));
#4177=CARTESIAN_POINT('',(44.396929437735210,7.391412131221909,0.0));
#4178=CARTESIAN_POINT('',(44.488560851572991,6.835547527322211,0.0));
#4179=CARTESIAN_POINT('',(44.578089274020407,6.168761742632409,0.0));
#4180=CARTESIAN_POINT('',(44.631721152087991,5.769324637364099,0.0));
#4181=CARTESIAN_POINT('',(44.729043843753622,4.981072768802511,0.0));
#4182=B_SPLINE_CURVE_WITH_KNOTS('',2,(#3993,#3994,#3995,#3996,#3997,#3998,#3999,#4000,#4001,#4002,#4003,#4004,#4005,#4006,#4007,#4008,#4009,#4010,#4011,#4012,#4013,#4014,#4015,#4016,#4017,#4018,#4019,#4020,#4021,#4022,#4023,#4024,#4025,#4026,#4027,#4028,#4029,#4030,#4031,#4032,#4033,#4034,#4035,#4036,#4037,#4038,#4039,#4040,#4041,#4042,#4043,#4044,#4045,#4046,#4047,#4048,#4049,#4050,#4051,#4052,#4053,#4054,#4055,#4056,#4057,#4058,#4059,#4060,#4061,#4062,#4063,#4064,#4065,#4066,#4067,#4068,#4069,#4070,#4071,#4072,#4073,#4074,#4075,#4076,#4077,#4078,#4079,#4080,#4081,#4082,#4083,#4084,#4085,#4086,#4087,#4088,#4089,#4090,#4091,#4092,#4093,#4094,#4095,#4096,#4097,#4098,#4099,#4100,#4101,#4102,#4103,#4104,#4105,#4106,#4107,#4108,#4109,#4110,#4111,#4112,#4113,#4114,#4115,#4116,#4117,#4118,#4119,#4120,#4121,#4122,#4123,#4124,#4125,#4126,#4127,#4128,#4129,#4130,#4131,#4132,#4133,#4134,#4135,#4136,#4137,#4138,#4139,#4140,#4141,#4142,#4143,#4144,#4145,#4146,#4147,#4148,#4149,#4150,#4151,#4152,#4153,#4154,#4155,#4156,#4157,#4158,#4159,#4160,#4161,#4162,#4163,#4164,#4165,#4166,#4167,#4168,#4169,#4170,#4171,#4172,#4173,#4174,#4175,#4176,#4177,#4178,#4179,#4180,#4181),.UNSPECIFIED.,.F.,.U.,(3,2,2,2,2,2,2,2,2,2,2,2,2,2,2,2,2,2,2,2,2,2,2,2,2,2,2,2,2,2,2,2,2,2,2,2,2,2,2,2,2,2,2,2,2,2,2,2,2,2,2,2,2,2,2,2,2,2,2,2,2,2,2,2,2,2,2,2,2,2,2,2,2,2,2,2,2,2,2,2,2,2,2,2,2,2,2,2,2,2,2,2,2,2,3),(0.507936797038557,0.511718750000000,0.515625000000000,0.519531250000000,0.523437500000000,0.527343750000000,0.531250000000000,0.535156250000000,0.539062500000000,0.542968750000000,0.546875000000000,0.554687500000000,0.562500000000000,0.570312500000000,0.578125000000000,0.582031250000000,0.585937500000000,0.589843750000000,0.593750000000000,0.597656250000000,0.601562500000000,0.605468750000000,0.609375000000000,0.613839285714286,0.618303571428571,0.625000000000000,0.632812500000000,0.640625000000000,0.648437500000000,0.652343750000000,0.656250000000000,0.664062500000000,0.667968750000000,0.671875000000000,0.675781250000000,0.679687500000000,0.687500000000000,0.695312500000000,0.703125000000000,0.710937500000000,0.718750000000000,0.722656250000000,0.726562500000000,0.734375000000000,0.738281250000000,0.742187500000000,0.746093750000000,0.750000000000000,0.753906250000000,0.757812500000000,0.765625000000000,0.773437500000000,0.781250000000000,0.785156250000000,0.789062500000000,0.796875000000000,0.804687500000000,0.812500000000000,0.817708333333333,0.820312500000000,0.828125000000000,0.835937500000000,0.843750000000000,0.847656250000000,0.851562500000000,0.855468750000000,0.859375000000000,0.867187500000000,0.875000000000000,0.879464285714286,0.883928571428571,0.888392857142857,0.892857142857143,0.899553571428571,0.906250000000000,0.914062500000000,0.917968750000000,0.921875000000000,0.925781250000000,0.929687500000000,0.937500000000000,0.945312500000000,0.953125000000000,0.957031250000000,0.960937500000000,0.964843750000000,0.968750000000000,0.972656250000000,0.976562500000000,0.980468750000000,0.984375000000000,0.988281250000000,0.992187500000000,0.996093750000000,1.0),.UNSPECIFIED.);
#4183=EDGE_CURVE('',#3969,#3987,#4182,.T.);
#4184=ORIENTED_EDGE('',*,*,#4183,.F.);
#4185=EDGE_LOOP('',(#3975,#3976,#3977,#3985,#3992,#4184));
#4186=FACE_OUTER_BOUND('',#4185,.T.);
#4187=ADVANCED_FACE('',(#4186),#3967,.F.);
#4188=ORIENTED_EDGE('',*,*,#3273,.F.);
#4189=ORIENTED_EDGE('',*,*,#3974,.T.);
#4190=CARTESIAN_POINT('',(45.000000000000007,0.0,0.0));
#4191=CARTESIAN_POINT('',(44.991170984964583,-0.720403254513488,0.0));
#4192=CARTESIAN_POINT('',(44.983578380734187,-1.084762964107686,0.0));
#4193=CARTESIAN_POINT('',(44.970946509328009,-1.690950888250997,0.0));
#4194=CARTESIAN_POINT('',(44.948126008382992,-2.191386527366196,0.0));
#4195=CARTESIAN_POINT('',(44.900954635014010,-3.225817648617596,0.0));
#4196=CARTESIAN_POINT('',(44.791797339419787,-4.371611394238196,0.0));
#4197=CARTESIAN_POINT('',(44.749159551724787,-4.819168382546285,0.0));
#4198=CARTESIAN_POINT('',(44.698613958740999,-5.251897255777488,0.0));
#4199=CARTESIAN_POINT('',(44.658965997412011,-5.591329768466088,0.0));
#4200=CARTESIAN_POINT('',(44.604289450244814,-6.005069217296002,0.0));
#4201=CARTESIAN_POINT('',(44.548156866204778,-6.429826550838694,0.0));
#4202=CARTESIAN_POINT('',(44.503785300226610,-6.728672657691587,0.0));
#4203=CARTESIAN_POINT('',(44.443340531265612,-7.135773094322090,0.0));
#4204=CARTESIAN_POINT('',(44.366421540712992,-7.576468388770199,0.0));
#4205=CARTESIAN_POINT('',(44.275705497875023,-8.096211730726887,0.0));
#4206=CARTESIAN_POINT('',(44.160635284846400,-8.679377777687499,0.0));
#4207=CARTESIAN_POINT('',(44.031760747931997,-9.332502963330395,0.0));
#4208=CARTESIAN_POINT('',(43.899669093706407,-9.924540844742701,0.0));
#4209=CARTESIAN_POINT('',(43.639329453950019,-11.091389194645791,0.0));
#4210=CARTESIAN_POINT('',(43.293911171013391,-12.295756029709800,0.0));
#4211=CARTESIAN_POINT('',(42.948100053809000,-13.501492556499500,0.0));
#4212=CARTESIAN_POINT('',(42.561769242807998,-14.619394439061089,0.0));
#4213=CARTESIAN_POINT('',(42.174225406809398,-15.740806378002899,0.0));
#4214=CARTESIAN_POINT('',(41.687092669971200,-16.944962076947590,0.0));
#4215=CARTESIAN_POINT('',(41.397967279946798,-17.659658421043101,0.0));
#4216=CARTESIAN_POINT('',(41.116843881846393,-18.292917413740788,0.0));
#4217=CARTESIAN_POINT('',(40.840917675743412,-18.914469203867391,0.0));
#4218=CARTESIAN_POINT('',(40.514764690389200,-19.586875640454789,0.0));
#4219=CARTESIAN_POINT('',(40.278493480163988,-20.073979207399599,0.0));
#4220=CARTESIAN_POINT('',(40.026584077873792,-20.567873415244492,0.0));
#4221=CARTESIAN_POINT('',(39.786462399301577,-21.038656582314101,0.0));
#4222=CARTESIAN_POINT('',(39.567610865536807,-21.445536901822400,0.0));
#4223=CARTESIAN_POINT('',(39.325720184060998,-21.895250714981000,0.0));
#4224=CARTESIAN_POINT('',(39.048625051308207,-22.378549247416490,0.0));
#4225=CARTESIAN_POINT('',(38.777505635537622,-22.851425167159800,0.0));
#4226=CARTESIAN_POINT('',(38.568746903672213,-23.200942161020201,0.0));
#4227=CARTESIAN_POINT('',(38.139223047299389,-23.920078006161699,0.0));
#4228=CARTESIAN_POINT('',(37.552761540621212,-24.805269416163501,0.0));
#4229=CARTESIAN_POINT('',(36.905490163724600,-25.782245835322499,0.0));
#4230=CARTESIAN_POINT('',(36.318186929436003,-26.585499379737200,0.0));
#4231=CARTESIAN_POINT('',(35.735257082948003,-27.382771449766999,0.0));
#4232=CARTESIAN_POINT('',(35.054638233817002,-28.224862422725341,0.0));
#4233=CARTESIAN_POINT('',(34.379152216431812,-29.060602835037091,0.0));
#4234=CARTESIAN_POINT('',(33.701093988689387,-29.823822758251151,0.0));
#4235=CARTESIAN_POINT('',(33.022868333888823,-30.587231136764949,0.0));
#4236=CARTESIAN_POINT('',(32.242457978008801,-31.390062465398991,0.0));
#4237=CARTESIAN_POINT('',(31.413071363712600,-32.243277126749753,0.0));
#4238=CARTESIAN_POINT('',(30.641398283885209,-32.959502935987842,0.0));
#4239=CARTESIAN_POINT('',(29.881323259317998,-33.664964048709287,0.0));
#4240=CARTESIAN_POINT('',(28.982050439192001,-34.427533671270638,0.0));
#4241=CARTESIAN_POINT('',(28.584073114865991,-34.765012366508742,0.0));
#4242=CARTESIAN_POINT('',(28.226800980204398,-35.054168128618002,0.0));
#4243=CARTESIAN_POINT('',(27.922447135119999,-35.300494834476602,0.0));
#4244=CARTESIAN_POINT('',(27.590235443573000,-35.558068071069293,0.0));
#4245=CARTESIAN_POINT('',(26.903464981175009,-36.090540874697503,0.0));
#4246=CARTESIAN_POINT('',(26.391968329154000,-36.460163391445143,0.0));
#4247=CARTESIAN_POINT('',(26.026607089532011,-36.724184163384649,0.0));
#4248=CARTESIAN_POINT('',(25.586698859811801,-37.026090402258248,0.0));
#4249=CARTESIAN_POINT('',(25.084167470634799,-37.370974519836302,0.0));
#4250=CARTESIAN_POINT('',(24.572236699251611,-37.705913559625202,0.0));
#4251=CARTESIAN_POINT('',(24.008662608088208,-38.074641081969943,0.0));
#4252=CARTESIAN_POINT('',(23.497356261168399,-38.388332244771398,0.0));
#4253=CARTESIAN_POINT('',(22.985123488949199,-38.702591778044287,0.0));
#4254=CARTESIAN_POINT('',(22.449435559096209,-39.009166305587001,0.0));
#4255=CARTESIAN_POINT('',(21.398393479856001,-39.610678325764248,0.0));
#4256=CARTESIAN_POINT('',(20.321326570052008,-40.154192056738992,0.0));
#4257=CARTESIAN_POINT('',(19.253043455655401,-40.693273274403190,0.0));
#4258=CARTESIAN_POINT('',(18.060568298692001,-41.215534981454553,0.0));
#4259=CARTESIAN_POINT('',(16.947790534859401,-41.702892064840647,0.0));
#4260=CARTESIAN_POINT('',(15.951952388744600,-42.080504294669687,0.0));
#4261=CARTESIAN_POINT('',(14.997657524173590,-42.442363712418391,0.0));
#4262=CARTESIAN_POINT('',(13.863099966066990,-42.812986988701240,0.0));
#4263=CARTESIAN_POINT('',(13.272480407007601,-43.005923305110400,0.0));
#4264=CARTESIAN_POINT('',(12.758825633939599,-43.159415637446052,0.0));
#4265=CARTESIAN_POINT('',(12.326548141522400,-43.288590491854492,0.0));
#4266=CARTESIAN_POINT('',(11.859511402766410,-43.415993516567191,0.0));
#4267=CARTESIAN_POINT('',(11.152192830582210,-43.608943060047991,0.0));
#4268=CARTESIAN_POINT('',(10.633944782470190,-43.735533814981203,0.0));
#4269=CARTESIAN_POINT('',(10.155950668409410,-43.852291873160141,0.0));
#4270=CARTESIAN_POINT('',(9.590813865753404,-43.973454821721049,0.0));
#4271=CARTESIAN_POINT('',(8.918099635759209,-44.117681917287790,0.0));
#4272=CARTESIAN_POINT('',(8.232396677883003,-44.246640759244492,0.0));
#4273=CARTESIAN_POINT('',(7.482100870589800,-44.387747454675939,0.0));
#4274=CARTESIAN_POINT('',(6.804589580321499,-44.491571812703590,0.0));
#4275=CARTESIAN_POINT('',(6.137579917974895,-44.593786862085189,0.0));
#4276=CARTESIAN_POINT('',(5.434685478653694,-44.677366311647603,0.0));
#4277=CARTESIAN_POINT('',(4.386403259553195,-44.802014972893303,0.0));
#4278=CARTESIAN_POINT('',(3.369172545077209,-44.877165144354841,0.0));
#4279=CARTESIAN_POINT('',(2.338359160740711,-44.953318765628097,0.0));
#4280=CARTESIAN_POINT('',(1.228166427779509,-44.982387929506537,0.0));
#4281=CARTESIAN_POINT('',(0.000156470978813,-45.014542006558898,0.0));
#4282=CARTESIAN_POINT('',(-1.092354637604098,-44.989180523915039,0.0));
#4283=CARTESIAN_POINT('',(-2.109541607864293,-44.965567610976052,0.0));
#4284=CARTESIAN_POINT('',(-3.295163839463891,-44.880163240307141,0.0));
#4285=CARTESIAN_POINT('',(-4.357443431173502,-44.803643656255552,0.0));
#4286=CARTESIAN_POINT('',(-5.240985678448398,-44.700488110404997,0.0));
#4287=CARTESIAN_POINT('',(-5.573201521684696,-44.661701163029299,0.0));
#4288=CARTESIAN_POINT('',(-5.993834277102400,-44.605833938622190,0.0));
#4289=CARTESIAN_POINT('',(-6.424598080616198,-44.548621137746892,0.0));
#4290=CARTESIAN_POINT('',(-6.716175268413408,-44.505460204593653,0.0));
#4291=CARTESIAN_POINT('',(-7.572839629591294,-44.378651816369143,0.0));
#4292=CARTESIAN_POINT('',(-8.660362018366396,-44.164439025098993,0.0));
#4293=CARTESIAN_POINT('',(-9.172062424604889,-44.063647746274953,0.0));
#4294=CARTESIAN_POINT('',(-9.653895723732099,-43.959198173628693,0.0));
#4295=CARTESIAN_POINT('',(-10.406739487346799,-43.796000217984343,0.0));
#4296=CARTESIAN_POINT('',(-11.116477952659990,-43.614376577237699,0.0));
#4297=CARTESIAN_POINT('',(-12.242871289047400,-43.326130034791703,0.0));
#4298=CARTESIAN_POINT('',(-13.432678050132690,-42.952728558449849,0.0));
#4299=CARTESIAN_POINT('',(-14.026363625175801,-42.766410008703353,0.0));
#4300=CARTESIAN_POINT('',(-14.600717364521200,-42.568220303669648,0.0));
#4301=CARTESIAN_POINT('',(-15.173973370455601,-42.370409388649897,0.0));
#4302=CARTESIAN_POINT('',(-15.782108899843090,-42.141341209742393,0.0));
#4303=CARTESIAN_POINT('',(-16.933409249693501,-41.707677557856400,0.0));
#4304=CARTESIAN_POINT('',(-17.973536587230999,-41.256931468660703,0.0));
#4305=CARTESIAN_POINT('',(-18.916501031220690,-40.848291564641649,0.0));
#4306=CARTESIAN_POINT('',(-19.963772153442289,-40.330083864796052,0.0));
#4307=CARTESIAN_POINT('',(-20.956924387421999,-39.838655118364642,0.0));
#4308=CARTESIAN_POINT('',(-21.764532708744099,-39.394017814207487,0.0));
#4309=CARTESIAN_POINT('',(-22.083967104444799,-39.218149828688389,0.0));
#4310=CARTESIAN_POINT('',(-22.446964407590599,-39.009332199243303,0.0));
#4311=CARTESIAN_POINT('',(-22.802671670623901,-38.804708234273647,0.0));
#4312=CARTESIAN_POINT('',(-23.072934696777288,-38.644832378591090,0.0));
#4313=CARTESIAN_POINT('',(-23.421423692588700,-38.438681440394852,0.0));
#4314=CARTESIAN_POINT('',(-23.762562822485890,-38.225509578179043,0.0));
#4315=CARTESIAN_POINT('',(-24.170892017260289,-37.970351822241248,0.0));
#4316=CARTESIAN_POINT('',(-24.646519644024799,-37.657553508854249,0.0));
#4317=CARTESIAN_POINT('',(-25.784609765250501,-36.909084222443298,0.0));
#4318=CARTESIAN_POINT('',(-26.711657947546190,-36.225554401666102,0.0));
#4319=CARTESIAN_POINT('',(-27.637365997793001,-35.543012685106952,0.0));
#4320=CARTESIAN_POINT('',(-28.610477782133390,-34.739666357256098,0.0));
#4321=CARTESIAN_POINT('',(-29.569371197776299,-33.948057914471541,0.0));
#4322=CARTESIAN_POINT('',(-30.473574817791299,-33.111815142055391,0.0));
#4323=CARTESIAN_POINT('',(-30.985311720797299,-32.638540896028502,0.0));
#4324=CARTESIAN_POINT('',(-31.499788300937801,-32.135480301827243,0.0));
#4325=CARTESIAN_POINT('',(-31.988323724745101,-31.657785242274191,0.0));
#4326=CARTESIAN_POINT('',(-32.417765739593499,-31.213405581449351,0.0));
#4327=CARTESIAN_POINT('',(-33.225147385666602,-30.377940094531599,0.0));
#4328=CARTESIAN_POINT('',(-34.111435023015503,-29.351437660557600,0.0));
#4329=CARTESIAN_POINT('',(-34.526911972177103,-28.870230339591050,0.0));
#4330=CARTESIAN_POINT('',(-34.880164716207702,-28.440196206409951,0.0));
#4331=CARTESIAN_POINT('',(-35.183256937947597,-28.071225255575602,0.0));
#4332=CARTESIAN_POINT('',(-35.483891981143792,-27.685644206216040,0.0));
#4333=CARTESIAN_POINT('',(-35.772134709238813,-27.315956985499799,0.0));
#4334=CARTESIAN_POINT('',(-36.065367459537299,-26.926708593229201,0.0));
#4335=CARTESIAN_POINT('',(-36.303213632776703,-26.610982466297902,0.0));
#4336=CARTESIAN_POINT('',(-36.524306406475397,-26.302891257725388,0.0));
#4337=CARTESIAN_POINT('',(-37.024945682329303,-25.605253985478289,0.0));
#4338=CARTESIAN_POINT('',(-37.594764274390613,-24.741425399621601,0.0));
#4339=CARTESIAN_POINT('',(-37.914039584117397,-24.257413219003599,0.0));
#4340=CARTESIAN_POINT('',(-38.188931745028803,-23.818888499274401,0.0));
#4341=CARTESIAN_POINT('',(-38.469876239675493,-23.370708728101601,0.0));
#4342=CARTESIAN_POINT('',(-38.739815169661398,-22.913077090845700,0.0));
#4343=CARTESIAN_POINT('',(-39.243292698608201,-22.059523859729499,0.0));
#4344=CARTESIAN_POINT('',(-39.744938754600298,-21.112547163843999,0.0));
#4345=CARTESIAN_POINT('',(-40.247163427287703,-20.164478190804701,0.0));
#4346=CARTESIAN_POINT('',(-40.690333703152000,-19.219834303380100,0.0));
#4347=CARTESIAN_POINT('',(-40.985543030644202,-18.590578006390800,0.0));
#4348=CARTESIAN_POINT('',(-41.277874985081198,-17.917644063144500,0.0));
#4349=CARTESIAN_POINT('',(-41.553383089557798,-17.283437804376600,0.0));
#4350=CARTESIAN_POINT('',(-41.791973713260703,-16.690264630329590,0.0));
#4351=CARTESIAN_POINT('',(-42.131992059116300,-15.844926459385301,0.0));
#4352=CARTESIAN_POINT('',(-42.447995527701792,-14.942555121318991,0.0));
#4353=CARTESIAN_POINT('',(-42.629232220227287,-14.425020306043100,0.0));
#4354=CARTESIAN_POINT('',(-42.807567826842899,-13.879680835206001,0.0));
#4355=CARTESIAN_POINT('',(-42.977981419863198,-13.358566401555899,0.0));
#4356=CARTESIAN_POINT('',(-43.117319459218898,-12.898721383291591,0.0));
#4357=CARTESIAN_POINT('',(-43.239847871278002,-12.494351692561599,0.0));
#4358=CARTESIAN_POINT('',(-43.354678190353397,-12.082031067333700,0.0));
#4359=CARTESIAN_POINT('',(-43.438185063627898,-11.782183374872300,0.0));
#4360=CARTESIAN_POINT('',(-43.548197023755698,-11.366612584822290,0.0));
#4361=CARTESIAN_POINT('',(-43.654737666832112,-10.964154714202790,0.0));
#4362=CARTESIAN_POINT('',(-43.732519022410500,-10.646277174887700,0.0));
#4363=CARTESIAN_POINT('',(-43.834055067384199,-10.231318758593590,0.0));
#4364=CARTESIAN_POINT('',(-43.937346297069993,-9.757806143974701,0.0));
#4365=CARTESIAN_POINT('',(-44.058267806819700,-9.203471952975287,0.0));
#4366=CARTESIAN_POINT('',(-44.174396638223897,-8.609142872480296,0.0));
#4367=CARTESIAN_POINT('',(-44.304619796321902,-7.942681246407693,0.0));
#4368=CARTESIAN_POINT('',(-44.403729985924500,-7.351912781527192,0.0));
#4369=CARTESIAN_POINT('',(-44.596913175498393,-6.200401147830201,0.0));
#4370=CARTESIAN_POINT('',(-44.733164678990001,-4.943179985915688,0.0));
#4371=CARTESIAN_POINT('',(-44.868915591050687,-3.690577885986396,0.0));
#4372=CARTESIAN_POINT('',(-44.932260960938400,-2.504010517024993,0.0));
#4373=CARTESIAN_POINT('',(-44.995902061593398,-1.311903603828588,0.0));
#4374=CARTESIAN_POINT('',(-44.999898621985800,-0.036802036268699,0.0));
#4375=CARTESIAN_POINT('',(-44.999956369443602,-0.018377724678456,0.0));
#4376=CARTESIAN_POINT('',(-44.999999988793107,2.679801E-011,0.0));
#4377=B_SPLINE_CURVE_WITH_KNOTS('',2,(#4190,#4191,#4192,#4193,#4194,#4195,#4196,#4197,#4198,#4199,#4200,#4201,#4202,#4203,#4204,#4205,#4206,#4207,#4208,#4209,#4210,#4211,#4212,#4213,#4214,#4215,#4216,#4217,#4218,#4219,#4220,#4221,#4222,#4223,#4224,#4225,#4226,#4227,#4228,#4229,#4230,#4231,#4232,#4233,#4234,#4235,#4236,#4237,#4238,#4239,#4240,#4241,#4242,#4243,#4244,#4245,#4246,#4247,#4248,#4249,#4250,#4251,#4252,#4253,#4254,#4255,#4256,#4257,#4258,#4259,#4260,#4261,#4262,#4263,#4264,#4265,#4266,#4267,#4268,#4269,#4270,#4271,#4272,#4273,#4274,#4275,#4276,#4277,#4278,#4279,#4280,#4281,#4282,#4283,#4284,#4285,#4286,#4287,#4288,#4289,#4290,#4291,#4292,#4293,#4294,#4295,#4296,#4297,#4298,#4299,#4300,#4301,#4302,#4303,#4304,#4305,#4306,#4307,#4308,#4309,#4310,#4311,#4312,#4313,#4314,#4315,#4316,#4317,#4318,#4319,#4320,#4321,#4322,#4323,#4324,#4325,#4326,#4327,#4328,#4329,#4330,#4331,#4332,#4333,#4334,#4335,#4336,#4337,#4338,#4339,#4340,#4341,#4342,#4343,#4344,#4345,#4346,#4347,#4348,#4349,#4350,#4351,#4352,#4353,#4354,#4355,#4356,#4357,#4358,#4359,#4360,#4361,#4362,#4363,#4364,#4365,#4366,#4367,#4368,#4369,#4370,#4371,#4372,#4373,#4374,#4375,#4376),.UNSPECIFIED.,.F.,.U.,(3,2,2,2,2,2,2,2,2,2,2,2,2,2,2,2,2,2,2,2,2,2,2,2,2,2,2,2,2,2,2,2,2,2,2,2,2,2,2,2,2,2,2,2,2,2,2,2,2,2,2,2,2,2,2,2,2,2,2,2,2,2,2,2,2,2,2,2,2,2,2,2,2,2,2,2,2,2,2,2,2,2,2,2,2,2,2,2,2,2,2,2,2,3),(0.0,0.003906250000000,0.007812500000000,0.015625000000000,0.019531250000000,0.023437500000000,0.027343750000000,0.031250000000000,0.035156250000000,0.039062500000000,0.046875000000000,0.054687500000000,0.062500000000000,0.067602040816326,0.072704081632653,0.076530612244898,0.080357142857143,0.085459183673469,0.090561224489796,0.098214285714286,0.104910714285714,0.111607142857143,0.118303571428571,0.125000000000000,0.132812500000000,0.140625000000000,0.144531250000000,0.148437500000000,0.156250000000000,0.160156250000000,0.164062500000000,0.167968750000000,0.171875000000000,0.179687500000000,0.187500000000000,0.195312500000000,0.203125000000000,0.207589285714286,0.212053571428572,0.218750000000000,0.223214285714286,0.227678571428572,0.232142857142857,0.236607142857143,0.243303571428572,0.250000000000000,0.257812500000000,0.265625000000000,0.273437500000000,0.277343750000000,0.281250000000000,0.289062500000000,0.292187500000000,0.296875000000000,0.304687500000000,0.308593750000000,0.312500000000000,0.320312500000000,0.328125000000000,0.335937500000000,0.339843750000000,0.343750000000000,0.347656250000000,0.351562500000000,0.359375000000000,0.367187500000000,0.375000000000000,0.379464285714285,0.383928571428572,0.392857142857143,0.397321428571428,0.401785714285715,0.406887755102041,0.410714285714285,0.417410714285715,0.420758928571428,0.424107142857143,0.430803571428572,0.437500000000000,0.441964285714285,0.446428571428572,0.453125000000000,0.457031250000000,0.460937500000000,0.464843750000000,0.468750000000000,0.472656250000000,0.476562500000000,0.480468750000000,0.484375000000000,0.492187500000000,0.500000000000000,0.507812500000000,0.507936797038557),.UNSPECIFIED.);
#4378=EDGE_CURVE('',#3979,#3969,#4377,.T.);
#4379=ORIENTED_EDGE('',*,*,#4378,.F.);
#4380=ORIENTED_EDGE('',*,*,#3984,.F.);
#4381=EDGE_LOOP('',(#4188,#4189,#4379,#4380));
#4382=FACE_OUTER_BOUND('',#4381,.T.);
#4383=ADVANCED_FACE('',(#4382),#3967,.F.);
#4384=CARTESIAN_POINT('',(-47.631397208099798,27.500000000000000,-8.800000000000001));
#4385=DIRECTION('',(0.0,0.0,1.0));
#4386=DIRECTION('',(1.0,0.0,0.0));
#4387=AXIS2_PLACEMENT_3D('',#4384,#4385,#4386);
#4388=CYLINDRICAL_SURFACE('',#4387,2.100000000000025);
#4389=CARTESIAN_POINT('',(-49.731401533962199,27.499999998273498,0.0));
#4390=VERTEX_POINT('',#4389);
#4391=CARTESIAN_POINT('',(-49.731397208099800,27.500000000000000,-8.800000000000001));
#4392=DIRECTION('',(0.0,0.0,1.0));
#4393=VECTOR('',#4392,1.0);
#4394=LINE('',#4391,#4393);
#4395=EDGE_CURVE('',#3007,#4390,#4394,.T.);
#4396=ORIENTED_EDGE('',*,*,#4395,.F.);
#4397=ORIENTED_EDGE('',*,*,#3079,.F.);
#4398=ORIENTED_EDGE('',*,*,#3051,.F.);
#4399=CARTESIAN_POINT('',(-45.531397208099797,27.500000000000000,0.0));
#4400=VERTEX_POINT('',#4399);
#4401=CARTESIAN_POINT('',(-45.531397208099797,27.500000000000000,-8.800000000000001));
#4402=DIRECTION('',(0.0,0.0,1.0));
#4403=VECTOR('',#4402,1.0);
#4404=LINE('',#4401,#4403);
#4405=EDGE_CURVE('',#3009,#4400,#4404,.T.);
#4406=ORIENTED_EDGE('',*,*,#4405,.T.);
#4407=CARTESIAN_POINT('',(-45.688208168901397,28.304895254290699,0.0));
#4408=VERTEX_POINT('',#4407);
#4409=CARTESIAN_POINT('',(-45.685166147976787,28.306155300614620,0.0));
#4410=CARTESIAN_POINT('',(-45.531397208099797,27.500000000000011,0.0));
#4411=QUASI_UNIFORM_CURVE('',1,(#4409,#4410),.UNSPECIFIED.,.F.,.U.);
#4412=EDGE_CURVE('',#4408,#4400,#4411,.T.);
#4413=ORIENTED_EDGE('',*,*,#4412,.F.);
#4414=CARTESIAN_POINT('',(-49.731405859824669,27.499999996547022,0.0));
#4415=CARTESIAN_POINT('',(-49.731480853538422,27.687902355596730,0.0));
#4416=CARTESIAN_POINT('',(-49.701976062381547,27.867992254458610,0.0));
#4417=CARTESIAN_POINT('',(-49.639578785492652,28.248849696371000,0.0));
#4418=CARTESIAN_POINT('',(-49.440946376652548,28.575298910933402,0.0));
#4419=CARTESIAN_POINT('',(-49.342328223287652,28.737376282373219,0.0));
#4420=CARTESIAN_POINT('',(-49.207587981426002,28.888359680146010,0.0));
#4421=CARTESIAN_POINT('',(-49.074186111592553,29.037843362959809,0.0));
#4422=CARTESIAN_POINT('',(-48.918746870238998,29.161286491375598,0.0));
#4423=CARTESIAN_POINT('',(-48.612109119840603,29.404804941864221,0.0));
#4424=CARTESIAN_POINT('',(-48.248421631795189,29.513432031863999,0.0));
#4425=CARTESIAN_POINT('',(-48.067812587741052,29.567376793584209,0.0));
#4426=CARTESIAN_POINT('',(-47.869648454632852,29.587852340825009,0.0));
#4427=CARTESIAN_POINT('',(-47.672630695298551,29.608209437617401,0.0));
#4428=CARTESIAN_POINT('',(-47.472120796229603,29.594605917764600,0.0));
#4429=CARTESIAN_POINT('',(-47.075078889512653,29.567668756629399,0.0));
#4430=CARTESIAN_POINT('',(-46.733642770768498,29.405548810290199,0.0));
#4431=CARTESIAN_POINT('',(-46.397911924110403,29.246137828684400,0.0));
#4432=CARTESIAN_POINT('',(-46.109053208624303,28.946980898362199,0.0));
#4433=CARTESIAN_POINT('',(-45.962277938156490,28.794972885425999,0.0));
#4434=CARTESIAN_POINT('',(-45.863412863333899,28.639914385806598,0.0));
#4435=CARTESIAN_POINT('',(-45.817755855416102,28.568306619793010,0.0));
#4436=CARTESIAN_POINT('',(-45.768978613653701,28.474825921622401,0.0));
#4437=CARTESIAN_POINT('',(-45.740011516352702,28.419311005611601,0.0));
#4438=CARTESIAN_POINT('',(-45.685166147976787,28.306155300614620,0.0));
#4439=B_SPLINE_CURVE_WITH_KNOTS('',2,(#4414,#4415,#4416,#4417,#4418,#4419,#4420,#4421,#4422,#4423,#4424,#4425,#4426,#4427,#4428,#4429,#4430,#4431,#4432,#4433,#4434,#4435,#4436,#4437,#4438),.UNSPECIFIED.,.F.,.U.,(3,2,2,2,2,2,2,2,2,2,2,2,3),(0.533313046759727,0.562500000000000,0.625000000000000,0.656250000000000,0.687500000000000,0.750000000000000,0.781250000000000,0.812500000000000,0.875000000000000,0.937500000000000,0.968750000000000,0.984375000000000,1.0),.UNSPECIFIED.);
#4440=EDGE_CURVE('',#4390,#4408,#4439,.T.);
#4441=ORIENTED_EDGE('',*,*,#4440,.F.);
#4442=EDGE_LOOP('',(#4396,#4397,#4398,#4406,#4413,#4441));
#4443=FACE_OUTER_BOUND('',#4442,.T.);
#4444=ADVANCED_FACE('',(#4443),#4388,.F.);
#4445=ORIENTED_EDGE('',*,*,#3044,.F.);
#4446=ORIENTED_EDGE('',*,*,#4395,.T.);
#4447=CARTESIAN_POINT('',(-45.531397208099797,27.500000000000011,0.0));
#4448=CARTESIAN_POINT('',(-45.538292935090197,27.367346196401410,0.0));
#4449=CARTESIAN_POINT('',(-45.543449702667800,27.301156308331201,0.0));
#4450=CARTESIAN_POINT('',(-45.551956453875597,27.191967576860019,0.0));
#4451=CARTESIAN_POINT('',(-45.565584624206600,27.106430198630122,0.0));
#4452=CARTESIAN_POINT('',(-45.594574968728701,26.924471945675108,0.0));
#4453=CARTESIAN_POINT('',(-45.666358951935500,26.740353807268399,0.0));
#4454=CARTESIAN_POINT('',(-45.735623920733403,26.562696667859711,0.0));
#4455=CARTESIAN_POINT('',(-45.835348900987398,26.403001150050009,0.0));
#4456=CARTESIAN_POINT('',(-45.935925080194998,26.241942556937499,0.0));
#4457=CARTESIAN_POINT('',(-46.072958178888797,26.091944649009299,0.0));
#4458=CARTESIAN_POINT('',(-46.208441662992897,25.943642965925822,0.0));
#4459=CARTESIAN_POINT('',(-46.364720558878403,25.822512122912599,0.0));
#4460=CARTESIAN_POINT('',(-46.519711943724801,25.702379222050599,0.0));
#4461=CARTESIAN_POINT('',(-46.688599682198301,25.616615563338200,0.0));
#4462=CARTESIAN_POINT('',(-47.025194655345700,25.445687722973720,0.0));
#4463=CARTESIAN_POINT('',(-47.419397777881201,25.409595942567702,0.0));
#4464=CARTESIAN_POINT('',(-47.617276513459252,25.391478897158301,0.0));
#4465=CARTESIAN_POINT('',(-47.817067306985336,25.407345494714811,0.0));
#4466=CARTESIAN_POINT('',(-48.016395809769513,25.423175378962199,0.0));
#4467=CARTESIAN_POINT('',(-48.199792750745047,25.472738086809510,0.0));
#4468=CARTESIAN_POINT('',(-48.566414297616248,25.571816929245301,0.0));
#4469=CARTESIAN_POINT('',(-48.877288025359299,25.806599694476709,0.0));
#4470=CARTESIAN_POINT('',(-49.033611106665951,25.924660379646589,0.0));
#4471=CARTESIAN_POINT('',(-49.171772703697748,26.072433578875110,0.0));
#4472=CARTESIAN_POINT('',(-49.309760863911301,26.220021275662599,0.0));
#4473=CARTESIAN_POINT('',(-49.413822361808712,26.381407915855100,0.0));
#4474=CARTESIAN_POINT('',(-49.621071573832353,26.702826064611990,0.0));
#4475=CARTESIAN_POINT('',(-49.692954973130497,27.080999054600522,0.0));
#4476=CARTESIAN_POINT('',(-49.728911831110452,27.270165296398101,0.0));
#4477=CARTESIAN_POINT('',(-49.731247471338548,27.473397632650109,0.0));
#4478=CARTESIAN_POINT('',(-49.731400558978883,27.486718330941461,0.0));
#4479=CARTESIAN_POINT('',(-49.731405859824669,27.499999996547022,0.0));
#4480=B_SPLINE_CURVE_WITH_KNOTS('',2,(#4447,#4448,#4449,#4450,#4451,#4452,#4453,#4454,#4455,#4456,#4457,#4458,#4459,#4460,#4461,#4462,#4463,#4464,#4465,#4466,#4467,#4468,#4469,#4470,#4471,#4472,#4473,#4474,#4475,#4476,#4477,#4478,#4479),.UNSPECIFIED.,.F.,.U.,(3,2,2,2,2,2,2,2,2,2,2,2,2,2,2,2,3),(0.0,0.015625000000000,0.031250000000000,0.062500000000000,0.093750000000000,0.125000000000000,0.156250000000000,0.187500000000000,0.250000000000000,0.281250000000000,0.312500000000000,0.375000000000000,0.406250000000000,0.437500000000000,0.500000000000000,0.531250000000000,0.533313046759727),.UNSPECIFIED.);
#4481=EDGE_CURVE('',#4400,#4390,#4480,.T.);
#4482=ORIENTED_EDGE('',*,*,#4481,.F.);
#4483=ORIENTED_EDGE('',*,*,#4405,.F.);
#4484=EDGE_LOOP('',(#4445,#4446,#4482,#4483));
#4485=FACE_OUTER_BOUND('',#4484,.T.);
#4486=ADVANCED_FACE('',(#4485),#4388,.F.);
#4487=CARTESIAN_POINT('',(-27.500000000000000,47.631397208100203,-8.800000000000001));
#4488=DIRECTION('',(0.0,0.0,1.0));
#4489=DIRECTION('',(1.0,0.0,0.0));
#4490=AXIS2_PLACEMENT_3D('',#4487,#4488,#4489);
#4491=CYLINDRICAL_SURFACE('',#4490,2.100000000000000);
#4492=CARTESIAN_POINT('',(-29.600004325862550,47.631397206373698,0.0));
#4493=VERTEX_POINT('',#4492);
#4494=CARTESIAN_POINT('',(-29.600000000000001,47.631397208100203,-8.800000000000001));
#4495=DIRECTION('',(0.0,0.0,1.0));
#4496=VECTOR('',#4495,1.0);
#4497=LINE('',#4494,#4496);
#4498=EDGE_CURVE('',#2930,#4493,#4497,.T.);
#4499=ORIENTED_EDGE('',*,*,#4498,.F.);
#4500=ORIENTED_EDGE('',*,*,#3002,.F.);
#4501=ORIENTED_EDGE('',*,*,#2974,.F.);
#4502=CARTESIAN_POINT('',(-25.399999999999999,47.631397208100203,0.0));
#4503=VERTEX_POINT('',#4502);
#4504=CARTESIAN_POINT('',(-25.399999999999999,47.631397208100203,-8.800000000000001));
#4505=DIRECTION('',(0.0,0.0,1.0));
#4506=VECTOR('',#4505,1.0);
#4507=LINE('',#4504,#4506);
#4508=EDGE_CURVE('',#2932,#4503,#4507,.T.);
#4509=ORIENTED_EDGE('',*,*,#4508,.T.);
#4510=CARTESIAN_POINT('',(-25.556810960801698,48.436292462390902,0.0));
#4511=VERTEX_POINT('',#4510);
#4512=CARTESIAN_POINT('',(-25.553768939877099,48.437552508715008,0.0));
#4513=CARTESIAN_POINT('',(-25.399999999999991,47.631397208100211,0.0));
#4514=QUASI_UNIFORM_CURVE('',1,(#4512,#4513),.UNSPECIFIED.,.F.,.U.);
#4515=EDGE_CURVE('',#4511,#4503,#4514,.T.);
#4516=ORIENTED_EDGE('',*,*,#4515,.F.);
#4517=CARTESIAN_POINT('',(-29.600008651725119,47.631397204647307,0.0));
#4518=CARTESIAN_POINT('',(-29.600083645440421,47.819299563724400,0.0));
#4519=CARTESIAN_POINT('',(-29.570578854281699,47.999389462558817,0.0));
#4520=CARTESIAN_POINT('',(-29.508181577377599,48.380246904482810,0.0));
#4521=CARTESIAN_POINT('',(-29.309549168552788,48.706696119033602,0.0));
#4522=CARTESIAN_POINT('',(-29.210931015197801,48.868773490463809,0.0));
#4523=CARTESIAN_POINT('',(-29.076190773326200,49.019756888246206,0.0));
#4524=CARTESIAN_POINT('',(-28.942788903493099,49.169240571058197,0.0));
#4525=CARTESIAN_POINT('',(-28.787349662139199,49.292683699475823,0.0));
#4526=CARTESIAN_POINT('',(-28.480711911760199,49.536202149952011,0.0));
#4527=CARTESIAN_POINT('',(-28.117024423695401,49.644829239964203,0.0));
#4528=CARTESIAN_POINT('',(-27.936415379629199,49.698774001691213,0.0));
#4529=CARTESIAN_POINT('',(-27.738251246533100,49.719249548925013,0.0));
#4530=CARTESIAN_POINT('',(-27.541233487165101,49.739606645715412,0.0));
#4531=CARTESIAN_POINT('',(-27.340723588129809,49.726003125864793,0.0));
#4532=CARTESIAN_POINT('',(-26.943681681412109,49.699065964729201,0.0));
#4533=CARTESIAN_POINT('',(-26.602245562668699,49.536946018390402,0.0));
#4534=CARTESIAN_POINT('',(-26.266514716021611,49.377535036789787,0.0));
#4535=CARTESIAN_POINT('',(-25.977656000524501,49.078378106462402,0.0));
#4536=CARTESIAN_POINT('',(-25.830880730076199,48.926370093549423,0.0));
#4537=CARTESIAN_POINT('',(-25.732015655234100,48.771311593907008,0.0));
#4538=CARTESIAN_POINT('',(-25.686358647333400,48.699703827923223,0.0));
#4539=CARTESIAN_POINT('',(-25.637581405553892,48.606223129722601,0.0));
#4540=CARTESIAN_POINT('',(-25.608614308310489,48.550708213823803,0.0));
#4541=CARTESIAN_POINT('',(-25.553768939877099,48.437552508715008,0.0));
#4542=B_SPLINE_CURVE_WITH_KNOTS('',2,(#4517,#4518,#4519,#4520,#4521,#4522,#4523,#4524,#4525,#4526,#4527,#4528,#4529,#4530,#4531,#4532,#4533,#4534,#4535,#4536,#4537,#4538,#4539,#4540,#4541),.UNSPECIFIED.,.F.,.U.,(3,2,2,2,2,2,2,2,2,2,2,2,3),(0.533313046759425,0.562500000000000,0.625000000000000,0.656250000000000,0.687500000000000,0.750000000000000,0.781250000000000,0.812500000000000,0.875000000000000,0.937500000000000,0.968750000000000,0.984375000000000,1.0),.UNSPECIFIED.);
#4543=EDGE_CURVE('',#4493,#4511,#4542,.T.);
#4544=ORIENTED_EDGE('',*,*,#4543,.F.);
#4545=EDGE_LOOP('',(#4499,#4500,#4501,#4509,#4516,#4544));
#4546=FACE_OUTER_BOUND('',#4545,.T.);
#4547=ADVANCED_FACE('',(#4546),#4491,.F.);
#4548=ORIENTED_EDGE('',*,*,#2967,.F.);
#4549=ORIENTED_EDGE('',*,*,#4498,.T.);
#4550=CARTESIAN_POINT('',(-25.399999999999991,47.631397208100211,0.0));
#4551=CARTESIAN_POINT('',(-25.406895727003899,47.498743404308208,0.0));
#4552=CARTESIAN_POINT('',(-25.412052494568101,47.432553516431398,0.0));
#4553=CARTESIAN_POINT('',(-25.420559245781298,47.323364784925822,0.0));
#4554=CARTESIAN_POINT('',(-25.434187416106891,47.237827406730403,0.0));
#4555=CARTESIAN_POINT('',(-25.463177760631201,47.055869153761407,0.0));
#4556=CARTESIAN_POINT('',(-25.534961743835701,46.871751015368602,0.0));
#4557=CARTESIAN_POINT('',(-25.604226712637900,46.694093875957009,0.0));
#4558=CARTESIAN_POINT('',(-25.703951692887610,46.534398358150213,0.0));
#4559=CARTESIAN_POINT('',(-25.804527872092290,46.373339765038203,0.0));
#4560=CARTESIAN_POINT('',(-25.941560970789009,46.223341857109610,0.0));
#4561=CARTESIAN_POINT('',(-26.077044454874191,46.075040174049207,0.0));
#4562=CARTESIAN_POINT('',(-26.233323350778591,45.953909331012987,0.0));
#4563=CARTESIAN_POINT('',(-26.388314735597788,45.833776430163397,0.0));
#4564=CARTESIAN_POINT('',(-26.557202474098599,45.748012771438397,0.0));
#4565=CARTESIAN_POINT('',(-26.893797447251899,45.577084931073401,0.0));
#4566=CARTESIAN_POINT('',(-27.288000569781399,45.540993150668008,0.0));
#4567=CARTESIAN_POINT('',(-27.485879305361198,45.522876105258412,0.0));
#4568=CARTESIAN_POINT('',(-27.685670098885598,45.538742702815007,0.0));
#4569=CARTESIAN_POINT('',(-27.884998601671501,45.554572587062999,0.0));
#4570=CARTESIAN_POINT('',(-28.068395542645298,45.604135294909810,0.0));
#4571=CARTESIAN_POINT('',(-28.435017089506101,45.703214137342599,0.0));
#4572=CARTESIAN_POINT('',(-28.745890817259511,45.937996902576991,0.0));
#4573=CARTESIAN_POINT('',(-28.902213898549601,46.056057587732013,0.0));
#4574=CARTESIAN_POINT('',(-29.040375495597988,46.203830786975210,0.0));
#4575=CARTESIAN_POINT('',(-29.178363655811602,46.351418483760007,0.0));
#4576=CARTESIAN_POINT('',(-29.282425153708910,46.512805123955388,0.0));
#4577=CARTESIAN_POINT('',(-29.489674365728298,46.834223272711007,0.0));
#4578=CARTESIAN_POINT('',(-29.561557765030699,47.212396262700601,0.0));
#4579=CARTESIAN_POINT('',(-29.597514623009200,47.401562504480012,0.0));
#4580=CARTESIAN_POINT('',(-29.599850263238800,47.604794840750408,0.0));
#4581=CARTESIAN_POINT('',(-29.600003350879209,47.618115539041881,0.0));
#4582=CARTESIAN_POINT('',(-29.600008651725119,47.631397204647307,0.0));
#4583=B_SPLINE_CURVE_WITH_KNOTS('',2,(#4550,#4551,#4552,#4553,#4554,#4555,#4556,#4557,#4558,#4559,#4560,#4561,#4562,#4563,#4564,#4565,#4566,#4567,#4568,#4569,#4570,#4571,#4572,#4573,#4574,#4575,#4576,#4577,#4578,#4579,#4580,#4581,#4582),.UNSPECIFIED.,.F.,.U.,(3,2,2,2,2,2,2,2,2,2,2,2,2,2,2,2,3),(0.0,0.015625000000000,0.031250000000000,0.062500000000000,0.093750000000000,0.125000000000000,0.156250000000000,0.187500000000000,0.250000000000000,0.281250000000000,0.312500000000000,0.375000000000000,0.406250000000000,0.437500000000000,0.500000000000000,0.531250000000000,0.533313046759425),.UNSPECIFIED.);
#4584=EDGE_CURVE('',#4503,#4493,#4583,.T.);
#4585=ORIENTED_EDGE('',*,*,#4584,.F.);
#4586=ORIENTED_EDGE('',*,*,#4508,.F.);
#4587=EDGE_LOOP('',(#4548,#4549,#4585,#4586));
#4588=FACE_OUTER_BOUND('',#4587,.T.);
#4589=ADVANCED_FACE('',(#4588),#4491,.F.);
#4590=CARTESIAN_POINT('',(0.0,55.0,-8.800000000000001));
#4591=DIRECTION('',(0.0,0.0,1.0));
#4592=DIRECTION('',(1.0,0.0,0.0));
#4593=AXIS2_PLACEMENT_3D('',#4590,#4591,#4592);
#4594=CYLINDRICAL_SURFACE('',#4593,2.100000000000025);
#4595=CARTESIAN_POINT('',(-2.100004325862475,54.999999998273502,0.0));
#4596=VERTEX_POINT('',#4595);
#4597=CARTESIAN_POINT('',(-2.100000000000025,55.0,-8.800000000000001));
#4598=DIRECTION('',(0.0,0.0,1.0));
#4599=VECTOR('',#4598,1.0);
#4600=LINE('',#4597,#4599);
#4601=EDGE_CURVE('',#2853,#4596,#4600,.T.);
#4602=ORIENTED_EDGE('',*,*,#4601,.F.);
#4603=ORIENTED_EDGE('',*,*,#2925,.F.);
#4604=ORIENTED_EDGE('',*,*,#2897,.F.);
#4605=CARTESIAN_POINT('',(2.100000000000000,55.0,0.0));
#4606=VERTEX_POINT('',#4605);
#4607=CARTESIAN_POINT('',(2.100000000000025,55.0,-8.800000000000001));
#4608=DIRECTION('',(0.0,0.0,1.0));
#4609=VECTOR('',#4608,1.0);
#4610=LINE('',#4607,#4609);
#4611=EDGE_CURVE('',#2855,#4606,#4610,.T.);
#4612=ORIENTED_EDGE('',*,*,#4611,.T.);
#4613=CARTESIAN_POINT('',(1.943189039198335,55.804895254290699,0.0));
#4614=VERTEX_POINT('',#4613);
#4615=CARTESIAN_POINT('',(1.946231060123010,55.806155300614599,0.0));
#4616=CARTESIAN_POINT('',(2.100000000000005,55.000000000000007,0.0));
#4617=QUASI_UNIFORM_CURVE('',1,(#4615,#4616),.UNSPECIFIED.,.F.,.U.);
#4618=EDGE_CURVE('',#4614,#4606,#4617,.T.);
#4619=ORIENTED_EDGE('',*,*,#4618,.F.);
#4620=CARTESIAN_POINT('',(-2.100008651724938,54.999999996546961,0.0));
#4621=CARTESIAN_POINT('',(-2.100083645439163,55.187902355620032,0.0));
#4622=CARTESIAN_POINT('',(-2.070578854281691,55.367992254458613,0.0));
#4623=CARTESIAN_POINT('',(-2.008181577380391,55.748849696391389,0.0));
#4624=CARTESIAN_POINT('',(-1.809549168552791,56.075298910933391,0.0));
#4625=CARTESIAN_POINT('',(-1.710931015194900,56.237376282361822,0.0));
#4626=CARTESIAN_POINT('',(-1.576190773326200,56.388359680146010,0.0));
#4627=CARTESIAN_POINT('',(-1.442788903508602,56.537843362945608,0.0));
#4628=CARTESIAN_POINT('',(-1.287349662139198,56.661286491375598,0.0));
#4629=CARTESIAN_POINT('',(-0.980711911754098,56.904804941856803,0.0));
#4630=CARTESIAN_POINT('',(-0.617024423695392,57.013432031864028,0.0));
#4631=CARTESIAN_POINT('',(-0.436415379622898,57.067376793591407,0.0));
#4632=CARTESIAN_POINT('',(-0.238251246533094,57.087852340825023,0.0));
#4633=CARTESIAN_POINT('',(-0.041233487167808,57.108209437615201,0.0));
#4634=CARTESIAN_POINT('',(0.159276411870205,57.094605917764603,0.0));
#4635=CARTESIAN_POINT('',(0.556318318580593,57.067668756630013,0.0));
#4636=CARTESIAN_POINT('',(0.897754437331311,56.905548810290213,0.0));
#4637=CARTESIAN_POINT('',(1.233485283974795,56.746137828693989,0.0));
#4638=CARTESIAN_POINT('',(1.522343999475498,56.446980898362213,0.0));
#4639=CARTESIAN_POINT('',(1.669119269942399,56.294972885429601,0.0));
#4640=CARTESIAN_POINT('',(1.767984344765897,56.139914385806613,0.0));
#4641=CARTESIAN_POINT('',(1.813641352699000,56.068306619767789,0.0));
#4642=CARTESIAN_POINT('',(1.862418594446108,55.974825921622411,0.0));
#4643=CARTESIAN_POINT('',(1.891385691753109,55.919311005597621,0.0));
#4644=CARTESIAN_POINT('',(1.946231060123010,55.806155300614599,0.0));
#4645=B_SPLINE_CURVE_WITH_KNOTS('',2,(#4620,#4621,#4622,#4623,#4624,#4625,#4626,#4627,#4628,#4629,#4630,#4631,#4632,#4633,#4634,#4635,#4636,#4637,#4638,#4639,#4640,#4641,#4642,#4643,#4644),.UNSPECIFIED.,.F.,.U.,(3,2,2,2,2,2,2,2,2,2,2,2,3),(0.533313046759474,0.562500000000000,0.625000000000000,0.656250000000000,0.687500000000000,0.750000000000000,0.781250000000000,0.812500000000000,0.875000000000000,0.937500000000000,0.968750000000000,0.984375000000000,1.0),.UNSPECIFIED.);
#4646=EDGE_CURVE('',#4596,#4614,#4645,.T.);
#4647=ORIENTED_EDGE('',*,*,#4646,.F.);
#4648=EDGE_LOOP('',(#4602,#4603,#4604,#4612,#4619,#4647));
#4649=FACE_OUTER_BOUND('',#4648,.T.);
#4650=ADVANCED_FACE('',(#4649),#4594,.F.);
#4651=ORIENTED_EDGE('',*,*,#2890,.F.);
#4652=ORIENTED_EDGE('',*,*,#4601,.T.);
#4653=CARTESIAN_POINT('',(2.100000000000005,55.000000000000007,0.0));
#4654=CARTESIAN_POINT('',(2.093104272999302,54.867346196236987,0.0));
#4655=CARTESIAN_POINT('',(2.087947505432009,54.801156308331187,0.0));
#4656=CARTESIAN_POINT('',(2.079440754213804,54.691967576781813,0.0));
#4657=CARTESIAN_POINT('',(2.065812583893198,54.606430198630001,0.0));
#4658=CARTESIAN_POINT('',(2.036822239359901,54.424471945633002,0.0));
#4659=CARTESIAN_POINT('',(1.965038256164300,54.240353807268427,0.0));
#4660=CARTESIAN_POINT('',(1.895773287348607,54.062696667827410,0.0));
#4661=CARTESIAN_POINT('',(1.796048307112399,53.903001150050002,0.0));
#4662=CARTESIAN_POINT('',(1.695472127885692,53.741942556911020,0.0));
#4663=CARTESIAN_POINT('',(1.558439029210990,53.591944649009221,0.0));
#4664=CARTESIAN_POINT('',(1.422955545084703,53.443642965907017,0.0));
#4665=CARTESIAN_POINT('',(1.266676649221407,53.322512122912599,0.0));
#4666=CARTESIAN_POINT('',(1.111685264350501,53.202379222033208,0.0));
#4667=CARTESIAN_POINT('',(0.942797525901401,53.116615563338200,0.0));
#4668=CARTESIAN_POINT('',(0.606202552753093,52.945687722983209,0.0));
#4669=CARTESIAN_POINT('',(0.211999430218490,52.909595942567599,0.0));
#4670=CARTESIAN_POINT('',(0.014120694679404,52.891478897157022,0.0));
#4671=CARTESIAN_POINT('',(-0.185670098885593,52.907345494714797,0.0));
#4672=CARTESIAN_POINT('',(-0.384998601673195,52.923175378960593,0.0));
#4673=CARTESIAN_POINT('',(-0.568395542645289,52.972738086809400,0.0));
#4674=CARTESIAN_POINT('',(-0.935017089516405,53.071816929250211,0.0));
#4675=CARTESIAN_POINT('',(-1.245890817259510,53.306599694476610,0.0));
#4676=CARTESIAN_POINT('',(-1.402213898557103,53.424660379637210,0.0));
#4677=CARTESIAN_POINT('',(-1.540375495597990,53.572433578874993,0.0));
#4678=CARTESIAN_POINT('',(-1.678363655808507,53.720021275659022,0.0));
#4679=CARTESIAN_POINT('',(-1.782425153708897,53.881407915855007,0.0));
#4680=CARTESIAN_POINT('',(-1.989674365727098,54.202826064601211,0.0));
#4681=CARTESIAN_POINT('',(-2.061557765030697,54.580999054600412,0.0));
#4682=CARTESIAN_POINT('',(-2.097514623010596,54.770165296388612,0.0));
#4683=CARTESIAN_POINT('',(-2.099850263238792,54.973397632650013,0.0));
#4684=CARTESIAN_POINT('',(-2.100003350879121,54.986718330941500,0.0));
#4685=CARTESIAN_POINT('',(-2.100008651724938,54.999999996546961,0.0));
#4686=B_SPLINE_CURVE_WITH_KNOTS('',2,(#4653,#4654,#4655,#4656,#4657,#4658,#4659,#4660,#4661,#4662,#4663,#4664,#4665,#4666,#4667,#4668,#4669,#4670,#4671,#4672,#4673,#4674,#4675,#4676,#4677,#4678,#4679,#4680,#4681,#4682,#4683,#4684,#4685),.UNSPECIFIED.,.F.,.U.,(3,2,2,2,2,2,2,2,2,2,2,2,2,2,2,2,3),(0.0,0.015625000000000,0.031250000000000,0.062500000000000,0.093750000000000,0.125000000000000,0.156250000000000,0.187500000000000,0.250000000000000,0.281250000000000,0.312500000000000,0.375000000000000,0.406250000000000,0.437500000000000,0.500000000000000,0.531250000000000,0.533313046759474),.UNSPECIFIED.);
#4687=EDGE_CURVE('',#4606,#4596,#4686,.T.);
#4688=ORIENTED_EDGE('',*,*,#4687,.F.);
#4689=ORIENTED_EDGE('',*,*,#4611,.F.);
#4690=EDGE_LOOP('',(#4651,#4652,#4688,#4689));
#4691=FACE_OUTER_BOUND('',#4690,.T.);
#4692=ADVANCED_FACE('',(#4691),#4594,.F.);
#4693=CARTESIAN_POINT('',(27.500000000000000,47.631397208100012,-8.800000000000001));
#4694=DIRECTION('',(0.0,0.0,1.0));
#4695=DIRECTION('',(1.0,0.0,0.0));
#4696=AXIS2_PLACEMENT_3D('',#4693,#4694,#4695);
#4697=CYLINDRICAL_SURFACE('',#4696,2.100000000000000);
#4698=CARTESIAN_POINT('',(25.399995674137951,47.631397206373499,0.0));
#4699=VERTEX_POINT('',#4698);
#4700=CARTESIAN_POINT('',(25.399999999999999,47.631397208100012,-8.800000000000001));
#4701=DIRECTION('',(0.0,0.0,1.0));
#4702=VECTOR('',#4701,1.0);
#4703=LINE('',#4700,#4702);
#4704=EDGE_CURVE('',#2776,#4699,#4703,.T.);
#4705=ORIENTED_EDGE('',*,*,#4704,.F.);
#4706=ORIENTED_EDGE('',*,*,#2848,.F.);
#4707=ORIENTED_EDGE('',*,*,#2820,.F.);
#4708=CARTESIAN_POINT('',(29.600000000000001,47.631397208100012,0.0));
#4709=VERTEX_POINT('',#4708);
#4710=CARTESIAN_POINT('',(29.600000000000001,47.631397208100012,-8.800000000000001));
#4711=DIRECTION('',(0.0,0.0,1.0));
#4712=VECTOR('',#4711,1.0);
#4713=LINE('',#4710,#4712);
#4714=EDGE_CURVE('',#2778,#4709,#4713,.T.);
#4715=ORIENTED_EDGE('',*,*,#4714,.T.);
#4716=CARTESIAN_POINT('',(29.443189039198352,48.436292462390703,0.0));
#4717=VERTEX_POINT('',#4716);
#4718=CARTESIAN_POINT('',(29.446231060123012,48.437552508714610,0.0));
#4719=CARTESIAN_POINT('',(29.600000000000001,47.631397208100019,0.0));
#4720=QUASI_UNIFORM_CURVE('',1,(#4718,#4719),.UNSPECIFIED.,.F.,.U.);
#4721=EDGE_CURVE('',#4717,#4709,#4720,.T.);
#4722=ORIENTED_EDGE('',*,*,#4721,.F.);
#4723=CARTESIAN_POINT('',(25.399991348275929,47.631397204646923,0.0));
#4724=CARTESIAN_POINT('',(25.399916354567068,47.819299563756218,0.0));
#4725=CARTESIAN_POINT('',(25.429421145718191,47.999389462558597,0.0));
#4726=CARTESIAN_POINT('',(25.491818422616209,48.380246904476010,0.0));
#4727=CARTESIAN_POINT('',(25.690450831447212,48.706696119033403,0.0));
#4728=CARTESIAN_POINT('',(25.789068984800409,48.868773490459013,0.0));
#4729=CARTESIAN_POINT('',(25.923809226673800,49.019756888246000,0.0));
#4730=CARTESIAN_POINT('',(26.057211096499000,49.169240571051603,0.0));
#4731=CARTESIAN_POINT('',(26.212650337860801,49.292683699475603,0.0));
#4732=CARTESIAN_POINT('',(26.519288088235800,49.536202149948608,0.0));
#4733=CARTESIAN_POINT('',(26.882975576304609,49.644829239964011,0.0));
#4734=CARTESIAN_POINT('',(27.063584620338201,49.698774001682402,0.0));
#4735=CARTESIAN_POINT('',(27.261748753467000,49.719249548925013,0.0));
#4736=CARTESIAN_POINT('',(27.458766512803599,49.739606645717402,0.0));
#4737=CARTESIAN_POINT('',(27.659276411870199,49.726003125864601,0.0));
#4738=CARTESIAN_POINT('',(28.056318318588009,49.699065964729009,0.0));
#4739=CARTESIAN_POINT('',(28.397754437331201,49.536946018390204,0.0));
#4740=CARTESIAN_POINT('',(28.733485283989811,49.377535036784202,0.0));
#4741=CARTESIAN_POINT('',(29.022343999475400,49.078378106462203,0.0));
#4742=CARTESIAN_POINT('',(29.169119269936399,48.926370093533009,0.0));
#4743=CARTESIAN_POINT('',(29.267984344765999,48.771311593906617,0.0));
#4744=CARTESIAN_POINT('',(29.313641352678999,48.699703827902013,0.0));
#4745=CARTESIAN_POINT('',(29.362418594446009,48.606223129722402,0.0));
#4746=CARTESIAN_POINT('',(29.391385691747800,48.550708213710202,0.0));
#4747=CARTESIAN_POINT('',(29.446231060123012,48.437552508714610,0.0));
#4748=B_SPLINE_CURVE_WITH_KNOTS('',2,(#4723,#4724,#4725,#4726,#4727,#4728,#4729,#4730,#4731,#4732,#4733,#4734,#4735,#4736,#4737,#4738,#4739,#4740,#4741,#4742,#4743,#4744,#4745,#4746,#4747),.UNSPECIFIED.,.F.,.U.,(3,2,2,2,2,2,2,2,2,2,2,2,3),(0.533313046759075,0.562500000000000,0.625000000000000,0.656250000000000,0.687500000000000,0.750000000000000,0.781250000000000,0.812500000000000,0.875000000000000,0.937500000000000,0.968750000000000,0.984375000000000,1.0),.UNSPECIFIED.);
#4749=EDGE_CURVE('',#4699,#4717,#4748,.T.);
#4750=ORIENTED_EDGE('',*,*,#4749,.F.);
#4751=EDGE_LOOP('',(#4705,#4706,#4707,#4715,#4722,#4750));
#4752=FACE_OUTER_BOUND('',#4751,.T.);
#4753=ADVANCED_FACE('',(#4752),#4697,.F.);
#4754=ORIENTED_EDGE('',*,*,#2813,.F.);
#4755=ORIENTED_EDGE('',*,*,#4704,.T.);
#4756=CARTESIAN_POINT('',(29.600000000000001,47.631397208100019,0.0));
#4757=CARTESIAN_POINT('',(29.593104272990001,47.498743404252600,0.0));
#4758=CARTESIAN_POINT('',(29.587947505432009,47.432553516431213,0.0));
#4759=CARTESIAN_POINT('',(29.579440754225200,47.323364784973009,0.0));
#4760=CARTESIAN_POINT('',(29.565812583893191,47.237827406730197,0.0));
#4761=CARTESIAN_POINT('',(29.536822239369609,47.055869153754010,0.0));
#4762=CARTESIAN_POINT('',(29.465038256164199,46.871751015368403,0.0));
#4763=CARTESIAN_POINT('',(29.395773287351599,46.694093875939011,0.0));
#4764=CARTESIAN_POINT('',(29.296048307112400,46.534398358150000,0.0));
#4765=CARTESIAN_POINT('',(29.195472127899009,46.373339765025413,0.0));
#4766=CARTESIAN_POINT('',(29.058439029211002,46.223341857109219,0.0));
#4767=CARTESIAN_POINT('',(28.922955545091600,46.075040174015008,0.0));
#4768=CARTESIAN_POINT('',(28.766676649221399,45.953909331012603,0.0));
#4769=CARTESIAN_POINT('',(28.611685264378799,45.833776430152597,0.0));
#4770=CARTESIAN_POINT('',(28.442797525901408,45.748012771438212,0.0));
#4771=CARTESIAN_POINT('',(28.106202552753199,45.577084931073209,0.0));
#4772=CARTESIAN_POINT('',(27.711999430218611,45.540993150667603,0.0));
#4773=CARTESIAN_POINT('',(27.514120694620200,45.522876105256600,0.0));
#4774=CARTESIAN_POINT('',(27.314329901114409,45.538742702814822,0.0));
#4775=CARTESIAN_POINT('',(27.115001398286790,45.554572587069003,0.0));
#4776=CARTESIAN_POINT('',(26.931604457354808,45.604135294909597,0.0));
#4777=CARTESIAN_POINT('',(26.564982910496401,45.703214137351999,0.0));
#4778=CARTESIAN_POINT('',(26.254109182740400,45.937996902576607,0.0));
#4779=CARTESIAN_POINT('',(26.097786101460009,46.056057587718612,0.0));
#4780=CARTESIAN_POINT('',(25.959624504402012,46.203830786974997,0.0));
#4781=CARTESIAN_POINT('',(25.821636344193600,46.351418483757023,0.0));
#4782=CARTESIAN_POINT('',(25.717574846291001,46.512805123955012,0.0));
#4783=CARTESIAN_POINT('',(25.510325634271009,46.834223272701408,0.0));
#4784=CARTESIAN_POINT('',(25.438442234969202,47.212396262700409,0.0));
#4785=CARTESIAN_POINT('',(25.402485376981009,47.401562504536997,0.0));
#4786=CARTESIAN_POINT('',(25.400149736761200,47.604794840750003,0.0));
#4787=CARTESIAN_POINT('',(25.399996649121380,47.618115539041632,0.0));
#4788=CARTESIAN_POINT('',(25.399991348275929,47.631397204646923,0.0));
#4789=B_SPLINE_CURVE_WITH_KNOTS('',2,(#4756,#4757,#4758,#4759,#4760,#4761,#4762,#4763,#4764,#4765,#4766,#4767,#4768,#4769,#4770,#4771,#4772,#4773,#4774,#4775,#4776,#4777,#4778,#4779,#4780,#4781,#4782,#4783,#4784,#4785,#4786,#4787,#4788),.UNSPECIFIED.,.F.,.U.,(3,2,2,2,2,2,2,2,2,2,2,2,2,2,2,2,3),(0.0,0.015625000000000,0.031250000000000,0.062500000000000,0.093750000000000,0.125000000000000,0.156250000000000,0.187500000000000,0.250000000000000,0.281250000000000,0.312500000000000,0.375000000000000,0.406250000000000,0.437500000000000,0.500000000000000,0.531250000000000,0.533313046759075),.UNSPECIFIED.);
#4790=EDGE_CURVE('',#4709,#4699,#4789,.T.);
#4791=ORIENTED_EDGE('',*,*,#4790,.F.);
#4792=ORIENTED_EDGE('',*,*,#4714,.F.);
#4793=EDGE_LOOP('',(#4754,#4755,#4791,#4792));
#4794=FACE_OUTER_BOUND('',#4793,.T.);
#4795=ADVANCED_FACE('',(#4794),#4697,.F.);
#4796=CARTESIAN_POINT('',(47.631397208099798,27.500000000000000,-8.800000000000001));
#4797=DIRECTION('',(0.0,0.0,1.0));
#4798=DIRECTION('',(1.0,0.0,0.0));
#4799=AXIS2_PLACEMENT_3D('',#4796,#4797,#4798);
#4800=CYLINDRICAL_SURFACE('',#4799,2.100000000000025);
#4801=CARTESIAN_POINT('',(45.531392882237903,27.499999998273498,0.0));
#4802=VERTEX_POINT('',#4801);
#4803=CARTESIAN_POINT('',(45.531397208099797,27.500000000000000,-8.800000000000001));
#4804=DIRECTION('',(0.0,0.0,1.0));
#4805=VECTOR('',#4804,1.0);
#4806=LINE('',#4803,#4805);
#4807=EDGE_CURVE('',#2699,#4802,#4806,.T.);
#4808=ORIENTED_EDGE('',*,*,#4807,.F.);
#4809=ORIENTED_EDGE('',*,*,#2771,.F.);
#4810=ORIENTED_EDGE('',*,*,#2743,.F.);
#4811=CARTESIAN_POINT('',(49.731397208099800,27.500000000000000,0.0));
#4812=VERTEX_POINT('',#4811);
#4813=CARTESIAN_POINT('',(49.731397208099800,27.500000000000000,-8.800000000000001));
#4814=DIRECTION('',(0.0,0.0,1.0));
#4815=VECTOR('',#4814,1.0);
#4816=LINE('',#4813,#4815);
#4817=EDGE_CURVE('',#2701,#4812,#4816,.T.);
#4818=ORIENTED_EDGE('',*,*,#4817,.T.);
#4819=CARTESIAN_POINT('',(49.574586247298100,28.304895254290699,0.0));
#4820=VERTEX_POINT('',#4819);
#4821=CARTESIAN_POINT('',(49.577628268222597,28.306155300614620,0.0));
#4822=CARTESIAN_POINT('',(49.731397208099800,27.500000000000011,0.0));
#4823=QUASI_UNIFORM_CURVE('',1,(#4821,#4822),.UNSPECIFIED.,.F.,.U.);
#4824=EDGE_CURVE('',#4820,#4812,#4823,.T.);
#4825=ORIENTED_EDGE('',*,*,#4824,.F.);
#4826=CARTESIAN_POINT('',(45.531388556376072,27.499999996547011,0.0));
#4827=CARTESIAN_POINT('',(45.531313562668963,27.687902355668822,0.0));
#4828=CARTESIAN_POINT('',(45.560818353818007,27.867992254458610,0.0));
#4829=CARTESIAN_POINT('',(45.623215630720999,28.248849696405209,0.0));
#4830=CARTESIAN_POINT('',(45.821848039547000,28.575298910933402,0.0));
#4831=CARTESIAN_POINT('',(45.920466192916400,28.737376282375010,0.0));
#4832=CARTESIAN_POINT('',(46.055206434773602,28.888359680146010,0.0));
#4833=CARTESIAN_POINT('',(46.188608304578189,29.037843362930801,0.0));
#4834=CARTESIAN_POINT('',(46.344047545960613,29.161286491375598,0.0));
#4835=CARTESIAN_POINT('',(46.650685296341003,29.404804941862011,0.0));
#4836=CARTESIAN_POINT('',(47.014372784404401,29.513432031863999,0.0));
#4837=CARTESIAN_POINT('',(47.194981828466211,29.567376793585009,0.0));
#4838=CARTESIAN_POINT('',(47.393145961566603,29.587852340825009,0.0));
#4839=CARTESIAN_POINT('',(47.590163720901003,29.608209437617401,0.0));
#4840=CARTESIAN_POINT('',(47.790673619970001,29.594605917764600,0.0));
#4841=CARTESIAN_POINT('',(48.187715526674999,29.567668756630209,0.0));
#4842=CARTESIAN_POINT('',(48.529151645431007,29.405548810290199,0.0));
#4843=CARTESIAN_POINT('',(48.864882492080604,29.246137828693200,0.0));
#4844=CARTESIAN_POINT('',(49.153741207575180,28.946980898362199,0.0));
#4845=CARTESIAN_POINT('',(49.300516478057190,28.794972885411209,0.0));
#4846=CARTESIAN_POINT('',(49.399381552865613,28.639914385806598,0.0));
#4847=CARTESIAN_POINT('',(49.445038560786003,28.568306619785609,0.0));
#4848=CARTESIAN_POINT('',(49.493815802546003,28.474825921622401,0.0));
#4849=CARTESIAN_POINT('',(49.522782899788403,28.419311005725010,0.0));
#4850=CARTESIAN_POINT('',(49.577628268222597,28.306155300614620,0.0));
#4851=B_SPLINE_CURVE_WITH_KNOTS('',2,(#4826,#4827,#4828,#4829,#4830,#4831,#4832,#4833,#4834,#4835,#4836,#4837,#4838,#4839,#4840,#4841,#4842,#4843,#4844,#4845,#4846,#4847,#4848,#4849,#4850),.UNSPECIFIED.,.F.,.U.,(3,2,2,2,2,2,2,2,2,2,2,2,3),(0.533313046758936,0.562500000000000,0.625000000000000,0.656250000000000,0.687500000000000,0.750000000000000,0.781250000000000,0.812500000000000,0.875000000000000,0.937500000000000,0.968750000000000,0.984375000000000,1.0),.UNSPECIFIED.);
#4852=EDGE_CURVE('',#4802,#4820,#4851,.T.);
#4853=ORIENTED_EDGE('',*,*,#4852,.F.);
#4854=EDGE_LOOP('',(#4808,#4809,#4810,#4818,#4825,#4853));
#4855=FACE_OUTER_BOUND('',#4854,.T.);
#4856=ADVANCED_FACE('',(#4855),#4800,.F.);
#4857=ORIENTED_EDGE('',*,*,#2736,.F.);
#4858=ORIENTED_EDGE('',*,*,#4807,.T.);
#4859=CARTESIAN_POINT('',(49.731397208099800,27.500000000000011,0.0));
#4860=CARTESIAN_POINT('',(49.724501481106017,27.367346196339810,0.0));
#4861=CARTESIAN_POINT('',(49.719344713531591,27.301156308331201,0.0));
#4862=CARTESIAN_POINT('',(49.710837962323012,27.191967576881819,0.0));
#4863=CARTESIAN_POINT('',(49.697209791992989,27.106430198630122,0.0));
#4864=CARTESIAN_POINT('',(49.668219447488390,26.924471945725710,0.0));
#4865=CARTESIAN_POINT('',(49.596435464264012,26.740353807268399,0.0));
#4866=CARTESIAN_POINT('',(49.527170495474607,26.562696667876210,0.0));
#4867=CARTESIAN_POINT('',(49.427445515212192,26.403001150050009,0.0));
#4868=CARTESIAN_POINT('',(49.326869336020977,26.241942556961011,0.0));
#4869=CARTESIAN_POINT('',(49.189836237310800,26.091944649009299,0.0));
#4870=CARTESIAN_POINT('',(49.054352753232394,25.943642965948712,0.0));
#4871=CARTESIAN_POINT('',(48.898073857321201,25.822512122912599,0.0));
#4872=CARTESIAN_POINT('',(48.743082472495402,25.702379222063701,0.0));
#4873=CARTESIAN_POINT('',(48.574194734001182,25.616615563338200,0.0));
#4874=CARTESIAN_POINT('',(48.237599760866203,25.445687722974810,0.0));
#4875=CARTESIAN_POINT('',(47.843396638318410,25.409595942567702,0.0));
#4876=CARTESIAN_POINT('',(47.645517902738383,25.391478897158109,0.0));
#4877=CARTESIAN_POINT('',(47.445727109214211,25.407345494714811,0.0));
#4878=CARTESIAN_POINT('',(47.246398606428400,25.423175378962600,0.0));
#4879=CARTESIAN_POINT('',(47.063001665454408,25.472738086809510,0.0));
#4880=CARTESIAN_POINT('',(46.696380118599002,25.571816929241098,0.0));
#4881=CARTESIAN_POINT('',(46.385506390840192,25.806599694476709,0.0));
#4882=CARTESIAN_POINT('',(46.229183309528992,25.924660379646401,0.0));
#4883=CARTESIAN_POINT('',(46.091021712501821,26.072433578875110,0.0));
#4884=CARTESIAN_POINT('',(45.953033552271400,26.220021275685799,0.0));
#4885=CARTESIAN_POINT('',(45.848972054390977,26.381407915855100,0.0));
#4886=CARTESIAN_POINT('',(45.641722842370612,26.702826064612200,0.0));
#4887=CARTESIAN_POINT('',(45.569839443069000,27.080999054600522,0.0));
#4888=CARTESIAN_POINT('',(45.533882585078203,27.270165296445800,0.0));
#4889=CARTESIAN_POINT('',(45.531546944860999,27.473397632650109,0.0));
#4890=CARTESIAN_POINT('',(45.531393857221353,27.486718330941802,0.0));
#4891=CARTESIAN_POINT('',(45.531388556376072,27.499999996547011,0.0));
#4892=B_SPLINE_CURVE_WITH_KNOTS('',2,(#4859,#4860,#4861,#4862,#4863,#4864,#4865,#4866,#4867,#4868,#4869,#4870,#4871,#4872,#4873,#4874,#4875,#4876,#4877,#4878,#4879,#4880,#4881,#4882,#4883,#4884,#4885,#4886,#4887,#4888,#4889,#4890,#4891),.UNSPECIFIED.,.F.,.U.,(3,2,2,2,2,2,2,2,2,2,2,2,2,2,2,2,3),(0.0,0.015625000000000,0.031250000000000,0.062500000000000,0.093750000000000,0.125000000000000,0.156250000000000,0.187500000000000,0.250000000000000,0.281250000000000,0.312500000000000,0.375000000000000,0.406250000000000,0.437500000000000,0.500000000000000,0.531250000000000,0.533313046758936),.UNSPECIFIED.);
#4893=EDGE_CURVE('',#4812,#4802,#4892,.T.);
#4894=ORIENTED_EDGE('',*,*,#4893,.F.);
#4895=ORIENTED_EDGE('',*,*,#4817,.F.);
#4896=EDGE_LOOP('',(#4857,#4858,#4894,#4895));
#4897=FACE_OUTER_BOUND('',#4896,.T.);
#4898=ADVANCED_FACE('',(#4897),#4800,.F.);
#4899=CARTESIAN_POINT('',(55.0,-2.272451E-013,-8.800000000000001));
#4900=DIRECTION('',(0.0,0.0,1.0));
#4901=DIRECTION('',(1.0,0.0,0.0));
#4902=AXIS2_PLACEMENT_3D('',#4899,#4900,#4901);
#4903=CYLINDRICAL_SURFACE('',#4902,2.100000000000000);
#4904=CARTESIAN_POINT('',(52.899995674137898,-1.726718E-009,0.0));
#4905=VERTEX_POINT('',#4904);
#4906=CARTESIAN_POINT('',(52.900000000000013,-2.269879E-013,-8.800000000000001));
#4907=DIRECTION('',(0.0,0.0,1.0));
#4908=VECTOR('',#4907,1.0);
#4909=LINE('',#4906,#4908);
#4910=EDGE_CURVE('',#2622,#4905,#4909,.T.);
#4911=ORIENTED_EDGE('',*,*,#4910,.F.);
#4912=ORIENTED_EDGE('',*,*,#2694,.F.);
#4913=ORIENTED_EDGE('',*,*,#2666,.F.);
#4914=CARTESIAN_POINT('',(57.100000000000001,-2.252678E-013,0.0));
#4915=VERTEX_POINT('',#4914);
#4916=CARTESIAN_POINT('',(57.100000000000001,-2.272451E-013,-8.800000000000001));
#4917=DIRECTION('',(0.0,0.0,1.0));
#4918=VECTOR('',#4917,1.0);
#4919=LINE('',#4916,#4918);
#4920=EDGE_CURVE('',#2624,#4915,#4919,.T.);
#4921=ORIENTED_EDGE('',*,*,#4920,.T.);
#4922=CARTESIAN_POINT('',(56.943189039198302,0.804895254290456,0.0));
#4923=VERTEX_POINT('',#4922);
#4924=CARTESIAN_POINT('',(56.946231060122997,0.806155300614494,0.0));
#4925=CARTESIAN_POINT('',(57.100000000000009,0.0,0.0));
#4926=QUASI_UNIFORM_CURVE('',1,(#4924,#4925),.UNSPECIFIED.,.F.,.U.);
#4927=EDGE_CURVE('',#4923,#4915,#4926,.T.);
#4928=ORIENTED_EDGE('',*,*,#4927,.F.);
#4929=CARTESIAN_POINT('',(52.899991348275691,-3.453182E-009,0.0));
#4930=CARTESIAN_POINT('',(52.899916354565590,0.187902355620329,0.0));
#4931=CARTESIAN_POINT('',(52.929421145718223,0.367992254458396,0.0));
#4932=CARTESIAN_POINT('',(52.991818422603622,0.748849696354900,0.0));
#4933=CARTESIAN_POINT('',(53.190450831447222,1.075298910933206,0.0));
#4934=CARTESIAN_POINT('',(53.289068984795023,1.237376282349795,0.0));
#4935=CARTESIAN_POINT('',(53.423809226673811,1.388359680145807,0.0));
#4936=CARTESIAN_POINT('',(53.557211096491997,1.537843362946309,0.0));
#4937=CARTESIAN_POINT('',(53.712650337860786,1.661286491375300,0.0));
#4938=CARTESIAN_POINT('',(54.019288088255209,1.904804941862903,0.0));
#4939=CARTESIAN_POINT('',(54.382975576304617,2.013432031863813,0.0));
#4940=CARTESIAN_POINT('',(54.563584620348379,2.067376793580905,0.0));
#4941=CARTESIAN_POINT('',(54.761748753467010,2.087852340824592,0.0));
#4942=CARTESIAN_POINT('',(54.958766512789417,2.108209437617900,0.0));
#4943=CARTESIAN_POINT('',(55.159276411870209,2.094605917764405,0.0));
#4944=CARTESIAN_POINT('',(55.556318318611993,2.067668756627505,0.0));
#4945=CARTESIAN_POINT('',(55.897754437331187,1.905548810289898,0.0));
#4946=CARTESIAN_POINT('',(56.233485284048982,1.746137828645911,0.0));
#4947=CARTESIAN_POINT('',(56.522343999475403,1.446980898361913,0.0));
#4948=CARTESIAN_POINT('',(56.669119269965599,1.294972885390600,0.0));
#4949=CARTESIAN_POINT('',(56.767984344765992,1.139914385806407,0.0));
#4950=CARTESIAN_POINT('',(56.813641352687988,1.068306619785700,0.0));
#4951=CARTESIAN_POINT('',(56.862418594446019,0.974825921622111,0.0));
#4952=CARTESIAN_POINT('',(56.891385691742023,0.919311005620205,0.0));
#4953=CARTESIAN_POINT('',(56.946231060122997,0.806155300614494,0.0));
#4954=B_SPLINE_CURVE_WITH_KNOTS('',2,(#4929,#4930,#4931,#4932,#4933,#4934,#4935,#4936,#4937,#4938,#4939,#4940,#4941,#4942,#4943,#4944,#4945,#4946,#4947,#4948,#4949,#4950,#4951,#4952,#4953),.UNSPECIFIED.,.F.,.U.,(3,2,2,2,2,2,2,2,2,2,2,2,3),(0.533313046759466,0.562500000000000,0.625000000000000,0.656250000000000,0.687500000000000,0.750000000000000,0.781250000000000,0.812500000000000,0.875000000000000,0.937500000000000,0.968750000000000,0.984375000000000,1.0),.UNSPECIFIED.);
#4955=EDGE_CURVE('',#4905,#4923,#4954,.T.);
#4956=ORIENTED_EDGE('',*,*,#4955,.F.);
#4957=EDGE_LOOP('',(#4911,#4912,#4913,#4921,#4928,#4956));
#4958=FACE_OUTER_BOUND('',#4957,.T.);
#4959=ADVANCED_FACE('',(#4958),#4903,.F.);
#4960=ORIENTED_EDGE('',*,*,#2659,.F.);
#4961=ORIENTED_EDGE('',*,*,#4910,.T.);
#4962=CARTESIAN_POINT('',(57.100000000000009,0.0,0.0));
#4963=CARTESIAN_POINT('',(57.093104272983197,-0.132653803977603,0.0));
#4964=CARTESIAN_POINT('',(57.087947505431998,-0.198843691668990,0.0));
#4965=CARTESIAN_POINT('',(57.079440754216002,-0.308032423178201,0.0));
#4966=CARTESIAN_POINT('',(57.065812583893212,-0.393569801370106,0.0));
#4967=CARTESIAN_POINT('',(57.036822239376392,-0.575528054319902,0.0));
#4968=CARTESIAN_POINT('',(56.965038256164227,-0.759646192731792,0.0));
#4969=CARTESIAN_POINT('',(56.895773287363589,-0.937303332139289,0.0));
#4970=CARTESIAN_POINT('',(56.796048307112407,-1.096998849950195,0.0));
#4971=CARTESIAN_POINT('',(56.695472127921200,-1.258057443041999,0.0));
#4972=CARTESIAN_POINT('',(56.558439029210980,-1.408055350990894,0.0));
#4973=CARTESIAN_POINT('',(56.422955545145008,-1.556357034035491,0.0));
#4974=CARTESIAN_POINT('',(56.266676649221417,-1.677487877087602,0.0));
#4975=CARTESIAN_POINT('',(56.111685264419620,-1.797620777924294,0.0));
#4976=CARTESIAN_POINT('',(55.942797525901398,-1.883384436662000,0.0));
#4977=CARTESIAN_POINT('',(55.606202552776210,-2.054312277020395,0.0));
#4978=CARTESIAN_POINT('',(55.211999430218597,-2.090404057432493,0.0));
#4979=CARTESIAN_POINT('',(55.014120694663191,-2.108521102841890,0.0));
#4980=CARTESIAN_POINT('',(54.814329901114398,-2.092654505285396,0.0));
#4981=CARTESIAN_POINT('',(54.615001398326591,-2.076824621039600,0.0));
#4982=CARTESIAN_POINT('',(54.431604457354602,-2.027261913190706,0.0));
#4983=CARTESIAN_POINT('',(54.064982910499218,-1.928183070754097,0.0));
#4984=CARTESIAN_POINT('',(53.754109182740400,-1.693400305523493,0.0));
#4985=CARTESIAN_POINT('',(53.597786101454382,-1.575339620375399,0.0));
#4986=CARTESIAN_POINT('',(53.459624504402001,-1.427566421125084,0.0));
#4987=CARTESIAN_POINT('',(53.321636344189017,-1.279978724338202,0.0));
#4988=CARTESIAN_POINT('',(53.217574846291001,-1.118592084145095,0.0));
#4989=CARTESIAN_POINT('',(53.010325634273613,-0.797173935397896,0.0));
#4990=CARTESIAN_POINT('',(52.938442234969187,-0.419000945399789,0.0));
#4991=CARTESIAN_POINT('',(52.902485376984004,-0.229834703585702,0.0));
#4992=CARTESIAN_POINT('',(52.900149736761222,-0.026602367350095,0.0));
#4993=CARTESIAN_POINT('',(52.899996649121242,-0.013281669058632,0.0));
#4994=CARTESIAN_POINT('',(52.899991348275691,-3.453182E-009,0.0));
#4995=B_SPLINE_CURVE_WITH_KNOTS('',2,(#4962,#4963,#4964,#4965,#4966,#4967,#4968,#4969,#4970,#4971,#4972,#4973,#4974,#4975,#4976,#4977,#4978,#4979,#4980,#4981,#4982,#4983,#4984,#4985,#4986,#4987,#4988,#4989,#4990,#4991,#4992,#4993,#4994),.UNSPECIFIED.,.F.,.U.,(3,2,2,2,2,2,2,2,2,2,2,2,2,2,2,2,3),(0.0,0.015625000000000,0.031250000000000,0.062500000000000,0.093750000000000,0.125000000000000,0.156250000000000,0.187500000000000,0.250000000000000,0.281250000000000,0.312500000000000,0.375000000000000,0.406250000000000,0.437500000000000,0.500000000000000,0.531250000000000,0.533313046759466),.UNSPECIFIED.);
#4996=EDGE_CURVE('',#4915,#4905,#4995,.T.);
#4997=ORIENTED_EDGE('',*,*,#4996,.F.);
#4998=ORIENTED_EDGE('',*,*,#4920,.F.);
#4999=EDGE_LOOP('',(#4960,#4961,#4997,#4998));
#5000=FACE_OUTER_BOUND('',#4999,.T.);
#5001=ADVANCED_FACE('',(#5000),#4903,.F.);
#5002=CARTESIAN_POINT('',(47.631397208099798,-27.500000000000000,-8.800000000000001));
#5003=DIRECTION('',(0.0,0.0,1.0));
#5004=DIRECTION('',(1.0,0.0,0.0));
#5005=AXIS2_PLACEMENT_3D('',#5002,#5003,#5004);
#5006=CYLINDRICAL_SURFACE('',#5005,2.100000000000000);
#5007=CARTESIAN_POINT('',(45.531392882237398,-27.500000001726502,0.0));
#5008=VERTEX_POINT('',#5007);
#5009=CARTESIAN_POINT('',(45.531397208099797,-27.500000000000000,-8.800000000000001));
#5010=DIRECTION('',(0.0,0.0,1.0));
#5011=VECTOR('',#5010,1.0);
#5012=LINE('',#5009,#5011);
#5013=EDGE_CURVE('',#2545,#5008,#5012,.T.);
#5014=ORIENTED_EDGE('',*,*,#5013,.F.);
#5015=ORIENTED_EDGE('',*,*,#2617,.F.);
#5016=ORIENTED_EDGE('',*,*,#2589,.F.);
#5017=CARTESIAN_POINT('',(49.731397208099800,-27.500000000000000,0.0));
#5018=VERTEX_POINT('',#5017);
#5019=CARTESIAN_POINT('',(49.731397208099800,-27.500000000000000,-8.800000000000001));
#5020=DIRECTION('',(0.0,0.0,1.0));
#5021=VECTOR('',#5020,1.0);
#5022=LINE('',#5019,#5021);
#5023=EDGE_CURVE('',#2547,#5018,#5022,.T.);
#5024=ORIENTED_EDGE('',*,*,#5023,.T.);
#5025=CARTESIAN_POINT('',(49.574586247298100,-26.695104745709301,0.0));
#5026=VERTEX_POINT('',#5025);
#5027=CARTESIAN_POINT('',(49.577628268222597,-26.693844699385298,0.0));
#5028=CARTESIAN_POINT('',(49.731397208099800,-27.500000000000000,0.0));
#5029=QUASI_UNIFORM_CURVE('',1,(#5027,#5028),.UNSPECIFIED.,.F.,.U.);
#5030=EDGE_CURVE('',#5026,#5018,#5029,.T.);
#5031=ORIENTED_EDGE('',*,*,#5030,.F.);
#5032=CARTESIAN_POINT('',(45.531388556374900,-27.500000003452989,0.0));
#5033=CARTESIAN_POINT('',(45.531313562661410,-27.312097644409050,0.0));
#5034=CARTESIAN_POINT('',(45.560818353818007,-27.132007745541401,0.0));
#5035=CARTESIAN_POINT('',(45.623215630709979,-26.751150303596290,0.0));
#5036=CARTESIAN_POINT('',(45.821848039547000,-26.424701089066598,0.0));
#5037=CARTESIAN_POINT('',(45.920466192928608,-26.262623717613302,0.0));
#5038=CARTESIAN_POINT('',(46.055206434773602,-26.111640319854001,0.0));
#5039=CARTESIAN_POINT('',(46.188608304587987,-25.962156637056399,0.0));
#5040=CARTESIAN_POINT('',(46.344047545960613,-25.838713508624501,0.0));
#5041=CARTESIAN_POINT('',(46.650685296351021,-25.595195058140199,0.0));
#5042=CARTESIAN_POINT('',(47.014372784404401,-25.486567968136001,0.0));
#5043=CARTESIAN_POINT('',(47.194981828453422,-25.432623206416292,0.0));
#5044=CARTESIAN_POINT('',(47.393145961566603,-25.412147659175101,0.0));
#5045=CARTESIAN_POINT('',(47.590163720900797,-25.391790562382589,0.0));
#5046=CARTESIAN_POINT('',(47.790673619970001,-25.405394082235389,0.0));
#5047=CARTESIAN_POINT('',(48.187715526674999,-25.432331243369791,0.0));
#5048=CARTESIAN_POINT('',(48.529151645431007,-25.594451189709790,0.0));
#5049=CARTESIAN_POINT('',(48.864882492080788,-25.753862171306899,0.0));
#5050=CARTESIAN_POINT('',(49.153741207575180,-26.053019101637791,0.0));
#5051=CARTESIAN_POINT('',(49.300516478050390,-26.205027114581590,0.0));
#5052=CARTESIAN_POINT('',(49.399381552865613,-26.360085614193292,0.0));
#5053=CARTESIAN_POINT('',(49.445038560791218,-26.431693380221098,0.0));
#5054=CARTESIAN_POINT('',(49.493815802546003,-26.525174078377692,0.0));
#5055=CARTESIAN_POINT('',(49.522782899786009,-26.580688994271899,0.0));
#5056=CARTESIAN_POINT('',(49.577628268222597,-26.693844699385298,0.0));
#5057=B_SPLINE_CURVE_WITH_KNOTS('',2,(#5032,#5033,#5034,#5035,#5036,#5037,#5038,#5039,#5040,#5041,#5042,#5043,#5044,#5045,#5046,#5047,#5048,#5049,#5050,#5051,#5052,#5053,#5054,#5055,#5056),.UNSPECIFIED.,.F.,.U.,(3,2,2,2,2,2,2,2,2,2,2,2,3),(0.533313046759789,0.562500000000000,0.625000000000000,0.656250000000000,0.687500000000000,0.750000000000000,0.781250000000000,0.812500000000000,0.875000000000000,0.937500000000000,0.968750000000000,0.984375000000000,1.0),.UNSPECIFIED.);
#5058=EDGE_CURVE('',#5008,#5026,#5057,.T.);
#5059=ORIENTED_EDGE('',*,*,#5058,.F.);
#5060=EDGE_LOOP('',(#5014,#5015,#5016,#5024,#5031,#5059));
#5061=FACE_OUTER_BOUND('',#5060,.T.);
#5062=ADVANCED_FACE('',(#5061),#5006,.F.);
#5063=ORIENTED_EDGE('',*,*,#2582,.F.);
#5064=ORIENTED_EDGE('',*,*,#5013,.T.);
#5065=CARTESIAN_POINT('',(49.731397208099800,-27.500000000000000,0.0));
#5066=CARTESIAN_POINT('',(49.724501481095999,-27.632653803790902,0.0));
#5067=CARTESIAN_POINT('',(49.719344713531591,-27.698843691668799,0.0));
#5068=CARTESIAN_POINT('',(49.710837962320788,-27.808032423147100,0.0));
#5069=CARTESIAN_POINT('',(49.697209791992989,-27.893569801369850,0.0));
#5070=CARTESIAN_POINT('',(49.668219447478400,-28.075528054305551,0.0));
#5071=CARTESIAN_POINT('',(49.596435464264012,-28.259646192731552,0.0));
#5072=CARTESIAN_POINT('',(49.527170495462208,-28.437303332150190,0.0));
#5073=CARTESIAN_POINT('',(49.427445515212000,-28.596998849949951,0.0));
#5074=CARTESIAN_POINT('',(49.326869336000001,-28.758057443065841,0.0));
#5075=CARTESIAN_POINT('',(49.189836237310800,-28.908055350990640,0.0));
#5076=CARTESIAN_POINT('',(49.054352753228393,-29.056357034051839,0.0));
#5077=CARTESIAN_POINT('',(48.898073857321201,-29.177487877087390,0.0));
#5078=CARTESIAN_POINT('',(48.743082472480801,-29.297620777950101,0.0));
#5079=CARTESIAN_POINT('',(48.574194734001182,-29.383384436661750,0.0));
#5080=CARTESIAN_POINT('',(48.237599760829390,-29.554312277031048,0.0));
#5081=CARTESIAN_POINT('',(47.843396638318410,-29.590404057432298,0.0));
#5082=CARTESIAN_POINT('',(47.645517902728777,-29.608521102841490,0.0));
#5083=CARTESIAN_POINT('',(47.445727109214211,-29.592654505285200,0.0));
#5084=CARTESIAN_POINT('',(47.246398606413003,-29.576824621035701,0.0));
#5085=CARTESIAN_POINT('',(47.063001665454408,-29.527261913190440,0.0));
#5086=CARTESIAN_POINT('',(46.696380118593588,-29.428183070752500,0.0));
#5087=CARTESIAN_POINT('',(46.385506390840192,-29.193400305523291,0.0));
#5088=CARTESIAN_POINT('',(46.229183309571603,-29.075339620387190,0.0));
#5089=CARTESIAN_POINT('',(46.091021712501821,-28.927566421124890,0.0));
#5090=CARTESIAN_POINT('',(45.953033552305399,-28.779978724362639,0.0));
#5091=CARTESIAN_POINT('',(45.848972054390977,-28.618592084144840,0.0));
#5092=CARTESIAN_POINT('',(45.641722842373419,-28.297173935400139,0.0));
#5093=CARTESIAN_POINT('',(45.569839443069000,-27.919000945399539,0.0));
#5094=CARTESIAN_POINT('',(45.533882585089223,-27.729834703612589,0.0));
#5095=CARTESIAN_POINT('',(45.531546944860999,-27.526602367349899,0.0));
#5096=CARTESIAN_POINT('',(45.531393857220692,-27.513281669058571,0.0));
#5097=CARTESIAN_POINT('',(45.531388556374900,-27.500000003452989,0.0));
#5098=B_SPLINE_CURVE_WITH_KNOTS('',2,(#5065,#5066,#5067,#5068,#5069,#5070,#5071,#5072,#5073,#5074,#5075,#5076,#5077,#5078,#5079,#5080,#5081,#5082,#5083,#5084,#5085,#5086,#5087,#5088,#5089,#5090,#5091,#5092,#5093,#5094,#5095,#5096,#5097),.UNSPECIFIED.,.F.,.U.,(3,2,2,2,2,2,2,2,2,2,2,2,2,2,2,2,3),(0.0,0.015625000000000,0.031250000000000,0.062500000000000,0.093750000000000,0.125000000000000,0.156250000000000,0.187500000000000,0.250000000000000,0.281250000000000,0.312500000000000,0.375000000000000,0.406250000000000,0.437500000000000,0.500000000000000,0.531250000000000,0.533313046759789),.UNSPECIFIED.);
#5099=EDGE_CURVE('',#5018,#5008,#5098,.T.);
#5100=ORIENTED_EDGE('',*,*,#5099,.F.);
#5101=ORIENTED_EDGE('',*,*,#5023,.F.);
#5102=EDGE_LOOP('',(#5063,#5064,#5100,#5101));
#5103=FACE_OUTER_BOUND('',#5102,.T.);
#5104=ADVANCED_FACE('',(#5103),#5006,.F.);
#5105=CARTESIAN_POINT('',(27.500000000000000,-47.631397208100012,-8.800000000000001));
#5106=DIRECTION('',(0.0,0.0,1.0));
#5107=DIRECTION('',(1.0,0.0,0.0));
#5108=AXIS2_PLACEMENT_3D('',#5105,#5106,#5107);
#5109=CYLINDRICAL_SURFACE('',#5108,2.100000000000000);
#5110=CARTESIAN_POINT('',(25.399995674138001,-47.631397209826503,0.0));
#5111=VERTEX_POINT('',#5110);
#5112=CARTESIAN_POINT('',(25.399999999999999,-47.631397208100012,-8.800000000000001));
#5113=DIRECTION('',(0.0,0.0,1.0));
#5114=VECTOR('',#5113,1.0);
#5115=LINE('',#5112,#5114);
#5116=EDGE_CURVE('',#2468,#5111,#5115,.T.);
#5117=ORIENTED_EDGE('',*,*,#5116,.F.);
#5118=ORIENTED_EDGE('',*,*,#2540,.F.);
#5119=ORIENTED_EDGE('',*,*,#2512,.F.);
#5120=CARTESIAN_POINT('',(29.600000000000001,-47.631397208100012,0.0));
#5121=VERTEX_POINT('',#5120);
#5122=CARTESIAN_POINT('',(29.600000000000001,-47.631397208100012,-8.800000000000001));
#5123=DIRECTION('',(0.0,0.0,1.0));
#5124=VECTOR('',#5123,1.0);
#5125=LINE('',#5122,#5124);
#5126=EDGE_CURVE('',#2470,#5121,#5125,.T.);
#5127=ORIENTED_EDGE('',*,*,#5126,.T.);
#5128=CARTESIAN_POINT('',(29.443189039198352,-46.826501953809291,0.0));
#5129=VERTEX_POINT('',#5128);
#5130=CARTESIAN_POINT('',(29.446231060123012,-46.825241907485299,0.0));
#5131=CARTESIAN_POINT('',(29.600000000000001,-47.631397208099997,0.0));
#5132=QUASI_UNIFORM_CURVE('',1,(#5130,#5131),.UNSPECIFIED.,.F.,.U.);
#5133=EDGE_CURVE('',#5129,#5121,#5132,.T.);
#5134=ORIENTED_EDGE('',*,*,#5133,.F.);
#5135=CARTESIAN_POINT('',(25.399991348275929,-47.631397211552986,0.0));
#5136=CARTESIAN_POINT('',(25.399916354567090,-47.443494852446022,0.0));
#5137=CARTESIAN_POINT('',(25.429421145718191,-47.263404953641448,0.0));
#5138=CARTESIAN_POINT('',(25.491818422615609,-46.882547511722542,0.0));
#5139=CARTESIAN_POINT('',(25.690450831447212,-46.556098297166592,0.0));
#5140=CARTESIAN_POINT('',(25.789068984802810,-46.394020925738253,0.0));
#5141=CARTESIAN_POINT('',(25.923809226673800,-46.243037527953952,0.0));
#5142=CARTESIAN_POINT('',(26.057211096506592,-46.093553845139688,0.0));
#5143=CARTESIAN_POINT('',(26.212650337860801,-45.970110716724449,0.0));
#5144=CARTESIAN_POINT('',(26.519288088256001,-45.726592266240147,0.0));
#5145=CARTESIAN_POINT('',(26.882975576304609,-45.617965176235991,0.0));
#5146=CARTESIAN_POINT('',(27.063584620337991,-45.564020414520151,0.0));
#5147=CARTESIAN_POINT('',(27.261748753467000,-45.543544867275152,0.0));
#5148=CARTESIAN_POINT('',(27.458766512789001,-45.523187770481591,0.0));
#5149=CARTESIAN_POINT('',(27.659276411870199,-45.536791290335387,0.0));
#5150=CARTESIAN_POINT('',(28.056318318588009,-45.563728451470944,0.0));
#5151=CARTESIAN_POINT('',(28.397754437331201,-45.725848397809841,0.0));
#5152=CARTESIAN_POINT('',(28.733485283995009,-45.885259379418187,0.0));
#5153=CARTESIAN_POINT('',(29.022343999475400,-46.184416309737799,0.0));
#5154=CARTESIAN_POINT('',(29.169119269934601,-46.336424322666652,0.0));
#5155=CARTESIAN_POINT('',(29.267984344765999,-46.491482822293300,0.0));
#5156=CARTESIAN_POINT('',(29.313641352679799,-46.563090588298053,0.0));
#5157=CARTESIAN_POINT('',(29.362418594446009,-46.656571286477643,0.0));
#5158=CARTESIAN_POINT('',(29.391385691753609,-46.712086202501638,0.0));
#5159=CARTESIAN_POINT('',(29.446231060123012,-46.825241907485299,0.0));
#5160=B_SPLINE_CURVE_WITH_KNOTS('',2,(#5135,#5136,#5137,#5138,#5139,#5140,#5141,#5142,#5143,#5144,#5145,#5146,#5147,#5148,#5149,#5150,#5151,#5152,#5153,#5154,#5155,#5156,#5157,#5158,#5159),.UNSPECIFIED.,.F.,.U.,(3,2,2,2,2,2,2,2,2,2,2,2,3),(0.533313046759099,0.562500000000000,0.625000000000000,0.656250000000000,0.687500000000000,0.750000000000000,0.781250000000000,0.812500000000000,0.875000000000000,0.937500000000000,0.968750000000000,0.984375000000000,1.0),.UNSPECIFIED.);
#5161=EDGE_CURVE('',#5111,#5129,#5160,.T.);
#5162=ORIENTED_EDGE('',*,*,#5161,.F.);
#5163=EDGE_LOOP('',(#5117,#5118,#5119,#5127,#5134,#5162));
#5164=FACE_OUTER_BOUND('',#5163,.T.);
#5165=ADVANCED_FACE('',(#5164),#5109,.F.);
#5166=ORIENTED_EDGE('',*,*,#2505,.F.);
#5167=ORIENTED_EDGE('',*,*,#5116,.T.);
#5168=CARTESIAN_POINT('',(29.600000000000001,-47.631397208099997,0.0));
#5169=CARTESIAN_POINT('',(29.593104273004599,-47.764051011760152,0.0));
#5170=CARTESIAN_POINT('',(29.587947505432009,-47.830240899768803,0.0));
#5171=CARTESIAN_POINT('',(29.579440754225200,-47.939429631228087,0.0));
#5172=CARTESIAN_POINT('',(29.565812583893191,-48.024967009469840,0.0));
#5173=CARTESIAN_POINT('',(29.536822239369400,-48.206925262446802,0.0));
#5174=CARTESIAN_POINT('',(29.465038256164199,-48.391043400831542,0.0));
#5175=CARTESIAN_POINT('',(29.395773287354199,-48.568700540254291,0.0));
#5176=CARTESIAN_POINT('',(29.296048307112400,-48.728396058049952,0.0));
#5177=CARTESIAN_POINT('',(29.195472127896402,-48.889454651181353,0.0));
#5178=CARTESIAN_POINT('',(29.058439029211002,-49.039452559090648,0.0));
#5179=CARTESIAN_POINT('',(28.922955545087600,-49.187754242185648,0.0));
#5180=CARTESIAN_POINT('',(28.766676649221399,-49.308885085187399,0.0));
#5181=CARTESIAN_POINT('',(28.611685264397600,-49.429017986035248,0.0));
#5182=CARTESIAN_POINT('',(28.442797525901408,-49.514781644761747,0.0));
#5183=CARTESIAN_POINT('',(28.106202552771400,-49.685709485122693,0.0));
#5184=CARTESIAN_POINT('',(27.711999430218611,-49.721801265532299,0.0));
#5185=CARTESIAN_POINT('',(27.514120694627589,-49.739918310943899,0.0));
#5186=CARTESIAN_POINT('',(27.314329901114409,-49.724051713385187,0.0));
#5187=CARTESIAN_POINT('',(27.115001398299992,-49.708221829132093,0.0));
#5188=CARTESIAN_POINT('',(26.931604457354808,-49.658659121290441,0.0));
#5189=CARTESIAN_POINT('',(26.564982910501609,-49.559580278854597,0.0));
#5190=CARTESIAN_POINT('',(26.254109182740400,-49.324797513623302,0.0));
#5191=CARTESIAN_POINT('',(26.097786101444001,-49.206736828467889,0.0));
#5192=CARTESIAN_POINT('',(25.959624504402012,-49.058963629224891,0.0));
#5193=CARTESIAN_POINT('',(25.821636344183009,-48.911375932427752,0.0));
#5194=CARTESIAN_POINT('',(25.717574846291001,-48.749989292244848,0.0));
#5195=CARTESIAN_POINT('',(25.510325634272210,-48.428571143498147,0.0));
#5196=CARTESIAN_POINT('',(25.438442234969202,-48.050398153499543,0.0));
#5197=CARTESIAN_POINT('',(25.402485376981200,-47.861231911667090,0.0));
#5198=CARTESIAN_POINT('',(25.400149736761200,-47.657999575449892,0.0));
#5199=CARTESIAN_POINT('',(25.399996649121380,-47.644678877158270,0.0));
#5200=CARTESIAN_POINT('',(25.399991348275929,-47.631397211552986,0.0));
#5201=B_SPLINE_CURVE_WITH_KNOTS('',2,(#5168,#5169,#5170,#5171,#5172,#5173,#5174,#5175,#5176,#5177,#5178,#5179,#5180,#5181,#5182,#5183,#5184,#5185,#5186,#5187,#5188,#5189,#5190,#5191,#5192,#5193,#5194,#5195,#5196,#5197,#5198,#5199,#5200),.UNSPECIFIED.,.F.,.U.,(3,2,2,2,2,2,2,2,2,2,2,2,2,2,2,2,3),(0.0,0.015625000000000,0.031250000000000,0.062500000000000,0.093750000000000,0.125000000000000,0.156250000000000,0.187500000000000,0.250000000000000,0.281250000000000,0.312500000000000,0.375000000000000,0.406250000000000,0.437500000000000,0.500000000000000,0.531250000000000,0.533313046759099),.UNSPECIFIED.);
#5202=EDGE_CURVE('',#5121,#5111,#5201,.T.);
#5203=ORIENTED_EDGE('',*,*,#5202,.F.);
#5204=ORIENTED_EDGE('',*,*,#5126,.F.);
#5205=EDGE_LOOP('',(#5166,#5167,#5203,#5204));
#5206=FACE_OUTER_BOUND('',#5205,.T.);
#5207=ADVANCED_FACE('',(#5206),#5109,.F.);
#5208=CARTESIAN_POINT('',(0.0,-55.0,-8.800000000000001));
#5209=DIRECTION('',(0.0,0.0,1.0));
#5210=DIRECTION('',(1.0,0.0,0.0));
#5211=AXIS2_PLACEMENT_3D('',#5208,#5209,#5210);
#5212=CYLINDRICAL_SURFACE('',#5211,2.100000000000000);
#5213=CARTESIAN_POINT('',(-2.100004325862265,-55.000000001726498,0.0));
#5214=VERTEX_POINT('',#5213);
#5215=CARTESIAN_POINT('',(-2.100000000000000,-55.0,-8.800000000000001));
#5216=DIRECTION('',(0.0,0.0,1.0));
#5217=VECTOR('',#5216,1.0);
#5218=LINE('',#5215,#5217);
#5219=EDGE_CURVE('',#2391,#5214,#5218,.T.);
#5220=ORIENTED_EDGE('',*,*,#5219,.F.);
#5221=ORIENTED_EDGE('',*,*,#2463,.F.);
#5222=ORIENTED_EDGE('',*,*,#2435,.F.);
#5223=CARTESIAN_POINT('',(2.100000000000000,-55.0,0.0));
#5224=VERTEX_POINT('',#5223);
#5225=CARTESIAN_POINT('',(2.100000000000000,-55.0,-8.800000000000001));
#5226=DIRECTION('',(0.0,0.0,1.0));
#5227=VECTOR('',#5226,1.0);
#5228=LINE('',#5225,#5227);
#5229=EDGE_CURVE('',#2393,#5224,#5228,.T.);
#5230=ORIENTED_EDGE('',*,*,#5229,.T.);
#5231=CARTESIAN_POINT('',(1.943189039198300,-54.195104745709301,0.0));
#5232=VERTEX_POINT('',#5231);
#5233=CARTESIAN_POINT('',(1.946231060122913,-54.193844699385288,0.0));
#5234=CARTESIAN_POINT('',(2.100000000000005,-54.999999999999993,0.0));
#5235=QUASI_UNIFORM_CURVE('',1,(#5233,#5234),.UNSPECIFIED.,.F.,.U.);
#5236=EDGE_CURVE('',#5232,#5224,#5235,.T.);
#5237=ORIENTED_EDGE('',*,*,#5236,.F.);
#5238=CARTESIAN_POINT('',(-2.100008651724508,-55.000000003452968,0.0));
#5239=CARTESIAN_POINT('',(-2.100083645436373,-54.812097644396310,0.0));
#5240=CARTESIAN_POINT('',(-2.070578854281691,-54.632007745541443,0.0));
#5241=CARTESIAN_POINT('',(-2.008181577399196,-54.251150303652999,0.0));
#5242=CARTESIAN_POINT('',(-1.809549168552693,-53.924701089066652,0.0));
#5243=CARTESIAN_POINT('',(-1.710931015205100,-53.762623717648452,0.0));
#5244=CARTESIAN_POINT('',(-1.576190773326200,-53.611640319853990,0.0));
#5245=CARTESIAN_POINT('',(-1.442788903497097,-53.462156637042703,0.0));
#5246=CARTESIAN_POINT('',(-1.287349662139198,-53.338713508624501,0.0));
#5247=CARTESIAN_POINT('',(-0.980711911743898,-53.095195058140199,0.0));
#5248=CARTESIAN_POINT('',(-0.617024423695392,-52.986567968136001,0.0));
#5249=CARTESIAN_POINT('',(-0.436415379663199,-52.932623206420587,0.0));
#5250=CARTESIAN_POINT('',(-0.238251246533094,-52.912147659175147,0.0));
#5251=CARTESIAN_POINT('',(-0.041233487210704,-52.891790562381352,0.0));
#5252=CARTESIAN_POINT('',(0.159276411870107,-52.905394082235453,0.0));
#5253=CARTESIAN_POINT('',(0.556318318583701,-52.932331243371351,0.0));
#5254=CARTESIAN_POINT('',(0.897754437331200,-53.094451189709837,0.0));
#5255=CARTESIAN_POINT('',(1.233485283990699,-53.253862171313891,0.0));
#5256=CARTESIAN_POINT('',(1.522343999475498,-53.553019101637837,0.0));
#5257=CARTESIAN_POINT('',(1.669119269937097,-53.705027114569248,0.0));
#5258=CARTESIAN_POINT('',(1.767984344765800,-53.860085614193302,0.0));
#5259=CARTESIAN_POINT('',(1.813641352683304,-53.931693380204337,0.0));
#5260=CARTESIAN_POINT('',(1.862418594446011,-54.025174078377653,0.0));
#5261=CARTESIAN_POINT('',(1.891385691761602,-54.080688994417493,0.0));
#5262=CARTESIAN_POINT('',(1.946231060122913,-54.193844699385288,0.0));
#5263=B_SPLINE_CURVE_WITH_KNOTS('',2,(#5238,#5239,#5240,#5241,#5242,#5243,#5244,#5245,#5246,#5247,#5248,#5249,#5250,#5251,#5252,#5253,#5254,#5255,#5256,#5257,#5258,#5259,#5260,#5261,#5262),.UNSPECIFIED.,.F.,.U.,(3,2,2,2,2,2,2,2,2,2,2,2,3),(0.533313046759651,0.562500000000000,0.625000000000000,0.656250000000000,0.687500000000000,0.750000000000000,0.781250000000000,0.812500000000000,0.875000000000000,0.937500000000000,0.968750000000000,0.984375000000000,1.0),.UNSPECIFIED.);
#5264=EDGE_CURVE('',#5214,#5232,#5263,.T.);
#5265=ORIENTED_EDGE('',*,*,#5264,.F.);
#5266=EDGE_LOOP('',(#5220,#5221,#5222,#5230,#5237,#5265));
#5267=FACE_OUTER_BOUND('',#5266,.T.);
#5268=ADVANCED_FACE('',(#5267),#5212,.F.);
#5269=ORIENTED_EDGE('',*,*,#2428,.F.);
#5270=ORIENTED_EDGE('',*,*,#5219,.T.);
#5271=CARTESIAN_POINT('',(2.100000000000005,-54.999999999999993,0.0));
#5272=CARTESIAN_POINT('',(2.093104272999705,-55.132653803754941,0.0));
#5273=CARTESIAN_POINT('',(2.087947505431911,-55.198843691668799,0.0));
#5274=CARTESIAN_POINT('',(2.079440754216108,-55.308032423190802,0.0));
#5275=CARTESIAN_POINT('',(2.065812583893198,-55.393569801369850,0.0));
#5276=CARTESIAN_POINT('',(2.036822239375499,-55.575528054296001,0.0));
#5277=CARTESIAN_POINT('',(1.965038256164300,-55.759646192731552,0.0));
#5278=CARTESIAN_POINT('',(1.895773287384203,-55.937303332111398,0.0));
#5279=CARTESIAN_POINT('',(1.796048307112302,-56.096998849949948,0.0));
#5280=CARTESIAN_POINT('',(1.695472127902692,-56.258057443065937,0.0));
#5281=CARTESIAN_POINT('',(1.558439029210990,-56.408055350990637,0.0));
#5282=CARTESIAN_POINT('',(1.422955545097498,-56.556357034083099,0.0));
#5283=CARTESIAN_POINT('',(1.266676649221407,-56.677487877087337,0.0));
#5284=CARTESIAN_POINT('',(1.111685264364004,-56.797620777956141,0.0));
#5285=CARTESIAN_POINT('',(0.942797525901401,-56.883384436661743,0.0));
#5286=CARTESIAN_POINT('',(0.606202552740895,-57.054312277030441,0.0));
#5287=CARTESIAN_POINT('',(0.211999430218490,-57.090404057432252,0.0));
#5288=CARTESIAN_POINT('',(0.014120694627501,-57.108521102841337,0.0));
#5289=CARTESIAN_POINT('',(-0.185670098885593,-57.092654505285147,0.0));
#5290=CARTESIAN_POINT('',(-0.384998601699896,-57.076824621034653,0.0));
#5291=CARTESIAN_POINT('',(-0.568395542645289,-57.027261913190451,0.0));
#5292=CARTESIAN_POINT('',(-0.935017089524204,-56.928183070742499,0.0));
#5293=CARTESIAN_POINT('',(-1.245890817259510,-56.693400305523248,0.0));
#5294=CARTESIAN_POINT('',(-1.402213898556104,-56.575339620364097,0.0));
#5295=CARTESIAN_POINT('',(-1.540375495597893,-56.427566421124887,0.0));
#5296=CARTESIAN_POINT('',(-1.678363655819803,-56.279978724328437,0.0));
#5297=CARTESIAN_POINT('',(-1.782425153708897,-56.118592084144836,0.0));
#5298=CARTESIAN_POINT('',(-1.989674365728403,-55.797173935386297,0.0));
#5299=CARTESIAN_POINT('',(-2.061557765030697,-55.419000945399553,0.0));
#5300=CARTESIAN_POINT('',(-2.097514623013303,-55.229834703599543,0.0));
#5301=CARTESIAN_POINT('',(-2.099850263238695,-55.026602367349902,0.0));
#5302=CARTESIAN_POINT('',(-2.100003350878857,-55.013281669058500,0.0));
#5303=CARTESIAN_POINT('',(-2.100008651724508,-55.000000003452968,0.0));
#5304=B_SPLINE_CURVE_WITH_KNOTS('',2,(#5271,#5272,#5273,#5274,#5275,#5276,#5277,#5278,#5279,#5280,#5281,#5282,#5283,#5284,#5285,#5286,#5287,#5288,#5289,#5290,#5291,#5292,#5293,#5294,#5295,#5296,#5297,#5298,#5299,#5300,#5301,#5302,#5303),.UNSPECIFIED.,.F.,.U.,(3,2,2,2,2,2,2,2,2,2,2,2,2,2,2,2,3),(0.0,0.015625000000000,0.031250000000000,0.062500000000000,0.093750000000000,0.125000000000000,0.156250000000000,0.187500000000000,0.250000000000000,0.281250000000000,0.312500000000000,0.375000000000000,0.406250000000000,0.437500000000000,0.500000000000000,0.531250000000000,0.533313046759651),.UNSPECIFIED.);
#5305=EDGE_CURVE('',#5224,#5214,#5304,.T.);
#5306=ORIENTED_EDGE('',*,*,#5305,.F.);
#5307=ORIENTED_EDGE('',*,*,#5229,.F.);
#5308=EDGE_LOOP('',(#5269,#5270,#5306,#5307));
#5309=FACE_OUTER_BOUND('',#5308,.T.);
#5310=ADVANCED_FACE('',(#5309),#5212,.F.);
#5311=CARTESIAN_POINT('',(-27.500000000000000,-47.631397208099798,-8.800000000000001));
#5312=DIRECTION('',(0.0,0.0,1.0));
#5313=DIRECTION('',(1.0,0.0,0.0));
#5314=AXIS2_PLACEMENT_3D('',#5311,#5312,#5313);
#5315=CYLINDRICAL_SURFACE('',#5314,2.100000000000000);
#5316=CARTESIAN_POINT('',(-29.600004325862450,-47.631397209826297,0.0));
#5317=VERTEX_POINT('',#5316);
#5318=CARTESIAN_POINT('',(-29.600000000000001,-47.631397208099798,-8.800000000000001));
#5319=DIRECTION('',(0.0,0.0,1.0));
#5320=VECTOR('',#5319,1.0);
#5321=LINE('',#5318,#5320);
#5322=EDGE_CURVE('',#2314,#5317,#5321,.T.);
#5323=ORIENTED_EDGE('',*,*,#5322,.F.);
#5324=ORIENTED_EDGE('',*,*,#2386,.F.);
#5325=ORIENTED_EDGE('',*,*,#2358,.F.);
#5326=CARTESIAN_POINT('',(-25.399999999999999,-47.631397208099798,0.0));
#5327=VERTEX_POINT('',#5326);
#5328=CARTESIAN_POINT('',(-25.399999999999999,-47.631397208099798,-8.800000000000001));
#5329=DIRECTION('',(0.0,0.0,1.0));
#5330=VECTOR('',#5329,1.0);
#5331=LINE('',#5328,#5330);
#5332=EDGE_CURVE('',#2316,#5327,#5331,.T.);
#5333=ORIENTED_EDGE('',*,*,#5332,.T.);
#5334=CARTESIAN_POINT('',(-25.556810960801698,-46.826501953809100,0.0));
#5335=VERTEX_POINT('',#5334);
#5336=CARTESIAN_POINT('',(-25.553768939877099,-46.825241907485101,0.0));
#5337=CARTESIAN_POINT('',(-25.399999999999991,-47.631397208099742,0.0));
#5338=QUASI_UNIFORM_CURVE('',1,(#5336,#5337),.UNSPECIFIED.,.F.,.U.);
#5339=EDGE_CURVE('',#5335,#5327,#5338,.T.);
#5340=ORIENTED_EDGE('',*,*,#5339,.F.);
#5341=CARTESIAN_POINT('',(-29.600008651724959,-47.631397211552738,0.0));
#5342=CARTESIAN_POINT('',(-29.600083645439359,-47.443494852470089,0.0));
#5343=CARTESIAN_POINT('',(-29.570578854281699,-47.263404953641192,0.0));
#5344=CARTESIAN_POINT('',(-29.508181577379300,-46.882547511724987,0.0));
#5345=CARTESIAN_POINT('',(-29.309549168552788,-46.556098297166393,0.0));
#5346=CARTESIAN_POINT('',(-29.210931015210011,-46.394020925753694,0.0));
#5347=CARTESIAN_POINT('',(-29.076190773326200,-46.243037527953753,0.0));
#5348=CARTESIAN_POINT('',(-28.942788903497000,-46.093553845142402,0.0));
#5349=CARTESIAN_POINT('',(-28.787349662139199,-45.970110716724243,0.0));
#5350=CARTESIAN_POINT('',(-28.480711911749999,-45.726592266244793,0.0));
#5351=CARTESIAN_POINT('',(-28.117024423695401,-45.617965176235742,0.0));
#5352=CARTESIAN_POINT('',(-27.936415379655202,-45.564020414516449,0.0));
#5353=CARTESIAN_POINT('',(-27.738251246533100,-45.543544867274953,0.0));
#5354=CARTESIAN_POINT('',(-27.541233487194798,-45.523187770482487,0.0));
#5355=CARTESIAN_POINT('',(-27.340723588129809,-45.536791290335202,0.0));
#5356=CARTESIAN_POINT('',(-26.943681681411999,-45.563728451470752,0.0));
#5357=CARTESIAN_POINT('',(-26.602245562668699,-45.725848397809592,0.0));
#5358=CARTESIAN_POINT('',(-26.266514716042199,-45.885259379400402,0.0));
#5359=CARTESIAN_POINT('',(-25.977656000524501,-46.184416309737593,0.0));
#5360=CARTESIAN_POINT('',(-25.830880730082800,-46.336424322637853,0.0));
#5361=CARTESIAN_POINT('',(-25.732015655234100,-46.491482822293037,0.0));
#5362=CARTESIAN_POINT('',(-25.686358647332199,-46.563090588279842,0.0));
#5363=CARTESIAN_POINT('',(-25.637581405553892,-46.656571286477437,0.0));
#5364=CARTESIAN_POINT('',(-25.608614308319090,-46.712086202359238,0.0));
#5365=CARTESIAN_POINT('',(-25.553768939877099,-46.825241907485101,0.0));
#5366=B_SPLINE_CURVE_WITH_KNOTS('',2,(#5341,#5342,#5343,#5344,#5345,#5346,#5347,#5348,#5349,#5350,#5351,#5352,#5353,#5354,#5355,#5356,#5357,#5358,#5359,#5360,#5361,#5362,#5363,#5364,#5365),.UNSPECIFIED.,.F.,.U.,(3,2,2,2,2,2,2,2,2,2,2,2,3),(0.533313046759365,0.562500000000000,0.625000000000000,0.656250000000000,0.687500000000000,0.750000000000000,0.781250000000000,0.812500000000000,0.875000000000000,0.937500000000000,0.968750000000000,0.984375000000000,1.0),.UNSPECIFIED.);
#5367=EDGE_CURVE('',#5317,#5335,#5366,.T.);
#5368=ORIENTED_EDGE('',*,*,#5367,.F.);
#5369=EDGE_LOOP('',(#5323,#5324,#5325,#5333,#5340,#5368));
#5370=FACE_OUTER_BOUND('',#5369,.T.);
#5371=ADVANCED_FACE('',(#5370),#5315,.F.);
#5372=ORIENTED_EDGE('',*,*,#2351,.F.);
#5373=ORIENTED_EDGE('',*,*,#5322,.T.);
#5374=CARTESIAN_POINT('',(-25.399999999999991,-47.631397208099742,0.0));
#5375=CARTESIAN_POINT('',(-25.406895727003789,-47.764051011888348,0.0));
#5376=CARTESIAN_POINT('',(-25.412052494568101,-47.830240899768548,0.0));
#5377=CARTESIAN_POINT('',(-25.420559245780989,-47.939429631272603,0.0));
#5378=CARTESIAN_POINT('',(-25.434187416106891,-48.024967009469592,0.0));
#5379=CARTESIAN_POINT('',(-25.463177760631890,-48.206925262441693,0.0));
#5380=CARTESIAN_POINT('',(-25.534961743835701,-48.391043400831350,0.0));
#5381=CARTESIAN_POINT('',(-25.604226712643101,-48.568700540254888,0.0));
#5382=CARTESIAN_POINT('',(-25.703951692887610,-48.728396058049753,0.0));
#5383=CARTESIAN_POINT('',(-25.804527872094699,-48.889454651161749,0.0));
#5384=CARTESIAN_POINT('',(-25.941560970789009,-49.039452559090442,0.0));
#5385=CARTESIAN_POINT('',(-26.077044454882099,-49.187754242161837,0.0));
#5386=CARTESIAN_POINT('',(-26.233323350778591,-49.308885085187143,0.0));
#5387=CARTESIAN_POINT('',(-26.388314735607199,-49.429017986038801,0.0));
#5388=CARTESIAN_POINT('',(-26.557202474098599,-49.514781644761541,0.0));
#5389=CARTESIAN_POINT('',(-26.893797447239699,-49.685709485125493,0.0));
#5390=CARTESIAN_POINT('',(-27.288000569781399,-49.721801265532051,0.0));
#5391=CARTESIAN_POINT('',(-27.485879305360100,-49.739918310941498,0.0));
#5392=CARTESIAN_POINT('',(-27.685670098885598,-49.724051713384952,0.0));
#5393=CARTESIAN_POINT('',(-27.884998601697301,-49.708221829135240,0.0));
#5394=CARTESIAN_POINT('',(-28.068395542645298,-49.658659121290192,0.0));
#5395=CARTESIAN_POINT('',(-28.435017089532401,-49.559580278839903,0.0));
#5396=CARTESIAN_POINT('',(-28.745890817259511,-49.324797513623047,0.0));
#5397=CARTESIAN_POINT('',(-28.902213898561602,-49.206736828457800,0.0));
#5398=CARTESIAN_POINT('',(-29.040375495597988,-49.058963629224642,0.0));
#5399=CARTESIAN_POINT('',(-29.178363655824700,-48.911375932423240,0.0));
#5400=CARTESIAN_POINT('',(-29.282425153708910,-48.749989292244599,0.0));
#5401=CARTESIAN_POINT('',(-29.489674365727002,-48.428571143483403,0.0));
#5402=CARTESIAN_POINT('',(-29.561557765030699,-48.050398153499287,0.0));
#5403=CARTESIAN_POINT('',(-29.597514623010500,-47.861231911719450,0.0));
#5404=CARTESIAN_POINT('',(-29.599850263238800,-47.657999575449637,0.0));
#5405=CARTESIAN_POINT('',(-29.600003350879120,-47.644678877158142,0.0));
#5406=CARTESIAN_POINT('',(-29.600008651724959,-47.631397211552738,0.0));
#5407=B_SPLINE_CURVE_WITH_KNOTS('',2,(#5374,#5375,#5376,#5377,#5378,#5379,#5380,#5381,#5382,#5383,#5384,#5385,#5386,#5387,#5388,#5389,#5390,#5391,#5392,#5393,#5394,#5395,#5396,#5397,#5398,#5399,#5400,#5401,#5402,#5403,#5404,#5405,#5406),.UNSPECIFIED.,.F.,.U.,(3,2,2,2,2,2,2,2,2,2,2,2,2,2,2,2,3),(0.0,0.015625000000000,0.031250000000000,0.062500000000000,0.093750000000000,0.125000000000000,0.156250000000000,0.187500000000000,0.250000000000000,0.281250000000000,0.312500000000000,0.375000000000000,0.406250000000000,0.437500000000000,0.500000000000000,0.531250000000000,0.533313046759365),.UNSPECIFIED.);
#5408=EDGE_CURVE('',#5327,#5317,#5407,.T.);
#5409=ORIENTED_EDGE('',*,*,#5408,.F.);
#5410=ORIENTED_EDGE('',*,*,#5332,.F.);
#5411=EDGE_LOOP('',(#5372,#5373,#5409,#5410));
#5412=FACE_OUTER_BOUND('',#5411,.T.);
#5413=ADVANCED_FACE('',(#5412),#5315,.F.);
#5414=CARTESIAN_POINT('',(-47.631397208099798,-27.500000000000000,-8.800000000000001));
#5415=DIRECTION('',(0.0,0.0,1.0));
#5416=DIRECTION('',(1.0,0.0,0.0));
#5417=AXIS2_PLACEMENT_3D('',#5414,#5415,#5416);
#5418=CYLINDRICAL_SURFACE('',#5417,2.100000000000000);
#5419=CARTESIAN_POINT('',(-49.731401533962298,-27.500000001726502,0.0));
#5420=VERTEX_POINT('',#5419);
#5421=CARTESIAN_POINT('',(-49.731397208099800,-27.500000000000000,-8.800000000000001));
#5422=DIRECTION('',(0.0,0.0,1.0));
#5423=VECTOR('',#5422,1.0);
#5424=LINE('',#5421,#5423);
#5425=EDGE_CURVE('',#2237,#5420,#5424,.T.);
#5426=ORIENTED_EDGE('',*,*,#5425,.F.);
#5427=ORIENTED_EDGE('',*,*,#2309,.F.);
#5428=ORIENTED_EDGE('',*,*,#2281,.F.);
#5429=CARTESIAN_POINT('',(-45.531397208099797,-27.500000000000000,0.0));
#5430=VERTEX_POINT('',#5429);
#5431=CARTESIAN_POINT('',(-45.531397208099797,-27.500000000000000,-8.800000000000001));
#5432=DIRECTION('',(0.0,0.0,1.0));
#5433=VECTOR('',#5432,1.0);
#5434=LINE('',#5431,#5433);
#5435=EDGE_CURVE('',#2239,#5430,#5434,.T.);
#5436=ORIENTED_EDGE('',*,*,#5435,.T.);
#5437=CARTESIAN_POINT('',(-45.688208168901397,-26.695104745709301,0.0));
#5438=VERTEX_POINT('',#5437);
#5439=CARTESIAN_POINT('',(-45.685166147976787,-26.693844699385298,0.0));
#5440=CARTESIAN_POINT('',(-45.531397208099797,-27.500000000000000,0.0));
#5441=QUASI_UNIFORM_CURVE('',1,(#5439,#5440),.UNSPECIFIED.,.F.,.U.);
#5442=EDGE_CURVE('',#5438,#5430,#5441,.T.);
#5443=ORIENTED_EDGE('',*,*,#5442,.F.);
#5444=CARTESIAN_POINT('',(-49.731405859824719,-27.500000003452978,0.0));
#5445=CARTESIAN_POINT('',(-49.731480853539182,-27.312097644369320,0.0));
#5446=CARTESIAN_POINT('',(-49.701976062381497,-27.132007745541401,0.0));
#5447=CARTESIAN_POINT('',(-49.639578785475550,-26.751150303606000,0.0));
#5448=CARTESIAN_POINT('',(-49.440946376652548,-26.424701089066598,0.0));
#5449=CARTESIAN_POINT('',(-49.342328223302552,-26.262623717648701,0.0));
#5450=CARTESIAN_POINT('',(-49.207587981426002,-26.111640319854001,0.0));
#5451=CARTESIAN_POINT('',(-49.074186111608647,-25.962156637052999,0.0));
#5452=CARTESIAN_POINT('',(-48.918746870238998,-25.838713508624501,0.0));
#5453=CARTESIAN_POINT('',(-48.612109119850750,-25.595195058143801,0.0));
#5454=CARTESIAN_POINT('',(-48.248421631795189,-25.486567968136001,0.0));
#5455=CARTESIAN_POINT('',(-48.067812587753849,-25.432623206417102,0.0));
#5456=CARTESIAN_POINT('',(-47.869648454632852,-25.412147659175101,0.0));
#5457=CARTESIAN_POINT('',(-47.672630695298743,-25.391790562382589,0.0));
#5458=CARTESIAN_POINT('',(-47.472120796229603,-25.405394082235389,0.0));
#5459=CARTESIAN_POINT('',(-47.075078889512653,-25.432331243370491,0.0));
#5460=CARTESIAN_POINT('',(-46.733642770768498,-25.594451189709790,0.0));
#5461=CARTESIAN_POINT('',(-46.397911924136601,-25.753862171303101,0.0));
#5462=CARTESIAN_POINT('',(-46.109053208624303,-26.053019101637791,0.0));
#5463=CARTESIAN_POINT('',(-45.962277938182197,-26.205027114540002,0.0));
#5464=CARTESIAN_POINT('',(-45.863412863333899,-26.360085614193292,0.0));
#5465=CARTESIAN_POINT('',(-45.817755855426000,-26.431693380188801,0.0));
#5466=CARTESIAN_POINT('',(-45.768978613653701,-26.525174078377692,0.0));
#5467=CARTESIAN_POINT('',(-45.740011516372398,-26.580688994350101,0.0));
#5468=CARTESIAN_POINT('',(-45.685166147976787,-26.693844699385298,0.0));
#5469=B_SPLINE_CURVE_WITH_KNOTS('',2,(#5444,#5445,#5446,#5447,#5448,#5449,#5450,#5451,#5452,#5453,#5454,#5455,#5456,#5457,#5458,#5459,#5460,#5461,#5462,#5463,#5464,#5465,#5466,#5467,#5468),.UNSPECIFIED.,.F.,.U.,(3,2,2,2,2,2,2,2,2,2,2,2,3),(0.533313046759355,0.562500000000000,0.625000000000000,0.656250000000000,0.687500000000000,0.750000000000000,0.781250000000000,0.812500000000000,0.875000000000000,0.937500000000000,0.968750000000000,0.984375000000000,1.0),.UNSPECIFIED.);
#5470=EDGE_CURVE('',#5420,#5438,#5469,.T.);
#5471=ORIENTED_EDGE('',*,*,#5470,.F.);
#5472=EDGE_LOOP('',(#5426,#5427,#5428,#5436,#5443,#5471));
#5473=FACE_OUTER_BOUND('',#5472,.T.);
#5474=ADVANCED_FACE('',(#5473),#5418,.F.);
#5475=ORIENTED_EDGE('',*,*,#2274,.F.);
#5476=ORIENTED_EDGE('',*,*,#5425,.T.);
#5477=CARTESIAN_POINT('',(-45.531397208099797,-27.500000000000000,0.0));
#5478=CARTESIAN_POINT('',(-45.538292935094397,-27.632653803660851,0.0));
#5479=CARTESIAN_POINT('',(-45.543449702667800,-27.698843691668799,0.0));
#5480=CARTESIAN_POINT('',(-45.551956453878198,-27.808032423157499,0.0));
#5481=CARTESIAN_POINT('',(-45.565584624206600,-27.893569801369850,0.0));
#5482=CARTESIAN_POINT('',(-45.594574968732303,-28.075528054344950,0.0));
#5483=CARTESIAN_POINT('',(-45.666358951935500,-28.259646192731552,0.0));
#5484=CARTESIAN_POINT('',(-45.735623920748203,-28.437303332167641,0.0));
#5485=CARTESIAN_POINT('',(-45.835348900987398,-28.596998849949951,0.0));
#5486=CARTESIAN_POINT('',(-45.935925080199503,-28.758057443065841,0.0));
#5487=CARTESIAN_POINT('',(-46.072958178888797,-28.908055350990640,0.0));
#5488=CARTESIAN_POINT('',(-46.208441662974202,-29.056357034055189,0.0));
#5489=CARTESIAN_POINT('',(-46.364720558878403,-29.177487877087390,0.0));
#5490=CARTESIAN_POINT('',(-46.519711943712799,-29.297620777944491,0.0));
#5491=CARTESIAN_POINT('',(-46.688599682198301,-29.383384436661750,0.0));
#5492=CARTESIAN_POINT('',(-47.025194655357851,-29.554312277029950,0.0));
#5493=CARTESIAN_POINT('',(-47.419397777881201,-29.590404057432298,0.0));
#5494=CARTESIAN_POINT('',(-47.617276513466599,-29.608521102841099,0.0));
#5495=CARTESIAN_POINT('',(-47.817067306985336,-29.592654505285200,0.0));
#5496=CARTESIAN_POINT('',(-48.016395809782750,-29.576824621036749,0.0));
#5497=CARTESIAN_POINT('',(-48.199792750745047,-29.527261913190440,0.0));
#5498=CARTESIAN_POINT('',(-48.566414297621399,-29.428183070748251,0.0));
#5499=CARTESIAN_POINT('',(-48.877288025359249,-29.193400305523291,0.0));
#5500=CARTESIAN_POINT('',(-49.033611106662001,-29.075339620357600,0.0));
#5501=CARTESIAN_POINT('',(-49.171772703697748,-28.927566421124890,0.0));
#5502=CARTESIAN_POINT('',(-49.309760863922200,-28.779978724325741,0.0));
#5503=CARTESIAN_POINT('',(-49.413822361808712,-28.618592084144840,0.0));
#5504=CARTESIAN_POINT('',(-49.621071573834499,-28.297173935374040,0.0));
#5505=CARTESIAN_POINT('',(-49.692954973130497,-27.919000945399489,0.0));
#5506=CARTESIAN_POINT('',(-49.728911831110551,-27.729834703602840,0.0));
#5507=CARTESIAN_POINT('',(-49.731247471338548,-27.526602367349899,0.0));
#5508=CARTESIAN_POINT('',(-49.731400558978883,-27.513281669058379,0.0));
#5509=CARTESIAN_POINT('',(-49.731405859824719,-27.500000003452978,0.0));
#5510=B_SPLINE_CURVE_WITH_KNOTS('',2,(#5477,#5478,#5479,#5480,#5481,#5482,#5483,#5484,#5485,#5486,#5487,#5488,#5489,#5490,#5491,#5492,#5493,#5494,#5495,#5496,#5497,#5498,#5499,#5500,#5501,#5502,#5503,#5504,#5505,#5506,#5507,#5508,#5509),.UNSPECIFIED.,.F.,.U.,(3,2,2,2,2,2,2,2,2,2,2,2,2,2,2,2,3),(0.0,0.015625000000000,0.031250000000000,0.062500000000000,0.093750000000000,0.125000000000000,0.156250000000000,0.187500000000000,0.250000000000000,0.281250000000000,0.312500000000000,0.375000000000000,0.406250000000000,0.437500000000000,0.500000000000000,0.531250000000000,0.533313046759355),.UNSPECIFIED.);
#5511=EDGE_CURVE('',#5430,#5420,#5510,.T.);
#5512=ORIENTED_EDGE('',*,*,#5511,.F.);
#5513=ORIENTED_EDGE('',*,*,#5435,.F.);
#5514=EDGE_LOOP('',(#5475,#5476,#5512,#5513));
#5515=FACE_OUTER_BOUND('',#5514,.T.);
#5516=ADVANCED_FACE('',(#5515),#5418,.F.);
#5517=CARTESIAN_POINT('',(-83.0,50.0,-8.800000000000001));
#5518=DIRECTION('',(0.0,0.0,1.0));
#5519=DIRECTION('',(1.0,0.0,0.0));
#5520=AXIS2_PLACEMENT_3D('',#5517,#5518,#5519);
#5521=CYLINDRICAL_SURFACE('',#5520,2.750000000000000);
#5522=CARTESIAN_POINT('',(-85.750000000000000,50.0,0.0));
#5523=VERTEX_POINT('',#5522);
#5524=CARTESIAN_POINT('',(-80.250000000000000,50.0,0.0));
#5525=VERTEX_POINT('',#5524);
#5526=CARTESIAN_POINT('',(-85.750000000000000,50.0,0.0));
#5527=CARTESIAN_POINT('',(-85.740360341088831,50.185439489144997,0.0));
#5528=CARTESIAN_POINT('',(-85.732841373112706,50.277617846051001,0.0));
#5529=CARTESIAN_POINT('',(-85.720401614958789,50.430122348075997,0.0));
#5530=CARTESIAN_POINT('',(-85.699658978016458,50.548691714213611,0.0));
#5531=CARTESIAN_POINT('',(-85.655775300337808,50.799540237505013,0.0));
#5532=CARTESIAN_POINT('',(-85.548635912065762,51.055679560328812,0.0));
#5533=CARTESIAN_POINT('',(-85.445458859223507,51.302346083931397,0.0));
#5534=CARTESIAN_POINT('',(-85.296930802147955,51.520963538345207,0.0));
#5535=CARTESIAN_POINT('',(-85.146053335561959,51.743039072913412,0.0));
#5536=CARTESIAN_POINT('',(-84.944543648263007,51.944543648263007,0.0));
#5537=CARTESIAN_POINT('',(-84.139269017771966,52.749797850341018,0.0));
#5538=CARTESIAN_POINT('',(-83.0,52.750000000000007,0.0));
#5539=CARTESIAN_POINT('',(-81.861704966601536,52.750201976837197,0.0));
#5540=CARTESIAN_POINT('',(-81.055456351736964,51.944543648263007,0.0));
#5541=CARTESIAN_POINT('',(-80.854658481419492,51.743892789956199,0.0));
#5542=CARTESIAN_POINT('',(-80.703069197852045,51.520963538345207,0.0));
#5543=CARTESIAN_POINT('',(-80.555031364224305,51.303257097071203,0.0));
#5544=CARTESIAN_POINT('',(-80.451364087934238,51.055679560328812,0.0));
#5545=CARTESIAN_POINT('',(-80.344526065887862,50.800529668528199,0.0));
#5546=CARTESIAN_POINT('',(-80.300341021983556,50.548691714213611,0.0));
#5547=CARTESIAN_POINT('',(-80.279718848062402,50.431153161913599,0.0));
#5548=CARTESIAN_POINT('',(-80.267158626887294,50.277617846051001,0.0));
#5549=CARTESIAN_POINT('',(-80.259677728221376,50.186171833787597,0.0));
#5550=CARTESIAN_POINT('',(-80.250000000000000,50.0,0.0));
#5551=B_SPLINE_CURVE_WITH_KNOTS('',2,(#5526,#5527,#5528,#5529,#5530,#5531,#5532,#5533,#5534,#5535,#5536,#5537,#5538,#5539,#5540,#5541,#5542,#5543,#5544,#5545,#5546,#5547,#5548,#5549,#5550),.UNSPECIFIED.,.F.,.U.,(3,2,2,2,2,2,2,2,2,2,2,2,3),(0.0,0.031250000000000,0.062500000000000,0.125000000000000,0.187500000000000,0.250000000000000,0.500000000000000,0.750000000000000,0.812500000000000,0.875000000000000,0.937500000000000,0.968750000000000,1.0),.UNSPECIFIED.);
#5552=EDGE_CURVE('',#5523,#5525,#5551,.T.);
#5553=ORIENTED_EDGE('',*,*,#5552,.F.);
#5554=CARTESIAN_POINT('',(-85.750000000000000,50.0,-4.0));
#5555=DIRECTION('',(0.0,0.0,1.0));
#5556=VECTOR('',#5555,1.0);
#5557=LINE('',#5554,#5556);
#5558=EDGE_CURVE('',#1190,#5523,#5557,.T.);
#5559=ORIENTED_EDGE('',*,*,#5558,.F.);
#5560=ORIENTED_EDGE('',*,*,#1217,.F.);
#5561=CARTESIAN_POINT('',(-80.250000000000000,50.0,-4.0));
#5562=DIRECTION('',(0.0,0.0,-1.0));
#5563=VECTOR('',#5562,1.0);
#5564=LINE('',#5561,#5563);
#5565=EDGE_CURVE('',#5525,#1188,#5564,.T.);
#5566=ORIENTED_EDGE('',*,*,#5565,.F.);
#5567=EDGE_LOOP('',(#5553,#5559,#5560,#5566));
#5568=FACE_OUTER_BOUND('',#5567,.T.);
#5569=ADVANCED_FACE('',(#5568),#5521,.F.);
#5570=CARTESIAN_POINT('',(-80.250000000000000,25.0,-8.0));
#5571=DIRECTION('',(-1.0,0.0,0.0));
#5572=DIRECTION('',(0.0,0.0,1.0));
#5573=AXIS2_PLACEMENT_3D('',#5570,#5571,#5572);
#5574=PLANE('',#5573);
#5575=CARTESIAN_POINT('',(-80.250000000000000,25.0,0.0));
#5576=VERTEX_POINT('',#5575);
#5577=CARTESIAN_POINT('',(-80.250000000000000,25.0,-4.0));
#5578=DIRECTION('',(0.0,0.0,-1.0));
#5579=VECTOR('',#5578,1.0);
#5580=LINE('',#5577,#5579);
#5581=EDGE_CURVE('',#1228,#5576,#5580,.F.);
#5582=ORIENTED_EDGE('',*,*,#5581,.T.);
#5583=CARTESIAN_POINT('',(-80.250000000000000,-5.0,0.0));
#5584=DIRECTION('',(0.0,-1.0,0.0));
#5585=VECTOR('',#5584,1.0);
#5586=LINE('',#5583,#5585);
#5587=EDGE_CURVE('',#5525,#5576,#5586,.T.);
#5588=ORIENTED_EDGE('',*,*,#5587,.F.);
#5589=ORIENTED_EDGE('',*,*,#5565,.T.);
#5590=ORIENTED_EDGE('',*,*,#1261,.T.);
#5591=EDGE_LOOP('',(#5582,#5588,#5589,#5590));
#5592=FACE_OUTER_BOUND('',#5591,.T.);
#5593=ADVANCED_FACE('',(#5592),#5574,.T.);
#5594=CARTESIAN_POINT('',(-83.0,25.0,-8.800000000000001));
#5595=DIRECTION('',(0.0,0.0,1.0));
#5596=DIRECTION('',(1.0,0.0,0.0));
#5597=AXIS2_PLACEMENT_3D('',#5594,#5595,#5596);
#5598=CYLINDRICAL_SURFACE('',#5597,2.750000000000000);
#5599=CARTESIAN_POINT('',(-85.750000000000000,25.0,0.0));
#5600=VERTEX_POINT('',#5599);
#5601=CARTESIAN_POINT('',(-80.250000000000000,25.000000000000011,0.0));
#5602=CARTESIAN_POINT('',(-80.259639658924357,24.814560510693500,0.0));
#5603=CARTESIAN_POINT('',(-80.267158626887294,24.722382153948910,0.0));
#5604=CARTESIAN_POINT('',(-80.279598385041240,24.569877651923811,0.0));
#5605=CARTESIAN_POINT('',(-80.300341021983527,24.451308285786300,0.0));
#5606=CARTESIAN_POINT('',(-80.344224699659478,24.200459762510409,0.0));
#5607=CARTESIAN_POINT('',(-80.451364087934238,23.944320439671209,0.0));
#5608=CARTESIAN_POINT('',(-80.554541140767185,23.697653916082309,0.0));
#5609=CARTESIAN_POINT('',(-80.703069197852045,23.479036461654811,0.0));
#5610=CARTESIAN_POINT('',(-80.853946664445573,23.256960927075401,0.0));
#5611=CARTESIAN_POINT('',(-81.055456351736964,23.055456351737000,0.0));
#5612=CARTESIAN_POINT('',(-81.860730982285588,22.250202149615799,0.0));
#5613=CARTESIAN_POINT('',(-83.0,22.250000000000011,0.0));
#5614=CARTESIAN_POINT('',(-84.138295033470413,22.249798023206012,0.0));
#5615=CARTESIAN_POINT('',(-84.944543648263036,23.055456351737000,0.0));
#5616=CARTESIAN_POINT('',(-85.145341518569992,23.256107210040401,0.0));
#5617=CARTESIAN_POINT('',(-85.296930802147983,23.479036461654811,0.0));
#5618=CARTESIAN_POINT('',(-85.444968635736217,23.696742902858809,0.0));
#5619=CARTESIAN_POINT('',(-85.548635912065791,23.944320439671209,0.0));
#5620=CARTESIAN_POINT('',(-85.655473934097841,24.199470331412510,0.0));
#5621=CARTESIAN_POINT('',(-85.699658978016487,24.451308285786300,0.0));
#5622=CARTESIAN_POINT('',(-85.720281151935694,24.568846838064712,0.0));
#5623=CARTESIAN_POINT('',(-85.732841373112706,24.722382153948910,0.0));
#5624=CARTESIAN_POINT('',(-85.740322271797424,24.813828166440800,0.0));
#5625=CARTESIAN_POINT('',(-85.750000000000000,25.000000000000011,0.0));
#5626=B_SPLINE_CURVE_WITH_KNOTS('',2,(#5601,#5602,#5603,#5604,#5605,#5606,#5607,#5608,#5609,#5610,#5611,#5612,#5613,#5614,#5615,#5616,#5617,#5618,#5619,#5620,#5621,#5622,#5623,#5624,#5625),.UNSPECIFIED.,.F.,.U.,(3,2,2,2,2,2,2,2,2,2,2,2,3),(0.0,0.031250000000000,0.062500000000000,0.125000000000000,0.187500000000000,0.250000000000000,0.500000000000000,0.750000000000000,0.812500000000000,0.875000000000000,0.937500000000000,0.968750000000000,1.0),.UNSPECIFIED.);
#5627=EDGE_CURVE('',#5576,#5600,#5626,.T.);
#5628=ORIENTED_EDGE('',*,*,#5627,.F.);
#5629=ORIENTED_EDGE('',*,*,#5581,.F.);
#5630=ORIENTED_EDGE('',*,*,#1255,.F.);
#5631=CARTESIAN_POINT('',(-85.750000000000000,25.0,-4.0));
#5632=DIRECTION('',(0.0,0.0,-1.0));
#5633=VECTOR('',#5632,1.0);
#5634=LINE('',#5631,#5633);
#5635=EDGE_CURVE('',#5600,#1220,#5634,.T.);
#5636=ORIENTED_EDGE('',*,*,#5635,.F.);
#5637=EDGE_LOOP('',(#5628,#5629,#5630,#5636));
#5638=FACE_OUTER_BOUND('',#5637,.T.);
#5639=ADVANCED_FACE('',(#5638),#5598,.F.);
#5640=CARTESIAN_POINT('',(-85.750000000000000,25.0,0.0));
#5641=DIRECTION('',(1.0,0.0,0.0));
#5642=DIRECTION('',(0.0,0.0,-1.0));
#5643=AXIS2_PLACEMENT_3D('',#5640,#5641,#5642);
#5644=PLANE('',#5643);
#5645=ORIENTED_EDGE('',*,*,#5635,.T.);
#5646=ORIENTED_EDGE('',*,*,#1225,.T.);
#5647=ORIENTED_EDGE('',*,*,#5558,.T.);
#5648=CARTESIAN_POINT('',(-85.750000000000000,-5.0,0.0));
#5649=DIRECTION('',(0.0,1.0,0.0));
#5650=VECTOR('',#5649,1.0);
#5651=LINE('',#5648,#5650);
#5652=EDGE_CURVE('',#5600,#5523,#5651,.T.);
#5653=ORIENTED_EDGE('',*,*,#5652,.F.);
#5654=EDGE_LOOP('',(#5645,#5646,#5647,#5653));
#5655=FACE_OUTER_BOUND('',#5654,.T.);
#5656=ADVANCED_FACE('',(#5655),#5644,.T.);
#5657=CARTESIAN_POINT('',(-83.0,-25.0,-8.800000000000001));
#5658=DIRECTION('',(0.0,0.0,1.0));
#5659=DIRECTION('',(1.0,0.0,0.0));
#5660=AXIS2_PLACEMENT_3D('',#5657,#5658,#5659);
#5661=CYLINDRICAL_SURFACE('',#5660,2.750000000000000);
#5662=CARTESIAN_POINT('',(-85.750000000000000,-25.0,0.0));
#5663=VERTEX_POINT('',#5662);
#5664=CARTESIAN_POINT('',(-80.250000000000000,-25.0,0.0));
#5665=VERTEX_POINT('',#5664);
#5666=CARTESIAN_POINT('',(-85.750000000000000,-24.999999999999989,0.0));
#5667=CARTESIAN_POINT('',(-85.740360341089257,-24.814560510863188,0.0));
#5668=CARTESIAN_POINT('',(-85.732841373112706,-24.722382153948899,0.0));
#5669=CARTESIAN_POINT('',(-85.720401614959300,-24.569877651925388,0.0));
#5670=CARTESIAN_POINT('',(-85.699658978016458,-24.451308285786300,0.0));
#5671=CARTESIAN_POINT('',(-85.655775300336813,-24.200459762492699,0.0));
#5672=CARTESIAN_POINT('',(-85.548635912065762,-23.944320439671198,0.0));
#5673=CARTESIAN_POINT('',(-85.445458859225383,-23.697653916073090,0.0));
#5674=CARTESIAN_POINT('',(-85.296930802147955,-23.479036461654790,0.0));
#5675=CARTESIAN_POINT('',(-85.146053335539008,-23.256960927050990,0.0));
#5676=CARTESIAN_POINT('',(-84.944543648263007,-23.055456351737000,0.0));
#5677=CARTESIAN_POINT('',(-84.139269017721602,-22.250202149658890,0.0));
#5678=CARTESIAN_POINT('',(-83.0,-22.249999999999989,0.0));
#5679=CARTESIAN_POINT('',(-81.861704966572745,-22.249798023162899,0.0));
#5680=CARTESIAN_POINT('',(-81.055456351736964,-23.055456351737000,0.0));
#5681=CARTESIAN_POINT('',(-80.854658481411704,-23.256107210058701,0.0));
#5682=CARTESIAN_POINT('',(-80.703069197852045,-23.479036461654790,0.0));
#5683=CARTESIAN_POINT('',(-80.555031364229990,-23.696742902916991,0.0));
#5684=CARTESIAN_POINT('',(-80.451364087934238,-23.944320439671198,0.0));
#5685=CARTESIAN_POINT('',(-80.344526065895167,-24.199470331452488,0.0));
#5686=CARTESIAN_POINT('',(-80.300341021983556,-24.451308285786300,0.0));
#5687=CARTESIAN_POINT('',(-80.279718848063993,-24.568846838066701,0.0));
#5688=CARTESIAN_POINT('',(-80.267158626887294,-24.722382153948899,0.0));
#5689=CARTESIAN_POINT('',(-80.259677728221376,-24.813828166212289,0.0));
#5690=CARTESIAN_POINT('',(-80.250000000000000,-24.999999999999989,0.0));
#5691=B_SPLINE_CURVE_WITH_KNOTS('',2,(#5666,#5667,#5668,#5669,#5670,#5671,#5672,#5673,#5674,#5675,#5676,#5677,#5678,#5679,#5680,#5681,#5682,#5683,#5684,#5685,#5686,#5687,#5688,#5689,#5690),.UNSPECIFIED.,.F.,.U.,(3,2,2,2,2,2,2,2,2,2,2,2,3),(0.0,0.031250000000000,0.062500000000000,0.125000000000000,0.187500000000000,0.250000000000000,0.500000000000000,0.750000000000000,0.812500000000000,0.875000000000000,0.937500000000000,0.968750000000000,1.0),.UNSPECIFIED.);
#5692=EDGE_CURVE('',#5663,#5665,#5691,.T.);
#5693=ORIENTED_EDGE('',*,*,#5692,.F.);
#5694=CARTESIAN_POINT('',(-85.750000000000000,-25.0,-4.0));
#5695=DIRECTION('',(0.0,0.0,1.0));
#5696=VECTOR('',#5695,1.0);
#5697=LINE('',#5694,#5696);
#5698=EDGE_CURVE('',#1268,#5663,#5697,.T.);
#5699=ORIENTED_EDGE('',*,*,#5698,.F.);
#5700=ORIENTED_EDGE('',*,*,#1295,.F.);
#5701=CARTESIAN_POINT('',(-80.250000000000000,-25.0,-4.0));
#5702=DIRECTION('',(0.0,0.0,-1.0));
#5703=VECTOR('',#5702,1.0);
#5704=LINE('',#5701,#5703);
#5705=EDGE_CURVE('',#5665,#1266,#5704,.T.);
#5706=ORIENTED_EDGE('',*,*,#5705,.F.);
#5707=EDGE_LOOP('',(#5693,#5699,#5700,#5706));
#5708=FACE_OUTER_BOUND('',#5707,.T.);
#5709=ADVANCED_FACE('',(#5708),#5661,.F.);
#5710=CARTESIAN_POINT('',(-80.250000000000000,-50.0,-8.0));
#5711=DIRECTION('',(-1.0,0.0,0.0));
#5712=DIRECTION('',(0.0,0.0,1.0));
#5713=AXIS2_PLACEMENT_3D('',#5710,#5711,#5712);
#5714=PLANE('',#5713);
#5715=CARTESIAN_POINT('',(-80.250000000000000,-50.0,0.0));
#5716=VERTEX_POINT('',#5715);
#5717=CARTESIAN_POINT('',(-80.250000000000000,-50.0,-4.0));
#5718=DIRECTION('',(0.0,0.0,-1.0));
#5719=VECTOR('',#5718,1.0);
#5720=LINE('',#5717,#5719);
#5721=EDGE_CURVE('',#1306,#5716,#5720,.F.);
#5722=ORIENTED_EDGE('',*,*,#5721,.T.);
#5723=CARTESIAN_POINT('',(-80.250000000000000,-5.0,0.0));
#5724=DIRECTION('',(0.0,-1.0,0.0));
#5725=VECTOR('',#5724,1.0);
#5726=LINE('',#5723,#5725);
#5727=EDGE_CURVE('',#5665,#5716,#5726,.T.);
#5728=ORIENTED_EDGE('',*,*,#5727,.F.);
#5729=ORIENTED_EDGE('',*,*,#5705,.T.);
#5730=ORIENTED_EDGE('',*,*,#1339,.T.);
#5731=EDGE_LOOP('',(#5722,#5728,#5729,#5730));
#5732=FACE_OUTER_BOUND('',#5731,.T.);
#5733=ADVANCED_FACE('',(#5732),#5714,.T.);
#5734=CARTESIAN_POINT('',(-83.0,-50.0,-8.800000000000001));
#5735=DIRECTION('',(0.0,0.0,1.0));
#5736=DIRECTION('',(1.0,0.0,0.0));
#5737=AXIS2_PLACEMENT_3D('',#5734,#5735,#5736);
#5738=CYLINDRICAL_SURFACE('',#5737,2.750000000000000);
#5739=CARTESIAN_POINT('',(-85.750000000000000,-50.0,0.0));
#5740=VERTEX_POINT('',#5739);
#5741=CARTESIAN_POINT('',(-80.250000000000000,-49.999999999999993,0.0));
#5742=CARTESIAN_POINT('',(-80.259639658908938,-50.185439489100588,0.0));
#5743=CARTESIAN_POINT('',(-80.267158626887294,-50.277617846051037,0.0));
#5744=CARTESIAN_POINT('',(-80.279598385038341,-50.430122348068302,0.0));
#5745=CARTESIAN_POINT('',(-80.300341021983584,-50.548691714213703,0.0));
#5746=CARTESIAN_POINT('',(-80.344224699665261,-50.799540237503301,0.0));
#5747=CARTESIAN_POINT('',(-80.451364087934238,-51.055679560328748,0.0));
#5748=CARTESIAN_POINT('',(-80.554541140765295,-51.302346083913143,0.0));
#5749=CARTESIAN_POINT('',(-80.703069197852059,-51.520963538345192,0.0));
#5750=CARTESIAN_POINT('',(-80.853946664453375,-51.743039072937698,0.0));
#5751=CARTESIAN_POINT('',(-81.055456351736993,-51.944543648262993,0.0));
#5752=CARTESIAN_POINT('',(-81.860730982264002,-52.749797850340990,0.0));
#5753=CARTESIAN_POINT('',(-83.0,-52.749999999999993,0.0));
#5754=CARTESIAN_POINT('',(-84.138295033434432,-52.750201976837097,0.0));
#5755=CARTESIAN_POINT('',(-84.944543648263007,-51.944543648262993,0.0));
#5756=CARTESIAN_POINT('',(-85.145341518588594,-51.743892789939139,0.0));
#5757=CARTESIAN_POINT('',(-85.296930802147955,-51.520963538345150,0.0));
#5758=CARTESIAN_POINT('',(-85.444968635772113,-51.303257097081399,0.0));
#5759=CARTESIAN_POINT('',(-85.548635912065734,-51.055679560328748,0.0));
#5760=CARTESIAN_POINT('',(-85.655473934105999,-50.800529668540896,0.0));
#5761=CARTESIAN_POINT('',(-85.699658978016458,-50.548691714213703,0.0));
#5762=CARTESIAN_POINT('',(-85.720281151936263,-50.431153161931853,0.0));
#5763=CARTESIAN_POINT('',(-85.732841373112677,-50.277617846051037,0.0));
#5764=CARTESIAN_POINT('',(-85.740322271798306,-50.186171833545750,0.0));
#5765=CARTESIAN_POINT('',(-85.750000000000000,-49.999999999999993,0.0));
#5766=B_SPLINE_CURVE_WITH_KNOTS('',2,(#5741,#5742,#5743,#5744,#5745,#5746,#5747,#5748,#5749,#5750,#5751,#5752,#5753,#5754,#5755,#5756,#5757,#5758,#5759,#5760,#5761,#5762,#5763,#5764,#5765),.UNSPECIFIED.,.F.,.U.,(3,2,2,2,2,2,2,2,2,2,2,2,3),(0.0,0.031250000000000,0.062500000000000,0.125000000000000,0.187500000000000,0.250000000000000,0.500000000000000,0.750000000000000,0.812500000000000,0.875000000000000,0.937500000000000,0.968750000000000,1.0),.UNSPECIFIED.);
#5767=EDGE_CURVE('',#5716,#5740,#5766,.T.);
#5768=ORIENTED_EDGE('',*,*,#5767,.F.);
#5769=ORIENTED_EDGE('',*,*,#5721,.F.);
#5770=ORIENTED_EDGE('',*,*,#1333,.F.);
#5771=CARTESIAN_POINT('',(-85.750000000000000,-50.0,-4.0));
#5772=DIRECTION('',(0.0,0.0,-1.0));
#5773=VECTOR('',#5772,1.0);
#5774=LINE('',#5771,#5773);
#5775=EDGE_CURVE('',#5740,#1298,#5774,.T.);
#5776=ORIENTED_EDGE('',*,*,#5775,.F.);
#5777=EDGE_LOOP('',(#5768,#5769,#5770,#5776));
#5778=FACE_OUTER_BOUND('',#5777,.T.);
#5779=ADVANCED_FACE('',(#5778),#5738,.F.);
#5780=CARTESIAN_POINT('',(-85.750000000000000,-50.0,0.0));
#5781=DIRECTION('',(1.0,0.0,0.0));
#5782=DIRECTION('',(0.0,0.0,-1.0));
#5783=AXIS2_PLACEMENT_3D('',#5780,#5781,#5782);
#5784=PLANE('',#5783);
#5785=ORIENTED_EDGE('',*,*,#5775,.T.);
#5786=ORIENTED_EDGE('',*,*,#1303,.T.);
#5787=ORIENTED_EDGE('',*,*,#5698,.T.);
#5788=CARTESIAN_POINT('',(-85.750000000000000,-5.0,0.0));
#5789=DIRECTION('',(0.0,1.0,0.0));
#5790=VECTOR('',#5789,1.0);
#5791=LINE('',#5788,#5790);
#5792=EDGE_CURVE('',#5740,#5663,#5791,.T.);
#5793=ORIENTED_EDGE('',*,*,#5792,.F.);
#5794=EDGE_LOOP('',(#5785,#5786,#5787,#5793));
#5795=FACE_OUTER_BOUND('',#5794,.T.);
#5796=ADVANCED_FACE('',(#5795),#5784,.T.);
#5797=CARTESIAN_POINT('',(83.0,-25.0,-8.800000000000001));
#5798=DIRECTION('',(0.0,0.0,1.0));
#5799=DIRECTION('',(1.0,0.0,0.0));
#5800=AXIS2_PLACEMENT_3D('',#5797,#5798,#5799);
#5801=CYLINDRICAL_SURFACE('',#5800,2.750000000000000);
#5802=CARTESIAN_POINT('',(80.250000000000000,-25.0,0.0));
#5803=VERTEX_POINT('',#5802);
#5804=CARTESIAN_POINT('',(85.750000000000000,-25.0,0.0));
#5805=VERTEX_POINT('',#5804);
#5806=CARTESIAN_POINT('',(80.249999999999986,-24.999999999999989,0.0));
#5807=CARTESIAN_POINT('',(80.259639658901989,-24.814560510941192,0.0));
#5808=CARTESIAN_POINT('',(80.267158626887493,-24.722382153948899,0.0));
#5809=CARTESIAN_POINT('',(80.279598385045006,-24.569877651921988,0.0));
#5810=CARTESIAN_POINT('',(80.300341021983499,-24.451308285786300,0.0));
#5811=CARTESIAN_POINT('',(80.344224699655015,-24.200459762494301,0.0));
#5812=CARTESIAN_POINT('',(80.451364087934493,-23.944320439671198,0.0));
#5813=CARTESIAN_POINT('',(80.554541140793489,-23.697653916045489,0.0));
#5814=CARTESIAN_POINT('',(80.703069197852003,-23.479036461654790,0.0));
#5815=CARTESIAN_POINT('',(80.853946664438013,-23.256960927084702,0.0));
#5816=CARTESIAN_POINT('',(81.055456351736993,-23.055456351737000,0.0));
#5817=CARTESIAN_POINT('',(81.860730982221014,-22.250202149673289,0.0));
#5818=CARTESIAN_POINT('',(82.999999999999986,-22.249999999999989,0.0));
#5819=CARTESIAN_POINT('',(84.138295033405498,-22.249798023148500,0.0));
#5820=CARTESIAN_POINT('',(84.944543648263007,-23.055456351737000,0.0));
#5821=CARTESIAN_POINT('',(85.145341518595487,-23.256107210063991,0.0));
#5822=CARTESIAN_POINT('',(85.296930802148012,-23.479036461654790,0.0));
#5823=CARTESIAN_POINT('',(85.444968635773506,-23.696742902927291,0.0));
#5824=CARTESIAN_POINT('',(85.548635912065990,-23.944320439671198,0.0));
#5825=CARTESIAN_POINT('',(85.655473934104492,-24.199470331449390,0.0));
#5826=CARTESIAN_POINT('',(85.699658978016515,-24.451308285786300,0.0));
#5827=CARTESIAN_POINT('',(85.720281151943496,-24.568846838110002,0.0));
#5828=CARTESIAN_POINT('',(85.732841373112493,-24.722382153948899,0.0));
#5829=CARTESIAN_POINT('',(85.740322271808495,-24.813828166608499,0.0));
#5830=CARTESIAN_POINT('',(85.750000000000000,-24.999999999999989,0.0));
#5831=B_SPLINE_CURVE_WITH_KNOTS('',2,(#5806,#5807,#5808,#5809,#5810,#5811,#5812,#5813,#5814,#5815,#5816,#5817,#5818,#5819,#5820,#5821,#5822,#5823,#5824,#5825,#5826,#5827,#5828,#5829,#5830),.UNSPECIFIED.,.F.,.U.,(3,2,2,2,2,2,2,2,2,2,2,2,3),(0.0,0.031250000000000,0.062500000000000,0.125000000000000,0.187500000000000,0.250000000000000,0.500000000000000,0.750000000000000,0.812500000000000,0.875000000000000,0.937500000000000,0.968750000000000,1.0),.UNSPECIFIED.);
#5832=EDGE_CURVE('',#5803,#5805,#5831,.T.);
#5833=ORIENTED_EDGE('',*,*,#5832,.F.);
#5834=CARTESIAN_POINT('',(80.250000000000000,-25.0,-4.0));
#5835=DIRECTION('',(0.0,0.0,1.0));
#5836=VECTOR('',#5835,1.0);
#5837=LINE('',#5834,#5836);
#5838=EDGE_CURVE('',#1346,#5803,#5837,.T.);
#5839=ORIENTED_EDGE('',*,*,#5838,.F.);
#5840=ORIENTED_EDGE('',*,*,#1373,.F.);
#5841=CARTESIAN_POINT('',(85.750000000000000,-25.0,-4.0));
#5842=DIRECTION('',(0.0,0.0,-1.0));
#5843=VECTOR('',#5842,1.0);
#5844=LINE('',#5841,#5843);
#5845=EDGE_CURVE('',#5805,#1344,#5844,.T.);
#5846=ORIENTED_EDGE('',*,*,#5845,.F.);
#5847=EDGE_LOOP('',(#5833,#5839,#5840,#5846));
#5848=FACE_OUTER_BOUND('',#5847,.T.);
#5849=ADVANCED_FACE('',(#5848),#5801,.F.);
#5850=CARTESIAN_POINT('',(85.750000000000000,-50.0,-8.0));
#5851=DIRECTION('',(-1.0,0.0,0.0));
#5852=DIRECTION('',(0.0,0.0,1.0));
#5853=AXIS2_PLACEMENT_3D('',#5850,#5851,#5852);
#5854=PLANE('',#5853);
#5855=CARTESIAN_POINT('',(85.750000000000000,-50.0,0.0));
#5856=VERTEX_POINT('',#5855);
#5857=CARTESIAN_POINT('',(85.750000000000000,-50.0,-4.0));
#5858=DIRECTION('',(0.0,0.0,-1.0));
#5859=VECTOR('',#5858,1.0);
#5860=LINE('',#5857,#5859);
#5861=EDGE_CURVE('',#1384,#5856,#5860,.F.);
#5862=ORIENTED_EDGE('',*,*,#5861,.T.);
#5863=CARTESIAN_POINT('',(85.750000000000000,-5.0,0.0));
#5864=DIRECTION('',(0.0,-1.0,0.0));
#5865=VECTOR('',#5864,1.0);
#5866=LINE('',#5863,#5865);
#5867=EDGE_CURVE('',#5805,#5856,#5866,.T.);
#5868=ORIENTED_EDGE('',*,*,#5867,.F.);
#5869=ORIENTED_EDGE('',*,*,#5845,.T.);
#5870=ORIENTED_EDGE('',*,*,#1417,.T.);
#5871=EDGE_LOOP('',(#5862,#5868,#5869,#5870));
#5872=FACE_OUTER_BOUND('',#5871,.T.);
#5873=ADVANCED_FACE('',(#5872),#5854,.T.);
#5874=CARTESIAN_POINT('',(83.0,-50.0,-8.800000000000001));
#5875=DIRECTION('',(0.0,0.0,1.0));
#5876=DIRECTION('',(1.0,0.0,0.0));
#5877=AXIS2_PLACEMENT_3D('',#5874,#5875,#5876);
#5878=CYLINDRICAL_SURFACE('',#5877,2.750000000000000);
#5879=CARTESIAN_POINT('',(80.250000000000000,-50.0,0.0));
#5880=VERTEX_POINT('',#5879);
#5881=CARTESIAN_POINT('',(85.750000000000000,-49.999999999999993,0.0));
#5882=CARTESIAN_POINT('',(85.740360341093506,-50.185439489056698,0.0));
#5883=CARTESIAN_POINT('',(85.732841373112493,-50.277617846051093,0.0));
#5884=CARTESIAN_POINT('',(85.720401614969489,-50.430122347997703,0.0));
#5885=CARTESIAN_POINT('',(85.699658978016515,-50.548691714213703,0.0));
#5886=CARTESIAN_POINT('',(85.655775300350015,-50.799540237474247,0.0));
#5887=CARTESIAN_POINT('',(85.548635912065990,-51.055679560328748,0.0));
#5888=CARTESIAN_POINT('',(85.445458859236524,-51.302346083902243,0.0));
#5889=CARTESIAN_POINT('',(85.296930802148012,-51.520963538345192,0.0));
#5890=CARTESIAN_POINT('',(85.146053335564986,-51.743039072919593,0.0));
#5891=CARTESIAN_POINT('',(84.944543648263007,-51.944543648262993,0.0));
#5892=CARTESIAN_POINT('',(84.139269017735998,-52.749797850340990,0.0));
#5893=CARTESIAN_POINT('',(82.999999999999986,-52.749999999999993,0.0));
#5894=CARTESIAN_POINT('',(81.861704966579993,-52.750201976837097,0.0));
#5895=CARTESIAN_POINT('',(81.055456351736993,-51.944543648262993,0.0));
#5896=CARTESIAN_POINT('',(80.854658481426512,-51.743892789957791,0.0));
#5897=CARTESIAN_POINT('',(80.703069197852003,-51.520963538345192,0.0));
#5898=CARTESIAN_POINT('',(80.555031364239497,-51.303257097101898,0.0));
#5899=CARTESIAN_POINT('',(80.451364087934493,-51.055679560328748,0.0));
#5900=CARTESIAN_POINT('',(80.344526065896005,-50.800529668553601,0.0));
#5901=CARTESIAN_POINT('',(80.300341021983499,-50.548691714213703,0.0));
#5902=CARTESIAN_POINT('',(80.279718848063510,-50.431153161931853,0.0));
#5903=CARTESIAN_POINT('',(80.267158626887493,-50.277617846051037,0.0));
#5904=CARTESIAN_POINT('',(80.259677728207990,-50.186171833624591,0.0));
#5905=CARTESIAN_POINT('',(80.249999999999986,-49.999999999999993,0.0));
#5906=B_SPLINE_CURVE_WITH_KNOTS('',2,(#5881,#5882,#5883,#5884,#5885,#5886,#5887,#5888,#5889,#5890,#5891,#5892,#5893,#5894,#5895,#5896,#5897,#5898,#5899,#5900,#5901,#5902,#5903,#5904,#5905),.UNSPECIFIED.,.F.,.U.,(3,2,2,2,2,2,2,2,2,2,2,2,3),(0.0,0.031250000000000,0.062500000000000,0.125000000000000,0.187500000000000,0.250000000000000,0.500000000000000,0.750000000000000,0.812500000000000,0.875000000000000,0.937500000000000,0.968750000000000,1.0),.UNSPECIFIED.);
#5907=EDGE_CURVE('',#5856,#5880,#5906,.T.);
#5908=ORIENTED_EDGE('',*,*,#5907,.F.);
#5909=ORIENTED_EDGE('',*,*,#5861,.F.);
#5910=ORIENTED_EDGE('',*,*,#1411,.F.);
#5911=CARTESIAN_POINT('',(80.250000000000000,-50.0,-4.0));
#5912=DIRECTION('',(0.0,0.0,-1.0));
#5913=VECTOR('',#5912,1.0);
#5914=LINE('',#5911,#5913);
#5915=EDGE_CURVE('',#5880,#1376,#5914,.T.);
#5916=ORIENTED_EDGE('',*,*,#5915,.F.);
#5917=EDGE_LOOP('',(#5908,#5909,#5910,#5916));
#5918=FACE_OUTER_BOUND('',#5917,.T.);
#5919=ADVANCED_FACE('',(#5918),#5878,.F.);
#5920=CARTESIAN_POINT('',(80.250000000000000,-50.0,0.0));
#5921=DIRECTION('',(1.0,0.0,0.0));
#5922=DIRECTION('',(0.0,0.0,-1.0));
#5923=AXIS2_PLACEMENT_3D('',#5920,#5921,#5922);
#5924=PLANE('',#5923);
#5925=ORIENTED_EDGE('',*,*,#5915,.T.);
#5926=ORIENTED_EDGE('',*,*,#1381,.T.);
#5927=ORIENTED_EDGE('',*,*,#5838,.T.);
#5928=CARTESIAN_POINT('',(80.250000000000000,-5.0,0.0));
#5929=DIRECTION('',(0.0,1.0,0.0));
#5930=VECTOR('',#5929,1.0);
#5931=LINE('',#5928,#5930);
#5932=EDGE_CURVE('',#5880,#5803,#5931,.T.);
#5933=ORIENTED_EDGE('',*,*,#5932,.F.);
#5934=EDGE_LOOP('',(#5925,#5926,#5927,#5933));
#5935=FACE_OUTER_BOUND('',#5934,.T.);
#5936=ADVANCED_FACE('',(#5935),#5924,.T.);
#5937=CARTESIAN_POINT('',(83.0,50.0,-8.800000000000001));
#5938=DIRECTION('',(0.0,0.0,1.0));
#5939=DIRECTION('',(1.0,0.0,0.0));
#5940=AXIS2_PLACEMENT_3D('',#5937,#5938,#5939);
#5941=CYLINDRICAL_SURFACE('',#5940,2.750000000000000);
#5942=CARTESIAN_POINT('',(80.250000000000000,50.0,0.0));
#5943=VERTEX_POINT('',#5942);
#5944=CARTESIAN_POINT('',(85.750000000000000,50.0,0.0));
#5945=VERTEX_POINT('',#5944);
#5946=CARTESIAN_POINT('',(80.249999999999986,50.0,0.0));
#5947=CARTESIAN_POINT('',(80.259639658936479,50.185439489452413,0.0));
#5948=CARTESIAN_POINT('',(80.267158626887493,50.277617846051001,0.0));
#5949=CARTESIAN_POINT('',(80.279598385038511,50.430122348042602,0.0));
#5950=CARTESIAN_POINT('',(80.300341021983499,50.548691714213611,0.0));
#5951=CARTESIAN_POINT('',(80.344224699656024,50.799540237508012,0.0));
#5952=CARTESIAN_POINT('',(80.451364087934493,51.055679560328812,0.0));
#5953=CARTESIAN_POINT('',(80.554541140794996,51.302346083959009,0.0));
#5954=CARTESIAN_POINT('',(80.703069197852003,51.520963538345207,0.0));
#5955=CARTESIAN_POINT('',(80.853946664430495,51.743039072902199,0.0));
#5956=CARTESIAN_POINT('',(81.055456351736993,51.944543648263007,0.0));
#5957=CARTESIAN_POINT('',(81.860730982242501,52.749797850369802,0.0));
#5958=CARTESIAN_POINT('',(82.999999999999986,52.750000000000007,0.0));
#5959=CARTESIAN_POINT('',(84.138295033441494,52.750201976808391,0.0));
#5960=CARTESIAN_POINT('',(84.944543648263007,51.944543648263007,0.0));
#5961=CARTESIAN_POINT('',(85.145341518583990,51.743892789949008,0.0));
#5962=CARTESIAN_POINT('',(85.296930802148012,51.520963538345207,0.0));
#5963=CARTESIAN_POINT('',(85.444968635774003,51.303257097076013,0.0));
#5964=CARTESIAN_POINT('',(85.548635912065990,51.055679560328812,0.0));
#5965=CARTESIAN_POINT('',(85.655473934106496,50.800529668541799,0.0));
#5966=CARTESIAN_POINT('',(85.699658978016515,50.548691714213611,0.0));
#5967=CARTESIAN_POINT('',(85.720281151943496,50.431153161888609,0.0));
#5968=CARTESIAN_POINT('',(85.732841373112493,50.277617846051001,0.0));
#5969=CARTESIAN_POINT('',(85.740322271808495,50.186171833394802,0.0));
#5970=CARTESIAN_POINT('',(85.750000000000000,50.0,0.0));
#5971=B_SPLINE_CURVE_WITH_KNOTS('',2,(#5946,#5947,#5948,#5949,#5950,#5951,#5952,#5953,#5954,#5955,#5956,#5957,#5958,#5959,#5960,#5961,#5962,#5963,#5964,#5965,#5966,#5967,#5968,#5969,#5970),.UNSPECIFIED.,.F.,.U.,(3,2,2,2,2,2,2,2,2,2,2,2,3),(0.0,0.031250000000000,0.062500000000000,0.125000000000000,0.187500000000000,0.250000000000000,0.500000000000000,0.750000000000000,0.812500000000000,0.875000000000000,0.937500000000000,0.968750000000000,1.0),.UNSPECIFIED.);
#5972=EDGE_CURVE('',#5943,#5945,#5971,.T.);
#5973=ORIENTED_EDGE('',*,*,#5972,.F.);
#5974=CARTESIAN_POINT('',(80.250000000000000,50.0,-4.0));
#5975=DIRECTION('',(0.0,0.0,1.0));
#5976=VECTOR('',#5975,1.0);
#5977=LINE('',#5974,#5976);
#5978=EDGE_CURVE('',#1424,#5943,#5977,.T.);
#5979=ORIENTED_EDGE('',*,*,#5978,.F.);
#5980=ORIENTED_EDGE('',*,*,#1451,.F.);
#5981=CARTESIAN_POINT('',(85.750000000000000,50.0,-4.0));
#5982=DIRECTION('',(0.0,0.0,-1.0));
#5983=VECTOR('',#5982,1.0);
#5984=LINE('',#5981,#5983);
#5985=EDGE_CURVE('',#5945,#1422,#5984,.T.);
#5986=ORIENTED_EDGE('',*,*,#5985,.F.);
#5987=EDGE_LOOP('',(#5973,#5979,#5980,#5986));
#5988=FACE_OUTER_BOUND('',#5987,.T.);
#5989=ADVANCED_FACE('',(#5988),#5941,.F.);
#5990=CARTESIAN_POINT('',(85.750000000000000,25.0,-8.0));
#5991=DIRECTION('',(-1.0,0.0,0.0));
#5992=DIRECTION('',(0.0,0.0,1.0));
#5993=AXIS2_PLACEMENT_3D('',#5990,#5991,#5992);
#5994=PLANE('',#5993);
#5995=CARTESIAN_POINT('',(85.750000000000000,25.0,0.0));
#5996=VERTEX_POINT('',#5995);
#5997=CARTESIAN_POINT('',(85.750000000000000,25.0,-4.0));
#5998=DIRECTION('',(0.0,0.0,-1.0));
#5999=VECTOR('',#5998,1.0);
#6000=LINE('',#5997,#5999);
#6001=EDGE_CURVE('',#1462,#5996,#6000,.F.);
#6002=ORIENTED_EDGE('',*,*,#6001,.T.);
#6003=CARTESIAN_POINT('',(85.750000000000000,-5.0,0.0));
#6004=DIRECTION('',(0.0,-1.0,0.0));
#6005=VECTOR('',#6004,1.0);
#6006=LINE('',#6003,#6005);
#6007=EDGE_CURVE('',#5945,#5996,#6006,.T.);
#6008=ORIENTED_EDGE('',*,*,#6007,.F.);
#6009=ORIENTED_EDGE('',*,*,#5985,.T.);
#6010=ORIENTED_EDGE('',*,*,#1495,.T.);
#6011=EDGE_LOOP('',(#6002,#6008,#6009,#6010));
#6012=FACE_OUTER_BOUND('',#6011,.T.);
#6013=ADVANCED_FACE('',(#6012),#5994,.T.);
#6014=CARTESIAN_POINT('',(83.0,25.0,-8.800000000000001));
#6015=DIRECTION('',(0.0,0.0,1.0));
#6016=DIRECTION('',(1.0,0.0,0.0));
#6017=AXIS2_PLACEMENT_3D('',#6014,#6015,#6016);
#6018=CYLINDRICAL_SURFACE('',#6017,2.750000000000000);
#6019=CARTESIAN_POINT('',(80.250000000000000,25.0,0.0));
#6020=VERTEX_POINT('',#6019);
#6021=CARTESIAN_POINT('',(85.750000000000000,25.000000000000011,0.0));
#6022=CARTESIAN_POINT('',(85.740360341088504,24.814560510850001,0.0));
#6023=CARTESIAN_POINT('',(85.732841373112990,24.722382153948910,0.0));
#6024=CARTESIAN_POINT('',(85.720401614959002,24.569877651923811,0.0));
#6025=CARTESIAN_POINT('',(85.699658978016515,24.451308285786300,0.0));
#6026=CARTESIAN_POINT('',(85.655775300338021,24.200459762495310,0.0));
#6027=CARTESIAN_POINT('',(85.548635912065990,23.944320439671209,0.0));
#6028=CARTESIAN_POINT('',(85.445458859234520,23.697653916094911,0.0));
#6029=CARTESIAN_POINT('',(85.296930802148012,23.479036461654811,0.0));
#6030=CARTESIAN_POINT('',(85.146053335560993,23.256960927074800,0.0));
#6031=CARTESIAN_POINT('',(84.944543648263007,23.055456351737000,0.0));
#6032=CARTESIAN_POINT('',(84.139269017685479,22.250202149615799,0.0));
#6033=CARTESIAN_POINT('',(82.999999999999986,22.250000000000011,0.0));
#6034=CARTESIAN_POINT('',(81.861704966500994,22.249798023206012,0.0));
#6035=CARTESIAN_POINT('',(81.055456351736993,23.055456351737000,0.0));
#6036=CARTESIAN_POINT('',(80.854658481415015,23.256107210062801,0.0));
#6037=CARTESIAN_POINT('',(80.703069197852003,23.479036461654811,0.0));
#6038=CARTESIAN_POINT('',(80.555031364244996,23.696742902886221,0.0));
#6039=CARTESIAN_POINT('',(80.451364087934493,23.944320439671209,0.0));
#6040=CARTESIAN_POINT('',(80.344526065897014,24.199470331443209,0.0));
#6041=CARTESIAN_POINT('',(80.300341021983499,24.451308285786300,0.0));
#6042=CARTESIAN_POINT('',(80.279718848064505,24.568846838064712,0.0));
#6043=CARTESIAN_POINT('',(80.267158626887493,24.722382153948910,0.0));
#6044=CARTESIAN_POINT('',(80.259677728208999,24.813828166362811,0.0));
#6045=CARTESIAN_POINT('',(80.249999999999986,25.000000000000011,0.0));
#6046=B_SPLINE_CURVE_WITH_KNOTS('',2,(#6021,#6022,#6023,#6024,#6025,#6026,#6027,#6028,#6029,#6030,#6031,#6032,#6033,#6034,#6035,#6036,#6037,#6038,#6039,#6040,#6041,#6042,#6043,#6044,#6045),.UNSPECIFIED.,.F.,.U.,(3,2,2,2,2,2,2,2,2,2,2,2,3),(0.0,0.031250000000000,0.062500000000000,0.125000000000000,0.187500000000000,0.250000000000000,0.500000000000000,0.750000000000000,0.812500000000000,0.875000000000000,0.937500000000000,0.968750000000000,1.0),.UNSPECIFIED.);
#6047=EDGE_CURVE('',#5996,#6020,#6046,.T.);
#6048=ORIENTED_EDGE('',*,*,#6047,.F.);
#6049=ORIENTED_EDGE('',*,*,#6001,.F.);
#6050=ORIENTED_EDGE('',*,*,#1489,.F.);
#6051=CARTESIAN_POINT('',(80.250000000000000,25.0,-4.0));
#6052=DIRECTION('',(0.0,0.0,-1.0));
#6053=VECTOR('',#6052,1.0);
#6054=LINE('',#6051,#6053);
#6055=EDGE_CURVE('',#6020,#1454,#6054,.T.);
#6056=ORIENTED_EDGE('',*,*,#6055,.F.);
#6057=EDGE_LOOP('',(#6048,#6049,#6050,#6056));
#6058=FACE_OUTER_BOUND('',#6057,.T.);
#6059=ADVANCED_FACE('',(#6058),#6018,.F.);
#6060=CARTESIAN_POINT('',(80.250000000000000,25.0,0.0));
#6061=DIRECTION('',(1.0,0.0,0.0));
#6062=DIRECTION('',(0.0,0.0,-1.0));
#6063=AXIS2_PLACEMENT_3D('',#6060,#6061,#6062);
#6064=PLANE('',#6063);
#6065=ORIENTED_EDGE('',*,*,#6055,.T.);
#6066=ORIENTED_EDGE('',*,*,#1459,.T.);
#6067=ORIENTED_EDGE('',*,*,#5978,.T.);
#6068=CARTESIAN_POINT('',(80.250000000000000,-5.0,0.0));
#6069=DIRECTION('',(0.0,1.0,0.0));
#6070=VECTOR('',#6069,1.0);
#6071=LINE('',#6068,#6070);
#6072=EDGE_CURVE('',#6020,#5943,#6071,.T.);
#6073=ORIENTED_EDGE('',*,*,#6072,.F.);
#6074=EDGE_LOOP('',(#6065,#6066,#6067,#6073));
#6075=FACE_OUTER_BOUND('',#6074,.T.);
#6076=ADVANCED_FACE('',(#6075),#6064,.T.);
#6077=CARTESIAN_POINT('',(-48.917126024006400,-53.601332401759699,-8.800000000000001));
#6078=DIRECTION('',(0.0,0.0,1.0));
#6079=DIRECTION('',(1.0,0.0,0.0));
#6080=AXIS2_PLACEMENT_3D('',#6077,#6078,#6079);
#6081=CYLINDRICAL_SURFACE('',#6080,4.250350316657785);
#6082=CARTESIAN_POINT('',(-44.666780318405699,-53.601332442924601,0.0));
#6083=VERTEX_POINT('',#6082);
#6084=CARTESIAN_POINT('',(-44.666775707348599,-53.601332401759699,-8.800000000000001));
#6085=DIRECTION('',(0.0,0.0,1.0));
#6086=VECTOR('',#6085,1.0);
#6087=LINE('',#6084,#6086);
#6088=EDGE_CURVE('',#1500,#6083,#6087,.T.);
#6089=ORIENTED_EDGE('',*,*,#6088,.F.);
#6090=ORIENTED_EDGE('',*,*,#1677,.F.);
#6091=CARTESIAN_POINT('',(-48.972699864656903,-57.851319385569013,0.0));
#6092=VERTEX_POINT('',#6091);
#6093=CARTESIAN_POINT('',(-48.972699864656903,-57.851319385569013,-4.0));
#6094=DIRECTION('',(0.0,0.0,1.0));
#6095=VECTOR('',#6094,1.0);
#6096=LINE('',#6093,#6095);
#6097=EDGE_CURVE('',#1628,#6092,#6096,.T.);
#6098=ORIENTED_EDGE('',*,*,#6097,.T.);
#6099=CARTESIAN_POINT('',(-44.666784929462793,-53.601332484089440,0.0));
#6100=CARTESIAN_POINT('',(-44.666780331906587,-53.601847476316870,0.0));
#6101=CARTESIAN_POINT('',(-44.666775832163403,-53.602362456725942,0.0));
#6102=CARTESIAN_POINT('',(-44.665139827093000,-53.789597710575343,0.0));
#6103=CARTESIAN_POINT('',(-44.681847804996401,-53.984595749964598,0.0));
#6104=CARTESIAN_POINT('',(-44.699174853859198,-54.186818937964553,0.0));
#6105=CARTESIAN_POINT('',(-44.720910281975897,-54.320734322596948,0.0));
#6106=CARTESIAN_POINT('',(-44.746133452979713,-54.476138238658493,0.0));
#6107=CARTESIAN_POINT('',(-44.791627783863497,-54.658594096017303,0.0));
#6108=CARTESIAN_POINT('',(-44.844865049191398,-54.872103135498698,0.0));
#6109=CARTESIAN_POINT('',(-44.909112472766502,-55.055641038932897,0.0));
#6110=CARTESIAN_POINT('',(-44.984036620816099,-55.269679521480441,0.0));
#6111=CARTESIAN_POINT('',(-45.090989297499398,-55.482831076383597,0.0));
#6112=CARTESIAN_POINT('',(-45.195382418533299,-55.690881559640587,0.0));
#6113=CARTESIAN_POINT('',(-45.316760869425899,-55.878717972000352,0.0));
#6114=CARTESIAN_POINT('',(-45.443934930227499,-56.075523246334747,0.0));
#6115=CARTESIAN_POINT('',(-45.608163928964203,-56.271930680811892,0.0));
#6116=CARTESIAN_POINT('',(-45.763519220609602,-56.457725726140303,0.0));
#6117=CARTESIAN_POINT('',(-45.931754036310103,-56.626730211865187,0.0));
#6118=CARTESIAN_POINT('',(-46.063703642393598,-56.759283484057448,0.0));
#6119=CARTESIAN_POINT('',(-46.214366629719187,-56.884547335772702,0.0));
#6120=CARTESIAN_POINT('',(-46.370788841956802,-57.014599508150937,0.0));
#6121=CARTESIAN_POINT('',(-46.480917195961602,-57.092886668951053,0.0));
#6122=CARTESIAN_POINT('',(-46.608934398042599,-57.183890510559891,0.0));
#6123=CARTESIAN_POINT('',(-46.771350438024399,-57.279986785363043,0.0));
#6124=CARTESIAN_POINT('',(-46.960600551386797,-57.391959906381402,0.0));
#6125=CARTESIAN_POINT('',(-47.136204627404837,-57.475284546302191,0.0));
#6126=CARTESIAN_POINT('',(-47.341569576754601,-57.572730806348979,0.0));
#6127=CARTESIAN_POINT('',(-47.566876179098387,-57.645773134694998,0.0));
#6128=CARTESIAN_POINT('',(-47.788503332277699,-57.717622619461622,0.0));
#6129=CARTESIAN_POINT('',(-48.012603907985998,-57.764246268277091,0.0));
#6130=CARTESIAN_POINT('',(-48.243057293460048,-57.812191605671799,0.0));
#6131=CARTESIAN_POINT('',(-48.484356420091551,-57.830737697953403,0.0));
#6132=CARTESIAN_POINT('',(-48.591080098097699,-57.838940409701920,0.0));
#6133=CARTESIAN_POINT('',(-48.727454159960949,-57.844113863375682,0.0));
#6134=CARTESIAN_POINT('',(-48.808597519514151,-57.847192098384923,0.0));
#6135=CARTESIAN_POINT('',(-48.972699864656903,-57.851319385568978,0.0));
#6136=B_SPLINE_CURVE_WITH_KNOTS('',2,(#6099,#6100,#6101,#6102,#6103,#6104,#6105,#6106,#6107,#6108,#6109,#6110,#6111,#6112,#6113,#6114,#6115,#6116,#6117,#6118,#6119,#6120,#6121,#6122,#6123,#6124,#6125,#6126,#6127,#6128,#6129,#6130,#6131,#6132,#6133,#6134,#6135),.UNSPECIFIED.,.F.,.U.,(3,2,2,2,2,2,2,2,2,2,2,2,2,2,2,2,2,2,3),(0.499932524221378,0.500000000000000,0.535714285714286,0.571428571428571,0.598214285714286,0.625000000000000,0.656250000000000,0.687500000000000,0.718750000000000,0.750000000000000,0.785714285714286,0.821428571428571,0.848214285714286,0.875000000000000,0.906250000000000,0.937500000000000,0.968750000000000,0.984375000000000,1.0),.UNSPECIFIED.);
#6137=EDGE_CURVE('',#6083,#6092,#6136,.T.);
#6138=ORIENTED_EDGE('',*,*,#6137,.F.);
#6139=EDGE_LOOP('',(#6089,#6090,#6098,#6138));
#6140=FACE_OUTER_BOUND('',#6139,.T.);
#6141=ADVANCED_FACE('',(#6140),#6081,.F.);
#6142=ORIENTED_EDGE('',*,*,#1539,.F.);
#6143=ORIENTED_EDGE('',*,*,#6088,.T.);
#6144=CARTESIAN_POINT('',(-48.970639924361400,-49.351318980983613,0.0));
#6145=VERTEX_POINT('',#6144);
#6146=CARTESIAN_POINT('',(-48.970639924361393,-49.351318980983002,0.0));
#6147=CARTESIAN_POINT('',(-48.744108948727053,-49.356056566675299,0.0));
#6148=CARTESIAN_POINT('',(-48.637758859693847,-49.360450845667252,0.0));
#6149=CARTESIAN_POINT('',(-48.461809954732047,-49.367720877914103,0.0));
#6150=CARTESIAN_POINT('',(-48.338418552887347,-49.383049953470547,0.0));
#6151=CARTESIAN_POINT('',(-48.182936013593341,-49.402365753087999,0.0));
#6152=CARTESIAN_POINT('',(-47.977381863825450,-49.448322070178598,0.0));
#6153=CARTESIAN_POINT('',(-47.724037507489747,-49.504962977628203,0.0));
#6154=CARTESIAN_POINT('',(-47.514371154181099,-49.574986041315697,0.0));
#6155=CARTESIAN_POINT('',(-47.299822694472162,-49.646639600511953,0.0));
#6156=CARTESIAN_POINT('',(-47.084719147145897,-49.751331474240999,0.0));
#6157=CARTESIAN_POINT('',(-46.875666765574699,-49.853078218105750,0.0));
#6158=CARTESIAN_POINT('',(-46.686212949725103,-49.972054383381753,0.0));
#6159=CARTESIAN_POINT('',(-46.487463682877092,-50.096868051108352,0.0));
#6160=CARTESIAN_POINT('',(-46.289189042096687,-50.258370161389699,0.0));
#6161=CARTESIAN_POINT('',(-46.101584302361303,-50.411181238221253,0.0));
#6162=CARTESIAN_POINT('',(-45.930288001523103,-50.577381932297399,0.0));
#6163=CARTESIAN_POINT('',(-45.795880992012897,-50.707790692790091,0.0));
#6164=CARTESIAN_POINT('',(-45.668870133511398,-50.856647878570648,0.0));
#6165=CARTESIAN_POINT('',(-45.537155374749297,-51.011018052478903,0.0));
#6166=CARTESIAN_POINT('',(-45.457104945637802,-51.120601202541252,0.0));
#6167=CARTESIAN_POINT('',(-45.364237656456098,-51.247729691410640,0.0));
#6168=CARTESIAN_POINT('',(-45.266358289546602,-51.408291149511093,0.0));
#6169=CARTESIAN_POINT('',(-45.151819297553899,-51.596181081213501,0.0));
#6170=CARTESIAN_POINT('',(-45.066347073284199,-51.770844021093637,0.0));
#6171=CARTESIAN_POINT('',(-44.966670770706799,-51.974533069708897,0.0));
#6172=CARTESIAN_POINT('',(-44.890124740436299,-52.200397768277838,0.0));
#6173=CARTESIAN_POINT('',(-44.815409464780799,-52.420860451382246,0.0));
#6174=CARTESIAN_POINT('',(-44.767015902041699,-52.639194133734343,0.0));
#6175=CARTESIAN_POINT('',(-44.716310223435187,-52.867959219413052,0.0));
#6176=CARTESIAN_POINT('',(-44.691923530747303,-53.122822676217190,0.0));
#6177=CARTESIAN_POINT('',(-44.668909594201160,-53.363339563761883,0.0));
#6178=CARTESIAN_POINT('',(-44.666784929462793,-53.601332484089440,0.0));
#6179=B_SPLINE_CURVE_WITH_KNOTS('',2,(#6146,#6147,#6148,#6149,#6150,#6151,#6152,#6153,#6154,#6155,#6156,#6157,#6158,#6159,#6160,#6161,#6162,#6163,#6164,#6165,#6166,#6167,#6168,#6169,#6170,#6171,#6172,#6173,#6174,#6175,#6176,#6177,#6178),.UNSPECIFIED.,.F.,.U.,(3,2,2,2,2,2,2,2,2,2,2,2,2,2,2,2,3),(0.0,0.031250000000000,0.062500000000000,0.093750000000000,0.125000000000000,0.156250000000000,0.187500000000000,0.218750000000000,0.250000000000000,0.285714285714285,0.321428571428572,0.348214285714285,0.375000000000000,0.406250000000000,0.437500000000000,0.468750000000000,0.499932524221378),.UNSPECIFIED.);
#6180=EDGE_CURVE('',#6145,#6083,#6179,.T.);
#6181=ORIENTED_EDGE('',*,*,#6180,.F.);
#6182=CARTESIAN_POINT('',(-48.970639924361400,-49.351318980983002,-4.0));
#6183=DIRECTION('',(0.0,0.0,1.0));
#6184=VECTOR('',#6183,1.0);
#6185=LINE('',#6182,#6184);
#6186=EDGE_CURVE('',#1502,#6145,#6185,.T.);
#6187=ORIENTED_EDGE('',*,*,#6186,.F.);
#6188=EDGE_LOOP('',(#6142,#6143,#6181,#6187));
#6189=FACE_OUTER_BOUND('',#6188,.T.);
#6190=ADVANCED_FACE('',(#6189),#6081,.F.);
#6191=CARTESIAN_POINT('',(-68.970639924361805,-57.851318980985297,-8.0));
#6192=DIRECTION('',(-0.000000020231268,-1.0,0.0));
#6193=DIRECTION('',(1.0,-0.000000020231268,0.0));
#6194=AXIS2_PLACEMENT_3D('',#6191,#6192,#6193);
#6195=PLANE('',#6194);
#6196=ORIENTED_EDGE('',*,*,#1633,.F.);
#6197=CARTESIAN_POINT('',(-68.971567164934697,-57.851309065113497,-8.490355E-017));
#6198=VERTEX_POINT('',#6197);
#6199=CARTESIAN_POINT('',(-68.970639924361805,-57.851318980985297,-4.0));
#6200=DIRECTION('',(0.0,0.0,-1.0));
#6201=VECTOR('',#6200,1.0);
#6202=LINE('',#6199,#6201);
#6203=EDGE_CURVE('',#1550,#6198,#6202,.F.);
#6204=ORIENTED_EDGE('',*,*,#6203,.T.);
#6205=CARTESIAN_POINT('',(0.0,-57.851319385569013,0.0));
#6206=DIRECTION('',(-1.0,0.0,0.0));
#6207=VECTOR('',#6206,1.0);
#6208=LINE('',#6205,#6207);
#6209=EDGE_CURVE('',#6092,#6198,#6208,.T.);
#6210=ORIENTED_EDGE('',*,*,#6209,.F.);
#6211=ORIENTED_EDGE('',*,*,#6097,.F.);
#6212=EDGE_LOOP('',(#6196,#6204,#6210,#6211));
#6213=FACE_OUTER_BOUND('',#6212,.T.);
#6214=ADVANCED_FACE('',(#6213),#6195,.F.);
#6215=CARTESIAN_POINT('',(-68.972494373381807,-53.601318980985312,-8.800000000000001));
#6216=DIRECTION('',(-6.962452E-016,6.965491E-016,1.0));
#6217=DIRECTION('',(0.0,-1.0,6.965491E-016));
#6218=AXIS2_PLACEMENT_3D('',#6215,#6216,#6217);
#6219=CYLINDRICAL_SURFACE('',#6218,4.250000404585994);
#6220=CARTESIAN_POINT('',(-68.971567169489106,-49.351330442448393,-1.072480E-015));
#6221=VERTEX_POINT('',#6220);
#6222=CARTESIAN_POINT('',(-68.972494373381807,-49.351318576399287,-8.800000000000001));
#6223=DIRECTION('',(0.0,0.0,1.0));
#6224=VECTOR('',#6223,1.0);
#6225=LINE('',#6222,#6224);
#6226=EDGE_CURVE('',#1542,#6221,#6225,.T.);
#6227=ORIENTED_EDGE('',*,*,#6226,.F.);
#6228=CARTESIAN_POINT('',(-68.970639924361407,-49.351318980985312,-4.0));
#6229=DIRECTION('',(0.0,0.0,-1.0));
#6230=VECTOR('',#6229,1.0);
#6231=LINE('',#6228,#6230);
#6232=EDGE_CURVE('',#6221,#1542,#6231,.T.);
#6233=ORIENTED_EDGE('',*,*,#6232,.F.);
#6234=EDGE_LOOP('',(#6227,#6233));
#6235=FACE_OUTER_BOUND('',#6234,.T.);
#6236=ADVANCED_FACE('',(#6235),#6219,.F.);
#6237=ORIENTED_EDGE('',*,*,#6203,.F.);
#6238=CARTESIAN_POINT('',(-68.972494373381807,-57.851319385571301,-8.800000000000001));
#6239=DIRECTION('',(0.0,0.0,1.0));
#6240=VECTOR('',#6239,1.0);
#6241=LINE('',#6238,#6240);
#6242=EDGE_CURVE('',#1550,#6198,#6241,.T.);
#6243=ORIENTED_EDGE('',*,*,#6242,.T.);
#6244=EDGE_LOOP('',(#6237,#6243));
#6245=FACE_OUTER_BOUND('',#6244,.T.);
#6246=ADVANCED_FACE('',(#6245),#6219,.F.);
#6247=ORIENTED_EDGE('',*,*,#1625,.F.);
#6248=ORIENTED_EDGE('',*,*,#6226,.T.);
#6249=CARTESIAN_POINT('',(-68.972492355693305,-57.851258065121847,0.0));
#6250=CARTESIAN_POINT('',(-69.195586781564728,-57.843917364671860,0.0));
#6251=CARTESIAN_POINT('',(-69.300545312280590,-57.838338683308891,0.0));
#6252=CARTESIAN_POINT('',(-69.474903431953010,-57.829071324228423,0.0));
#6253=CARTESIAN_POINT('',(-69.597124431810997,-57.812493947243098,0.0));
#6254=CARTESIAN_POINT('',(-69.751123164636994,-57.791606415212712,0.0));
#6255=CARTESIAN_POINT('',(-69.954605822365352,-57.743874973063598,0.0));
#6256=CARTESIAN_POINT('',(-70.205385601758792,-57.685048925350593,0.0));
#6257=CARTESIAN_POINT('',(-70.412802199144295,-57.613560932664832,0.0));
#6258=CARTESIAN_POINT('',(-70.625041222193786,-57.540410847673343,0.0));
#6259=CARTESIAN_POINT('',(-70.837637649540255,-57.434707646968342,0.0));
#6260=CARTESIAN_POINT('',(-71.044243951630051,-57.331982743782952,0.0));
#6261=CARTESIAN_POINT('',(-71.231341936097394,-57.212508503592247,0.0));
#6262=CARTESIAN_POINT('',(-71.427605827374549,-57.087181235348453,0.0));
#6263=CARTESIAN_POINT('',(-71.623176388106643,-56.925726118690442,0.0));
#6264=CARTESIAN_POINT('',(-71.808218530219037,-56.772962837092393,0.0));
#6265=CARTESIAN_POINT('',(-71.977042761234500,-56.607178662346492,0.0));
#6266=CARTESIAN_POINT('',(-72.109506272398903,-56.477100451711337,0.0));
#6267=CARTESIAN_POINT('',(-72.234646210724591,-56.328821041002897,0.0));
#6268=CARTESIAN_POINT('',(-72.364435844061049,-56.175032165886940,0.0));
#6269=CARTESIAN_POINT('',(-72.443318729483451,-56.065946604984397,0.0));
#6270=CARTESIAN_POINT('',(-72.534837742603244,-55.939386796402800,0.0));
#6271=CARTESIAN_POINT('',(-72.631302723794050,-55.779655346086997,0.0));
#6272=CARTESIAN_POINT('',(-72.744179290500796,-55.592748787000353,0.0));
#6273=CARTESIAN_POINT('',(-72.828425975798254,-55.419109835086942,0.0));
#6274=CARTESIAN_POINT('',(-72.926668621431205,-55.216624123504587,0.0));
#6275=CARTESIAN_POINT('',(-73.002131107848854,-54.992291315674237,0.0));
#6276=CARTESIAN_POINT('',(-73.075785727714845,-54.773332883894298,0.0));
#6277=CARTESIAN_POINT('',(-73.123514932908563,-54.556617443477087,0.0));
#6278=CARTESIAN_POINT('',(-73.173520888788545,-54.329564369619249,0.0));
#6279=CARTESIAN_POINT('',(-73.197606396893690,-54.076804739854992,0.0));
#6280=CARTESIAN_POINT('',(-73.220384778536001,-53.837762437512602,0.0));
#6281=CARTESIAN_POINT('',(-73.222494777967739,-53.601318980985091,0.0));
#6282=CARTESIAN_POINT('',(-73.224151176670944,-53.415705360018492,0.0));
#6283=CARTESIAN_POINT('',(-73.207738100349346,-53.222339530085087,0.0));
#6284=CARTESIAN_POINT('',(-73.190714891319544,-53.021785601152089,0.0));
#6285=CARTESIAN_POINT('',(-73.169336607399359,-52.888915355506398,0.0));
#6286=CARTESIAN_POINT('',(-73.144526185060954,-52.734713693530892,0.0));
#6287=CARTESIAN_POINT('',(-73.099750788453008,-52.553566459070687,0.0));
#6288=CARTESIAN_POINT('',(-73.047358209327754,-52.341602489261803,0.0));
#6289=CARTESIAN_POINT('',(-72.984107477889850,-52.159260587053552,0.0));
#6290=CARTESIAN_POINT('',(-72.910348999194241,-51.946626503563991,0.0));
#6291=CARTESIAN_POINT('',(-72.805037001585504,-51.734665413264842,0.0));
#6292=CARTESIAN_POINT('',(-72.702249518028012,-51.527785403592148,0.0));
#6293=CARTESIAN_POINT('',(-72.582712550873836,-51.340814190071391,0.0));
#6294=CARTESIAN_POINT('',(-72.457476985198340,-51.144929634458343,0.0));
#6295=CARTESIAN_POINT('',(-72.295743519120990,-50.949208349064342,0.0));
#6296=CARTESIAN_POINT('',(-72.142752381640136,-50.764066567292787,0.0));
#6297=CARTESIAN_POINT('',(-71.977042761234244,-50.595459299623847,0.0));
#6298=CARTESIAN_POINT('',(-71.847077157260244,-50.463221078793197,0.0));
#6299=CARTESIAN_POINT('',(-71.698558004001256,-50.337972656020852,0.0));
#6300=CARTESIAN_POINT('',(-71.544343749152006,-50.207921468917853,0.0));
#6301=CARTESIAN_POINT('',(-71.435690029877790,-50.129436952943493,0.0));
#6302=CARTESIAN_POINT('',(-71.309378399224855,-50.038197488156243,0.0));
#6303=CARTESIAN_POINT('',(-71.149001079066707,-49.941513790132092,0.0));
#6304=CARTESIAN_POINT('',(-70.962137499333551,-49.828862812445152,0.0));
#6305=CARTESIAN_POINT('',(-70.788602553753051,-49.744594569135437,0.0));
#6306=CARTESIAN_POINT('',(-70.585668409060901,-49.646050130010750,0.0));
#6307=CARTESIAN_POINT('',(-70.362804451030698,-49.571293256347751,0.0));
#6308=CARTESIAN_POINT('',(-70.143587611809409,-49.497759762195948,0.0));
#6309=CARTESIAN_POINT('',(-69.921748710266854,-49.449042083180139,0.0));
#6310=CARTESIAN_POINT('',(-69.693630154665001,-49.398945339587897,0.0));
#6311=CARTESIAN_POINT('',(-69.454564069923151,-49.377672091161152,0.0));
#6312=CARTESIAN_POINT('',(-69.348834422744758,-49.368263759348103,0.0));
#6313=CARTESIAN_POINT('',(-69.213686327268746,-49.361469711065702,0.0));
#6314=CARTESIAN_POINT('',(-69.133736653860851,-49.357450550163797,0.0));
#6315=CARTESIAN_POINT('',(-68.972491742110535,-49.351388566536372,0.0));
#6316=B_SPLINE_CURVE_WITH_KNOTS('',2,(#6249,#6250,#6251,#6252,#6253,#6254,#6255,#6256,#6257,#6258,#6259,#6260,#6261,#6262,#6263,#6264,#6265,#6266,#6267,#6268,#6269,#6270,#6271,#6272,#6273,#6274,#6275,#6276,#6277,#6278,#6279,#6280,#6281,#6282,#6283,#6284,#6285,#6286,#6287,#6288,#6289,#6290,#6291,#6292,#6293,#6294,#6295,#6296,#6297,#6298,#6299,#6300,#6301,#6302,#6303,#6304,#6305,#6306,#6307,#6308,#6309,#6310,#6311,#6312,#6313,#6314,#6315),.UNSPECIFIED.,.F.,.U.,(3,2,2,2,2,2,2,2,2,2,2,2,2,2,2,2,2,2,2,2,2,2,2,2,2,2,2,2,2,2,2,2,2,3),(0.000129062322090,0.031250000000000,0.062500000000000,0.093750000000000,0.125000000000000,0.156250000000000,0.187500000000000,0.218750000000000,0.250000000000000,0.285714285714285,0.321428571428572,0.348214285714285,0.375000000000000,0.406250000000000,0.437500000000000,0.468750000000000,0.500000000000000,0.535714285714286,0.571428571428571,0.598214285714286,0.625000000000000,0.656250000000000,0.687500000000000,0.718750000000000,0.750000000000000,0.785714285714286,0.821428571428571,0.848214285714286,0.875000000000000,0.906250000000000,0.937500000000000,0.968750000000000,0.984375000000000,0.999910917614509),.UNSPECIFIED.);
#6317=EDGE_CURVE('',#6198,#6221,#6316,.T.);
#6318=ORIENTED_EDGE('',*,*,#6317,.F.);
#6319=ORIENTED_EDGE('',*,*,#6242,.F.);
#6320=EDGE_LOOP('',(#6247,#6248,#6318,#6319));
#6321=FACE_OUTER_BOUND('',#6320,.T.);
#6322=ADVANCED_FACE('',(#6321),#6219,.F.);
#6323=CARTESIAN_POINT('',(-68.970639924361407,-49.351318980985312,-8.0));
#6324=DIRECTION('',(1.137979E-013,-1.0,0.0));
#6325=DIRECTION('',(1.0,1.137979E-013,0.0));
#6326=AXIS2_PLACEMENT_3D('',#6323,#6324,#6325);
#6327=PLANE('',#6326);
#6328=ORIENTED_EDGE('',*,*,#1547,.T.);
#6329=ORIENTED_EDGE('',*,*,#6186,.T.);
#6330=CARTESIAN_POINT('',(0.0,-49.351318980985312,0.0));
#6331=DIRECTION('',(1.0,0.0,0.0));
#6332=VECTOR('',#6331,1.0);
#6333=LINE('',#6330,#6332);
#6334=EDGE_CURVE('',#6221,#6145,#6333,.T.);
#6335=ORIENTED_EDGE('',*,*,#6334,.F.);
#6336=ORIENTED_EDGE('',*,*,#6232,.T.);
#6337=EDGE_LOOP('',(#6328,#6329,#6335,#6336));
#6338=FACE_OUTER_BOUND('',#6337,.T.);
#6339=ADVANCED_FACE('',(#6338),#6327,.T.);
#6340=CARTESIAN_POINT('',(68.972494373379106,-53.601318980977297,-8.800000000000001));
#6341=DIRECTION('',(0.0,0.0,1.0));
#6342=DIRECTION('',(1.0,0.0,0.0));
#6343=AXIS2_PLACEMENT_3D('',#6340,#6341,#6342);
#6344=CYLINDRICAL_SURFACE('',#6343,4.250000404585999);
#6345=CARTESIAN_POINT('',(73.222494777965110,-53.601318980977197,0.0));
#6346=VERTEX_POINT('',#6345);
#6347=CARTESIAN_POINT('',(73.222494777965110,-53.601318980977297,-8.800000000000001));
#6348=DIRECTION('',(0.0,0.0,1.0));
#6349=VECTOR('',#6348,1.0);
#6350=LINE('',#6347,#6349);
#6351=EDGE_CURVE('',#1682,#6346,#6350,.T.);
#6352=ORIENTED_EDGE('',*,*,#6351,.F.);
#6353=ORIENTED_EDGE('',*,*,#1857,.F.);
#6354=CARTESIAN_POINT('',(68.970639924359602,-57.851318980977297,0.0));
#6355=VERTEX_POINT('',#6354);
#6356=CARTESIAN_POINT('',(68.970639924359602,-57.851318980977297,-4.0));
#6357=DIRECTION('',(0.0,0.0,-1.0));
#6358=VECTOR('',#6357,1.0);
#6359=LINE('',#6356,#6358);
#6360=EDGE_CURVE('',#6355,#1810,#6359,.T.);
#6361=ORIENTED_EDGE('',*,*,#6360,.F.);
#6362=CARTESIAN_POINT('',(73.222494777964997,-53.601318980976892,0.0));
#6363=CARTESIAN_POINT('',(73.224151176668002,-53.786932601892048,0.0));
#6364=CARTESIAN_POINT('',(73.207738100346504,-53.980298431876889,0.0));
#6365=CARTESIAN_POINT('',(73.190714891330003,-54.180852360712841,0.0));
#6366=CARTESIAN_POINT('',(73.169336607396502,-54.313722606455642,0.0));
#6367=CARTESIAN_POINT('',(73.144526185048491,-54.467924268507737,0.0));
#6368=CARTESIAN_POINT('',(73.099750788450493,-54.649071502891402,0.0));
#6369=CARTESIAN_POINT('',(73.047358209285491,-54.861035472815253,0.0));
#6370=CARTESIAN_POINT('',(72.984107477887505,-55.043377374908538,0.0));
#6371=CARTESIAN_POINT('',(72.910348999180499,-55.256011458428752,0.0));
#6372=CARTESIAN_POINT('',(72.805037001583003,-55.467972548697247,0.0));
#6373=CARTESIAN_POINT('',(72.702249518014014,-55.674852558385354,0.0));
#6374=CARTESIAN_POINT('',(72.582712550871506,-55.861823771890698,0.0));
#6375=CARTESIAN_POINT('',(72.457476985214015,-56.057708327478849,0.0));
#6376=CARTESIAN_POINT('',(72.295743519118517,-56.253429612897797,0.0));
#6377=CARTESIAN_POINT('',(72.142752381696511,-56.438571394601652,0.0));
#6378=CARTESIAN_POINT('',(71.977042761231985,-56.607178662338249,0.0));
#6379=CARTESIAN_POINT('',(71.847077157247497,-56.739416883186202,0.0));
#6380=CARTESIAN_POINT('',(71.698558003998997,-56.864665305941202,0.0));
#6381=CARTESIAN_POINT('',(71.544343749057020,-56.994716493113948,0.0));
#6382=CARTESIAN_POINT('',(71.435690029875488,-57.073201009018653,0.0));
#6383=CARTESIAN_POINT('',(71.309378399221998,-57.164440473803552,0.0));
#6384=CARTESIAN_POINT('',(71.149001079064490,-57.261124171830097,0.0));
#6385=CARTESIAN_POINT('',(70.962137499339519,-57.373775149515801,0.0));
#6386=CARTESIAN_POINT('',(70.788602553750991,-57.458043392826802,0.0));
#6387=CARTESIAN_POINT('',(70.585668409009983,-57.556587831972251,0.0));
#6388=CARTESIAN_POINT('',(70.362804451028993,-57.631344705614552,0.0));
#6389=CARTESIAN_POINT('',(70.143587611788490,-57.704878199768451,0.0));
#6390=CARTESIAN_POINT('',(69.921748710265021,-57.753595878782271,0.0));
#6391=CARTESIAN_POINT('',(69.693630154707009,-57.803692622367080,0.0));
#6392=CARTESIAN_POINT('',(69.454564069921503,-57.824965870801357,0.0));
#6393=CARTESIAN_POINT('',(69.348834422747998,-57.834374202615578,0.0));
#6394=CARTESIAN_POINT('',(69.213686327266984,-57.841168250896878,0.0));
#6395=CARTESIAN_POINT('',(69.133278225208016,-57.845210457526953,0.0));
#6396=CARTESIAN_POINT('',(68.970639924359475,-57.851318980977339,0.0));
#6397=B_SPLINE_CURVE_WITH_KNOTS('',2,(#6362,#6363,#6364,#6365,#6366,#6367,#6368,#6369,#6370,#6371,#6372,#6373,#6374,#6375,#6376,#6377,#6378,#6379,#6380,#6381,#6382,#6383,#6384,#6385,#6386,#6387,#6388,#6389,#6390,#6391,#6392,#6393,#6394,#6395,#6396),.UNSPECIFIED.,.F.,.U.,(3,2,2,2,2,2,2,2,2,2,2,2,2,2,2,2,2,3),(0.500000000000000,0.535714285714286,0.571428571428571,0.598214285714286,0.625000000000000,0.656250000000000,0.687500000000000,0.718750000000000,0.750000000000000,0.785714285714286,0.821428571428571,0.848214285714286,0.875000000000000,0.906250000000000,0.937500000000000,0.968750000000000,0.984375000000000,1.0),.UNSPECIFIED.);
#6398=EDGE_CURVE('',#6346,#6355,#6397,.T.);
#6399=ORIENTED_EDGE('',*,*,#6398,.F.);
#6400=EDGE_LOOP('',(#6352,#6353,#6361,#6399));
#6401=FACE_OUTER_BOUND('',#6400,.T.);
#6402=ADVANCED_FACE('',(#6401),#6344,.F.);
#6403=ORIENTED_EDGE('',*,*,#1721,.F.);
#6404=ORIENTED_EDGE('',*,*,#6351,.T.);
#6405=CARTESIAN_POINT('',(68.970639924358707,-49.351318980977297,0.0));
#6406=VERTEX_POINT('',#6405);
#6407=CARTESIAN_POINT('',(68.970639924358480,-49.351318980977346,0.0));
#6408=CARTESIAN_POINT('',(69.195151505765992,-49.358697461819737,0.0));
#6409=CARTESIAN_POINT('',(69.300545312277507,-49.364299278653696,0.0));
#6410=CARTESIAN_POINT('',(69.474903431991507,-49.373566637737547,0.0));
#6411=CARTESIAN_POINT('',(69.597124431807984,-49.390144014719503,0.0));
#6412=CARTESIAN_POINT('',(69.751123164689517,-49.411031546760192,0.0));
#6413=CARTESIAN_POINT('',(69.954605822362012,-49.458762988898947,0.0));
#6414=CARTESIAN_POINT('',(70.205385601811500,-49.517589036628252,0.0));
#6415=CARTESIAN_POINT('',(70.412802199141012,-49.589077029297641,0.0));
#6416=CARTESIAN_POINT('',(70.625041222210001,-49.662227114298787,0.0));
#6417=CARTESIAN_POINT('',(70.837637649537015,-49.767930314994089,0.0));
#6418=CARTESIAN_POINT('',(71.044243951616991,-49.870655218174491,0.0));
#6419=CARTESIAN_POINT('',(71.231341936094481,-49.990129458370141,0.0));
#6420=CARTESIAN_POINT('',(71.427605827372474,-50.115456726612898,0.0));
#6421=CARTESIAN_POINT('',(71.623176388103502,-50.276911843271890,0.0));
#6422=CARTESIAN_POINT('',(71.808218530196001,-50.429675124854953,0.0));
#6423=CARTESIAN_POINT('',(71.977042761231488,-50.595459299615797,0.0));
#6424=CARTESIAN_POINT('',(72.109506272311492,-50.725537510164237,0.0));
#6425=CARTESIAN_POINT('',(72.234646210721507,-50.873816920959392,0.0));
#6426=CARTESIAN_POINT('',(72.364435844012505,-51.027605796006952,0.0));
#6427=CARTESIAN_POINT('',(72.443318729480509,-51.136691356977899,0.0));
#6428=CARTESIAN_POINT('',(72.534837742621988,-51.263251165595243,0.0));
#6429=CARTESIAN_POINT('',(72.631302723791009,-51.422982615875249,0.0));
#6430=CARTESIAN_POINT('',(72.744179290473497,-51.609889174921292,0.0));
#6431=CARTESIAN_POINT('',(72.828425975795497,-51.783528126875296,0.0));
#6432=CARTESIAN_POINT('',(72.926668621392992,-51.986013838372237,0.0));
#6433=CARTESIAN_POINT('',(73.002131107846012,-52.210346646287952,0.0));
#6434=CARTESIAN_POINT('',(73.075785727715498,-52.429305078057098,0.0));
#6435=CARTESIAN_POINT('',(73.123514932906005,-52.646020518485003,0.0));
#6436=CARTESIAN_POINT('',(73.173520888789511,-52.873073592386199,0.0));
#6437=CARTESIAN_POINT('',(73.197606396890990,-53.125833222107048,0.0));
#6438=CARTESIAN_POINT('',(73.220384778533514,-53.364875524444287,0.0));
#6439=CARTESIAN_POINT('',(73.222494777964997,-53.601318980976892,0.0));
#6440=B_SPLINE_CURVE_WITH_KNOTS('',2,(#6407,#6408,#6409,#6410,#6411,#6412,#6413,#6414,#6415,#6416,#6417,#6418,#6419,#6420,#6421,#6422,#6423,#6424,#6425,#6426,#6427,#6428,#6429,#6430,#6431,#6432,#6433,#6434,#6435,#6436,#6437,#6438,#6439),.UNSPECIFIED.,.F.,.U.,(3,2,2,2,2,2,2,2,2,2,2,2,2,2,2,2,3),(0.0,0.031250000000000,0.062500000000000,0.093750000000000,0.125000000000000,0.156250000000000,0.187500000000000,0.218750000000000,0.250000000000000,0.285714285714285,0.321428571428572,0.348214285714285,0.375000000000000,0.406250000000000,0.437500000000000,0.468750000000000,0.500000000000000),.UNSPECIFIED.);
#6441=EDGE_CURVE('',#6406,#6346,#6440,.T.);
#6442=ORIENTED_EDGE('',*,*,#6441,.F.);
#6443=CARTESIAN_POINT('',(68.970639924358707,-49.351318980977297,-4.0));
#6444=DIRECTION('',(0.0,0.0,-1.0));
#6445=VECTOR('',#6444,1.0);
#6446=LINE('',#6443,#6445);
#6447=EDGE_CURVE('',#6406,#1684,#6446,.T.);
#6448=ORIENTED_EDGE('',*,*,#6447,.T.);
#6449=EDGE_LOOP('',(#6403,#6404,#6442,#6448));
#6450=FACE_OUTER_BOUND('',#6449,.T.);
#6451=ADVANCED_FACE('',(#6450),#6344,.F.);
#6452=CARTESIAN_POINT('',(68.970639924359602,-57.851318980977297,-8.0));
#6453=DIRECTION('',(-0.000000020231380,1.0,0.0));
#6454=DIRECTION('',(-1.0,-0.000000020231380,0.0));
#6455=AXIS2_PLACEMENT_3D('',#6452,#6453,#6454);
#6456=PLANE('',#6455);
#6457=ORIENTED_EDGE('',*,*,#1815,.T.);
#6458=CARTESIAN_POINT('',(48.972699864656498,-57.851319284416803,0.0));
#6459=VERTEX_POINT('',#6458);
#6460=CARTESIAN_POINT('',(48.972699864656498,-57.851319385563301,-4.0));
#6461=DIRECTION('',(0.0,0.0,-1.0));
#6462=VECTOR('',#6461,1.0);
#6463=LINE('',#6460,#6462);
#6464=EDGE_CURVE('',#1732,#6459,#6463,.F.);
#6465=ORIENTED_EDGE('',*,*,#6464,.T.);
#6466=CARTESIAN_POINT('',(0.0,-57.851319385569013,0.0));
#6467=DIRECTION('',(-1.0,0.0,0.0));
#6468=VECTOR('',#6467,1.0);
#6469=LINE('',#6466,#6468);
#6470=EDGE_CURVE('',#6355,#6459,#6469,.T.);
#6471=ORIENTED_EDGE('',*,*,#6470,.F.);
#6472=ORIENTED_EDGE('',*,*,#6360,.T.);
#6473=EDGE_LOOP('',(#6457,#6465,#6471,#6472));
#6474=FACE_OUTER_BOUND('',#6473,.T.);
#6475=ADVANCED_FACE('',(#6474),#6456,.T.);
#6476=CARTESIAN_POINT('',(48.917126024003700,-53.601332401754000,-8.800000000000001));
#6477=DIRECTION('',(0.0,0.0,1.0));
#6478=DIRECTION('',(1.0,0.0,0.0));
#6479=AXIS2_PLACEMENT_3D('',#6476,#6477,#6478);
#6480=CYLINDRICAL_SURFACE('',#6479,4.250350316657800);
#6481=CARTESIAN_POINT('',(48.970639924358707,-49.351318980977297,0.0));
#6482=VERTEX_POINT('',#6481);
#6483=CARTESIAN_POINT('',(48.972699864656377,-57.851319385563258,0.0));
#6484=CARTESIAN_POINT('',(48.746166619286207,-57.846691598127627,0.0));
#6485=CARTESIAN_POINT('',(48.639814412950400,-57.842348866668502,0.0));
#6486=CARTESIAN_POINT('',(48.463862004927002,-57.835164116262703,0.0));
#6487=CARTESIAN_POINT('',(48.340463187703413,-57.819894849306870,0.0));
#6488=CARTESIAN_POINT('',(48.184971304478992,-57.800654413070653,0.0));
#6489=CARTESIAN_POINT('',(47.979394904191203,-57.754797731782489,0.0));
#6490=CARTESIAN_POINT('',(47.726023124247433,-57.698279624917937,0.0));
#6491=CARTESIAN_POINT('',(47.516322855947422,-57.628358193010193,0.0));
#6492=CARTESIAN_POINT('',(47.301739691571392,-57.556808632115022,0.0));
#6493=CARTESIAN_POINT('',(47.086585426197978,-57.452221029596387,0.0));
#6494=CARTESIAN_POINT('',(46.877483753342609,-57.350575623642499,0.0));
#6495=CARTESIAN_POINT('',(46.687972293006617,-57.231691299061843,0.0));
#6496=CARTESIAN_POINT('',(46.489162553318003,-57.106973978109203,0.0));
#6497=CARTESIAN_POINT('',(46.290809657108802,-56.945567988911087,0.0));
#6498=CARTESIAN_POINT('',(46.103130873175189,-56.792847860537812,0.0));
#6499=CARTESIAN_POINT('',(45.931754036308590,-56.626730211860753,0.0));
#6500=CARTESIAN_POINT('',(45.797283834564411,-56.496386612694742,0.0));
#6501=CARTESIAN_POINT('',(45.670200841094413,-56.347591005483451,0.0));
#6502=CARTESIAN_POINT('',(45.538411275815179,-56.193284690733087,0.0));
#6503=CARTESIAN_POINT('',(45.458307742088003,-56.083740353364092,0.0));
#6504=CARTESIAN_POINT('',(45.365378845607587,-55.956656891327803,0.0));
#6505=CARTESIAN_POINT('',(45.267421667449213,-55.796142893523999,0.0));
#6506=CARTESIAN_POINT('',(45.152791620155980,-55.608308499910152,0.0));
#6507=CARTESIAN_POINT('',(45.067234748282999,-55.433687008320987,0.0));
#6508=CARTESIAN_POINT('',(44.967459730976181,-55.230046295845142,0.0));
#6509=CARTESIAN_POINT('',(44.890804234962999,-55.004218725110150,0.0));
#6510=CARTESIAN_POINT('',(44.815982111635400,-54.783792281775447,0.0));
#6511=CARTESIAN_POINT('',(44.767482730036193,-54.565482081038340,0.0));
#6512=CARTESIAN_POINT('',(44.716666176838402,-54.336741598921947,0.0));
#6513=CARTESIAN_POINT('',(44.692155956782003,-54.081889992019200,0.0));
#6514=CARTESIAN_POINT('',(44.668975394324988,-53.840863857722198,0.0));
#6515=CARTESIAN_POINT('',(44.666775832160610,-53.602362456721437,0.0));
#6516=CARTESIAN_POINT('',(44.665049075897407,-53.415128017692588,0.0));
#6517=CARTESIAN_POINT('',(44.681662537886993,-53.220121903119647,0.0));
#6518=CARTESIAN_POINT('',(44.698891568812599,-53.017890340497402,0.0));
#6519=CARTESIAN_POINT('',(44.720562086673993,-52.883964436709448,0.0));
#6520=CARTESIAN_POINT('',(44.745709931721812,-52.728548313390050,0.0));
#6521=CARTESIAN_POINT('',(44.791115822398808,-52.546070426782997,0.0));
#6522=CARTESIAN_POINT('',(44.844249595444779,-52.332535608540191,0.0));
#6523=CARTESIAN_POINT('',(44.908408052111213,-52.148966586642402,0.0));
#6524=CARTESIAN_POINT('',(44.983228448702199,-51.934891814057941,0.0));
#6525=CARTESIAN_POINT('',(45.090077799979198,-51.721688445168247,0.0));
#6526=CARTESIAN_POINT('',(45.194370068319607,-51.513587387992203,0.0));
#6527=CARTESIAN_POINT('',(45.315657462260823,-51.325692166427793,0.0));
#6528=CARTESIAN_POINT('',(45.442736118190993,-51.128825275020091,0.0));
#6529=CARTESIAN_POINT('',(45.606869900601232,-50.932338263135698,0.0));
#6530=CARTESIAN_POINT('',(45.762135120716593,-50.746467940146303,0.0));
#6531=CARTESIAN_POINT('',(45.930288001520019,-50.577381932292099,0.0));
#6532=CARTESIAN_POINT('',(46.062173344628619,-50.444764720774998,0.0));
#6533=CARTESIAN_POINT('',(46.212775599891202,-50.319427858666792,0.0));
#6534=CARTESIAN_POINT('',(46.369134758507023,-50.189299885028099,0.0));
#6535=CARTESIAN_POINT('',(46.479225154460977,-50.110959355091452,0.0));
#6536=CARTESIAN_POINT('',(46.607198232650802,-50.019893475310248,0.0));
#6537=CARTESIAN_POINT('',(46.769567676519600,-49.923718490050902,0.0));
#6538=CARTESIAN_POINT('',(46.958763495262993,-49.811653654172893,0.0));
#6539=CARTESIAN_POINT('',(47.134327163823208,-49.728243910224442,0.0));
#6540=CARTESIAN_POINT('',(47.339644857726988,-49.630698122892603,0.0));
#6541=CARTESIAN_POINT('',(47.564916030511021,-49.557546598895549,0.0));
#6542=CARTESIAN_POINT('',(47.786508332819423,-49.485589701705649,0.0));
#6543=CARTESIAN_POINT('',(48.010586284087999,-49.438857438662147,0.0));
#6544=CARTESIAN_POINT('',(48.241016403763801,-49.390800408040043,0.0));
#6545=CARTESIAN_POINT('',(48.482306512930393,-49.372137362229992,0.0));
#6546=CARTESIAN_POINT('',(48.589026202590013,-49.363882923356293,0.0));
#6547=CARTESIAN_POINT('',(48.725397740927413,-49.358643370902037,0.0));
#6548=CARTESIAN_POINT('',(48.806539598924999,-49.355525806735841,0.0));
#6549=CARTESIAN_POINT('',(48.970639924358601,-49.351318980977346,0.0));
#6550=B_SPLINE_CURVE_WITH_KNOTS('',2,(#6483,#6484,#6485,#6486,#6487,#6488,#6489,#6490,#6491,#6492,#6493,#6494,#6495,#6496,#6497,#6498,#6499,#6500,#6501,#6502,#6503,#6504,#6505,#6506,#6507,#6508,#6509,#6510,#6511,#6512,#6513,#6514,#6515,#6516,#6517,#6518,#6519,#6520,#6521,#6522,#6523,#6524,#6525,#6526,#6527,#6528,#6529,#6530,#6531,#6532,#6533,#6534,#6535,#6536,#6537,#6538,#6539,#6540,#6541,#6542,#6543,#6544,#6545,#6546,#6547,#6548,#6549),.UNSPECIFIED.,.F.,.U.,(3,2,2,2,2,2,2,2,2,2,2,2,2,2,2,2,2,2,2,2,2,2,2,2,2,2,2,2,2,2,2,2,2,3),(0.0,0.031250000000000,0.062500000000000,0.093750000000000,0.125000000000000,0.156250000000000,0.187500000000000,0.218750000000000,0.250000000000000,0.285714285714285,0.321428571428572,0.348214285714285,0.375000000000000,0.406250000000000,0.437500000000000,0.468750000000000,0.500000000000000,0.535714285714286,0.571428571428571,0.598214285714286,0.625000000000000,0.656250000000000,0.687500000000000,0.718750000000000,0.750000000000000,0.785714285714286,0.821428571428571,0.848214285714286,0.875000000000000,0.906250000000000,0.937500000000000,0.968750000000000,0.984375000000000,1.0),.UNSPECIFIED.);
#6551=EDGE_CURVE('',#6459,#6482,#6550,.T.);
#6552=ORIENTED_EDGE('',*,*,#6551,.F.);
#6553=ORIENTED_EDGE('',*,*,#6464,.F.);
#6554=ORIENTED_EDGE('',*,*,#1807,.F.);
#6555=CARTESIAN_POINT('',(48.970639924358707,-49.351318980977297,-4.0));
#6556=DIRECTION('',(0.0,0.0,1.0));
#6557=VECTOR('',#6556,1.0);
#6558=LINE('',#6555,#6557);
#6559=EDGE_CURVE('',#1724,#6482,#6558,.T.);
#6560=ORIENTED_EDGE('',*,*,#6559,.T.);
#6561=EDGE_LOOP('',(#6552,#6553,#6554,#6560));
#6562=FACE_OUTER_BOUND('',#6561,.T.);
#6563=ADVANCED_FACE('',(#6562),#6480,.F.);
#6564=CARTESIAN_POINT('',(48.970639924358707,-49.351318980977297,-8.0));
#6565=DIRECTION('',(0.0,1.0,0.0));
#6566=DIRECTION('',(0.0,0.0,1.0));
#6567=AXIS2_PLACEMENT_3D('',#6564,#6565,#6566);
#6568=PLANE('',#6567);
#6569=ORIENTED_EDGE('',*,*,#6559,.F.);
#6570=ORIENTED_EDGE('',*,*,#1729,.F.);
#6571=ORIENTED_EDGE('',*,*,#6447,.F.);
#6572=CARTESIAN_POINT('',(0.0,-49.351318980985312,0.0));
#6573=DIRECTION('',(1.0,0.0,0.0));
#6574=VECTOR('',#6573,1.0);
#6575=LINE('',#6572,#6574);
#6576=EDGE_CURVE('',#6482,#6406,#6575,.T.);
#6577=ORIENTED_EDGE('',*,*,#6576,.F.);
#6578=EDGE_LOOP('',(#6569,#6570,#6571,#6577));
#6579=FACE_OUTER_BOUND('',#6578,.T.);
#6580=ADVANCED_FACE('',(#6579),#6568,.F.);
#6581=CARTESIAN_POINT('',(-48.752699864657700,51.253302908559597,-8.800000000000001));
#6582=DIRECTION('',(4.034241E-016,-1.279223E-028,1.0));
#6583=DIRECTION('',(1.0,0.0,-4.034241E-016));
#6584=AXIS2_PLACEMENT_3D('',#6581,#6582,#6583);
#6585=CYLINDRICAL_SURFACE('',#6584,4.299999999999730);
#6586=CARTESIAN_POINT('',(-44.452699864657902,51.253302908559100,-3.469447E-016));
#6587=VERTEX_POINT('',#6586);
#6588=CARTESIAN_POINT('',(-44.452699864657902,51.253302908559597,-8.800000000000001));
#6589=DIRECTION('',(0.0,0.0,1.0));
#6590=VECTOR('',#6589,1.0);
#6591=LINE('',#6588,#6590);
#6592=EDGE_CURVE('',#1862,#6587,#6591,.T.);
#6593=ORIENTED_EDGE('',*,*,#6592,.F.);
#6594=ORIENTED_EDGE('',*,*,#2009,.F.);
#6595=CARTESIAN_POINT('',(-48.752699864659000,46.953302908559913,4.336809E-016));
#6596=VERTEX_POINT('',#6595);
#6597=CARTESIAN_POINT('',(-48.752699864659000,46.953302908559913,-4.0));
#6598=DIRECTION('',(0.0,0.0,-1.0));
#6599=VECTOR('',#6598,1.0);
#6600=LINE('',#6597,#6599);
#6601=EDGE_CURVE('',#6596,#1962,#6600,.T.);
#6602=ORIENTED_EDGE('',*,*,#6601,.F.);
#6603=CARTESIAN_POINT('',(-44.452699864657902,51.253302908558197,0.0));
#6604=CARTESIAN_POINT('',(-44.451025060928202,51.065558165740804,0.0));
#6605=CARTESIAN_POINT('',(-44.467622288468803,50.869979682423413,0.0));
#6606=CARTESIAN_POINT('',(-44.484837467340903,50.667119381472617,0.0));
#6607=CARTESIAN_POINT('',(-44.506455101921098,50.532728879556203,0.0));
#6608=CARTESIAN_POINT('',(-44.531545440842102,50.376749591983000,0.0));
#6609=CARTESIAN_POINT('',(-44.576822510970487,50.193523822947597,0.0));
#6610=CARTESIAN_POINT('',(-44.629805335908998,49.979114656951403,0.0));
#6611=CARTESIAN_POINT('',(-44.693764713111200,49.794676709770599,0.0));
#6612=CARTESIAN_POINT('',(-44.768353950727402,49.579585718121017,0.0));
#6613=CARTESIAN_POINT('',(-44.874846469880403,49.365179373913612,0.0));
#6614=CARTESIAN_POINT('',(-44.978791495891798,49.155902016190197,0.0));
#6615=CARTESIAN_POINT('',(-45.099668177525793,48.966768367443208,0.0));
#6616=CARTESIAN_POINT('',(-45.226313662020900,48.768608372842998,0.0));
#6617=CARTESIAN_POINT('',(-45.389860126388001,48.570614636787212,0.0));
#6618=CARTESIAN_POINT('',(-45.544573919860902,48.383313969006608,0.0));
#6619=CARTESIAN_POINT('',(-45.712140705556600,48.212743749456607,0.0));
#6620=CARTESIAN_POINT('',(-45.843569762988999,48.078958983648803,0.0));
#6621=CARTESIAN_POINT('',(-45.993758165660502,47.952242005122201,0.0));
#6622=CARTESIAN_POINT('',(-46.149714450872700,47.820658547992402,0.0));
#6623=CARTESIAN_POINT('',(-46.259590342806213,47.741248352357211,0.0));
#6624=CARTESIAN_POINT('',(-46.387333664584801,47.648924895455011,0.0));
#6625=CARTESIAN_POINT('',(-46.549521279097597,47.551087822209603,0.0));
#6626=CARTESIAN_POINT('',(-46.738505652888492,47.437086034364413,0.0));
#6627=CARTESIAN_POINT('',(-46.914003770982902,47.351797862125011,0.0));
#6628=CARTESIAN_POINT('',(-47.119245641659099,47.252054889339199,0.0));
#6629=CARTESIAN_POINT('',(-47.344640083276502,47.176362184934412,0.0));
#6630=CARTESIAN_POINT('',(-47.566357488420053,47.101904315039597,0.0));
#6631=CARTESIAN_POINT('',(-47.790720054219953,47.052543285740001,0.0));
#6632=CARTESIAN_POINT('',(-48.021445368490802,47.001782415907222,0.0));
#6633=CARTESIAN_POINT('',(-48.263239382057350,46.980165540888599,0.0));
#6634=CARTESIAN_POINT('',(-48.370183825055797,46.970604490868404,0.0));
#6635=CARTESIAN_POINT('',(-48.506872206687397,46.963674893069808,0.0));
#6636=CARTESIAN_POINT('',(-48.588204491554002,46.959551645611207,0.0));
#6637=CARTESIAN_POINT('',(-48.752699864659000,46.953302908560012,0.0));
#6638=B_SPLINE_CURVE_WITH_KNOTS('',2,(#6603,#6604,#6605,#6606,#6607,#6608,#6609,#6610,#6611,#6612,#6613,#6614,#6615,#6616,#6617,#6618,#6619,#6620,#6621,#6622,#6623,#6624,#6625,#6626,#6627,#6628,#6629,#6630,#6631,#6632,#6633,#6634,#6635,#6636,#6637),.UNSPECIFIED.,.F.,.U.,(3,2,2,2,2,2,2,2,2,2,2,2,2,2,2,2,2,3),(0.500000000000000,0.535714285714286,0.571428571428571,0.598214285714286,0.625000000000000,0.656250000000000,0.687500000000000,0.718750000000000,0.750000000000000,0.785714285714286,0.821428571428571,0.848214285714286,0.875000000000000,0.906250000000000,0.937500000000000,0.968750000000000,0.984375000000000,1.0),.UNSPECIFIED.);
#6639=EDGE_CURVE('',#6587,#6596,#6638,.T.);
#6640=ORIENTED_EDGE('',*,*,#6639,.F.);
#6641=EDGE_LOOP('',(#6593,#6594,#6602,#6640));
#6642=FACE_OUTER_BOUND('',#6641,.T.);
#6643=ADVANCED_FACE('',(#6642),#6585,.F.);
#6644=ORIENTED_EDGE('',*,*,#1901,.F.);
#6645=ORIENTED_EDGE('',*,*,#6592,.T.);
#6646=CARTESIAN_POINT('',(-48.752699864656300,55.553302908559303,-2.151565E-032));
#6647=VERTEX_POINT('',#6646);
#6648=CARTESIAN_POINT('',(-48.752699864656300,55.553302908559210,0.0));
#6649=CARTESIAN_POINT('',(-48.525614451379951,55.545742348401987,0.0));
#6650=CARTESIAN_POINT('',(-48.419019092029387,55.540031249764603,0.0));
#6651=CARTESIAN_POINT('',(-48.242661005984750,55.530582447949413,0.0));
#6652=CARTESIAN_POINT('',(-48.119049099795937,55.513765369433223,0.0));
#6653=CARTESIAN_POINT('',(-47.963285235616553,55.492574100609410,0.0));
#6654=CARTESIAN_POINT('',(-47.757488783633796,55.444217937148387,0.0));
#6655=CARTESIAN_POINT('',(-47.503843383167400,55.384618666471418,0.0));
#6656=CARTESIAN_POINT('',(-47.294073665868652,55.312238060105997,0.0));
#6657=CARTESIAN_POINT('',(-47.079414699200498,55.238170428374993,0.0));
#6658=CARTESIAN_POINT('',(-46.864412275407993,55.131188495395023,0.0));
#6659=CARTESIAN_POINT('',(-46.655457093277398,55.027215577805421,0.0));
#6660=CARTESIAN_POINT('',(-46.466247994623401,54.906319805387000,0.0));
#6661=CARTESIAN_POINT('',(-46.267759602625503,54.779494998137018,0.0));
#6662=CARTESIAN_POINT('',(-46.069989637554301,54.616143732956189,0.0));
#6663=CARTESIAN_POINT('',(-45.882857227152591,54.461578726159409,0.0));
#6664=CARTESIAN_POINT('',(-45.712140705554702,54.293862067660612,0.0));
#6665=CARTESIAN_POINT('',(-45.578185454942407,54.162260704120790,0.0));
#6666=CARTESIAN_POINT('',(-45.451643698258387,54.012259534968202,0.0));
#6667=CARTESIAN_POINT('',(-45.320392743139493,53.856676135178823,0.0));
#6668=CARTESIAN_POINT('',(-45.240627660539197,53.746328759524410,0.0));
#6669=CARTESIAN_POINT('',(-45.148077244238401,53.618294095464002,0.0));
#6670=CARTESIAN_POINT('',(-45.050532097168599,53.456717108538399,0.0));
#6671=CARTESIAN_POINT('',(-44.936384641850502,53.267639512681193,0.0));
#6672=CARTESIAN_POINT('',(-44.851194818222893,53.091999002234417,0.0));
#6673=CARTESIAN_POINT('',(-44.751846506794799,52.887167164484012,0.0));
#6674=CARTESIAN_POINT('',(-44.675538649318092,52.660254049647023,0.0));
#6675=CARTESIAN_POINT('',(-44.601055098952500,52.438765791734397,0.0));
#6676=CARTESIAN_POINT('',(-44.552791440855898,52.219563643870011,0.0));
#6677=CARTESIAN_POINT('',(-44.502223007448698,51.989893750328022,0.0));
#6678=CARTESIAN_POINT('',(-44.477867790910700,51.734239950490412,0.0));
#6679=CARTESIAN_POINT('',(-44.454833197655901,51.492448575566009,0.0));
#6680=CARTESIAN_POINT('',(-44.452699864657902,51.253302908558197,0.0));
#6681=B_SPLINE_CURVE_WITH_KNOTS('',2,(#6648,#6649,#6650,#6651,#6652,#6653,#6654,#6655,#6656,#6657,#6658,#6659,#6660,#6661,#6662,#6663,#6664,#6665,#6666,#6667,#6668,#6669,#6670,#6671,#6672,#6673,#6674,#6675,#6676,#6677,#6678,#6679,#6680),.UNSPECIFIED.,.F.,.U.,(3,2,2,2,2,2,2,2,2,2,2,2,2,2,2,2,3),(0.0,0.031250000000000,0.062500000000000,0.093750000000000,0.125000000000000,0.156250000000000,0.187500000000000,0.218750000000000,0.250000000000000,0.285714285714285,0.321428571428572,0.348214285714285,0.375000000000000,0.406250000000000,0.437500000000000,0.468750000000000,0.500000000000000),.UNSPECIFIED.);
#6682=EDGE_CURVE('',#6647,#6587,#6681,.T.);
#6683=ORIENTED_EDGE('',*,*,#6682,.F.);
#6684=CARTESIAN_POINT('',(-48.752699864656300,55.553302908559303,-4.0));
#6685=DIRECTION('',(0.0,0.0,-1.0));
#6686=VECTOR('',#6685,1.0);
#6687=LINE('',#6684,#6686);
#6688=EDGE_CURVE('',#6647,#1864,#6687,.T.);
#6689=ORIENTED_EDGE('',*,*,#6688,.T.);
#6690=EDGE_LOOP('',(#6644,#6645,#6683,#6689));
#6691=FACE_OUTER_BOUND('',#6690,.T.);
#6692=ADVANCED_FACE('',(#6691),#6585,.F.);
#6693=CARTESIAN_POINT('',(-48.752699864659000,46.953302908559913,-8.0));
#6694=DIRECTION('',(0.002473043592071,0.999996942023020,0.0));
#6695=DIRECTION('',(-0.999996942023020,0.002473043592071,0.0));
#6696=AXIS2_PLACEMENT_3D('',#6693,#6694,#6695);
#6697=PLANE('',#6696);
#6698=ORIENTED_EDGE('',*,*,#1967,.T.);
#6699=CARTESIAN_POINT('',(-68.329057645386101,47.001716242772403,-1.309810E-016));
#6700=VERTEX_POINT('',#6699);
#6701=CARTESIAN_POINT('',(-68.329057645386101,47.001716242772403,-4.0));
#6702=DIRECTION('',(0.0,0.0,-1.0));
#6703=VECTOR('',#6702,1.0);
#6704=LINE('',#6701,#6703);
#6705=EDGE_CURVE('',#1950,#6700,#6704,.F.);
#6706=ORIENTED_EDGE('',*,*,#6705,.T.);
#6707=CARTESIAN_POINT('',(-48.752699864659000,46.953302908559913,0.0));
#6708=DIRECTION('',(-0.999996942023020,0.002473043592055,0.0));
#6709=VECTOR('',#6708,0.999999999999997);
#6710=LINE('',#6707,#6709);
#6711=EDGE_CURVE('',#6596,#6700,#6710,.T.);
#6712=ORIENTED_EDGE('',*,*,#6711,.F.);
#6713=ORIENTED_EDGE('',*,*,#6601,.T.);
#6714=EDGE_LOOP('',(#6698,#6706,#6712,#6713));
#6715=FACE_OUTER_BOUND('',#6714,.T.);
#6716=ADVANCED_FACE('',(#6715),#6697,.T.);
#6717=CARTESIAN_POINT('',(-68.972494373399996,51.253302908599998,-8.800000000000001));
#6718=DIRECTION('',(-5.272220E-016,6.130156E-016,1.0));
#6719=DIRECTION('',(0.0,-1.0,6.130156E-016));
#6720=AXIS2_PLACEMENT_3D('',#6717,#6718,#6719);
#6721=CYLINDRICAL_SURFACE('',#6720,4.300000000000000);
#6722=CARTESIAN_POINT('',(-68.972493422548013,55.554096917625102,-8.786556E-016));
#6723=VERTEX_POINT('',#6722);
#6724=CARTESIAN_POINT('',(-68.972494373399996,55.553302908600003,-8.800000000000001));
#6725=DIRECTION('',(0.0,0.0,1.0));
#6726=VECTOR('',#6725,1.0);
#6727=LINE('',#6724,#6726);
#6728=EDGE_CURVE('',#1912,#6723,#6727,.T.);
#6729=ORIENTED_EDGE('',*,*,#6728,.F.);
#6730=ORIENTED_EDGE('',*,*,#1921,.F.);
#6731=CARTESIAN_POINT('',(-68.329057644972210,55.504889574364903,3.005980E-016));
#6732=VERTEX_POINT('',#6731);
#6733=CARTESIAN_POINT('',(-68.329057644972210,55.504889574364903,-4.0));
#6734=DIRECTION('',(0.0,0.0,1.0));
#6735=VECTOR('',#6734,1.0);
#6736=LINE('',#6733,#6735);
#6737=EDGE_CURVE('',#1904,#6732,#6736,.T.);
#6738=ORIENTED_EDGE('',*,*,#6737,.T.);
#6739=CARTESIAN_POINT('',(-68.972492471695901,55.554890926650053,0.0));
#6740=CARTESIAN_POINT('',(-68.880489672417369,55.554780750249932,0.0));
#6741=CARTESIAN_POINT('',(-68.791929171331802,55.550168432495823,0.0));
#6742=CARTESIAN_POINT('',(-68.689884758337300,55.544853859384801,0.0));
#6743=CARTESIAN_POINT('',(-68.560739684232544,55.531497612985383,0.0));
#6744=CARTESIAN_POINT('',(-68.483931097130551,55.523554031536207,0.0));
#6745=CARTESIAN_POINT('',(-68.329057644972139,55.504889574364988,0.0));
#6746=B_SPLINE_CURVE_WITH_KNOTS('',2,(#6739,#6740,#6741,#6742,#6743,#6744,#6745),.UNSPECIFIED.,.F.,.U.,(3,2,2,3),(0.956127878089410,0.968750000000000,0.984375000000000,1.0),.UNSPECIFIED.);
#6747=EDGE_CURVE('',#6723,#6732,#6746,.T.);
#6748=ORIENTED_EDGE('',*,*,#6747,.F.);
#6749=EDGE_LOOP('',(#6729,#6730,#6738,#6748));
#6750=FACE_OUTER_BOUND('',#6749,.T.);
#6751=ADVANCED_FACE('',(#6750),#6721,.F.);
#6752=ORIENTED_EDGE('',*,*,#1959,.F.);
#6753=CARTESIAN_POINT('',(-68.972493517550902,46.952505109624198,-2.778267E-016));
#6754=VERTEX_POINT('',#6753);
#6755=CARTESIAN_POINT('',(-68.972494373399996,46.953302908600001,-8.800000000000001));
#6756=DIRECTION('',(0.0,0.0,1.0));
#6757=VECTOR('',#6756,1.0);
#6758=LINE('',#6755,#6757);
#6759=EDGE_CURVE('',#1924,#6754,#6758,.T.);
#6760=ORIENTED_EDGE('',*,*,#6759,.T.);
#6761=CARTESIAN_POINT('',(-68.329057645386101,47.001716242772403,0.0));
#6762=CARTESIAN_POINT('',(-68.483203032380700,46.983139527840812,0.0));
#6763=CARTESIAN_POINT('',(-68.560739684649036,46.975108204174397,0.0));
#6764=CARTESIAN_POINT('',(-68.688835835933205,46.961839877244003,0.0));
#6765=CARTESIAN_POINT('',(-68.791929171750098,46.956437384686609,0.0));
#6766=CARTESIAN_POINT('',(-68.880303844891131,46.951806207412879,0.0));
#6767=CARTESIAN_POINT('',(-68.972492661701835,46.951707310648302,0.0));
#6768=B_SPLINE_CURVE_WITH_KNOTS('',2,(#6761,#6762,#6763,#6764,#6765,#6766,#6767),.UNSPECIFIED.,.F.,.U.,(3,2,2,3),(0.0,0.015625000000000,0.031250000000000,0.043907644735111),.UNSPECIFIED.);
#6769=EDGE_CURVE('',#6700,#6754,#6768,.T.);
#6770=ORIENTED_EDGE('',*,*,#6769,.F.);
#6771=ORIENTED_EDGE('',*,*,#6705,.F.);
#6772=EDGE_LOOP('',(#6752,#6760,#6770,#6771));
#6773=FACE_OUTER_BOUND('',#6772,.T.);
#6774=ADVANCED_FACE('',(#6773),#6721,.F.);
#6775=ORIENTED_EDGE('',*,*,#1947,.F.);
#6776=ORIENTED_EDGE('',*,*,#6728,.T.);
#6777=CARTESIAN_POINT('',(-68.972492661701835,46.951707310648302,0.0));
#6778=CARTESIAN_POINT('',(-69.107905471072257,46.951562044777738,0.0));
#6779=CARTESIAN_POINT('',(-69.251547526771191,46.961195449028203,0.0));
#6780=CARTESIAN_POINT('',(-69.713837738586804,46.992199102309009,0.0));
#6781=CARTESIAN_POINT('',(-70.161024722784546,47.120822344992803,0.0));
#6782=CARTESIAN_POINT('',(-71.063761414401441,47.380474178942613,0.0));
#6783=CARTESIAN_POINT('',(-71.776350831069507,47.993181903977003,0.0));
#6784=CARTESIAN_POINT('',(-72.488379456355005,48.605407442208609,0.0));
#6785=CARTESIAN_POINT('',(-72.880600229736345,49.459784406975601,0.0));
#6786=CARTESIAN_POINT('',(-73.272378230828551,50.313196878094601,0.0));
#6787=CARTESIAN_POINT('',(-73.272494373399994,51.253302908809403,0.0));
#6788=CARTESIAN_POINT('',(-73.272610384712848,52.192346478231400,0.0));
#6789=CARTESIAN_POINT('',(-72.880600229561750,53.046821410605013,0.0));
#6790=CARTESIAN_POINT('',(-72.489033597720891,53.900329583455601,0.0));
#6791=CARTESIAN_POINT('',(-71.776350830752094,54.513423913496020,0.0));
#6792=CARTESIAN_POINT('',(-71.064716526675952,55.125616290122622,0.0));
#6793=CARTESIAN_POINT('',(-70.161024722382251,55.385783472323020,0.0));
#6794=CARTESIAN_POINT('',(-69.714879081685694,55.514225994031591,0.0));
#6795=CARTESIAN_POINT('',(-69.251547526353349,55.545410368199001,0.0));
#6796=CARTESIAN_POINT('',(-69.108271300405136,55.555053526295680,0.0));
#6797=CARTESIAN_POINT('',(-68.972492471695901,55.554890926650053,0.0));
#6798=B_SPLINE_CURVE_WITH_KNOTS('',2,(#6777,#6778,#6779,#6780,#6781,#6782,#6783,#6784,#6785,#6786,#6787,#6788,#6789,#6790,#6791,#6792,#6793,#6794,#6795,#6796,#6797),.UNSPECIFIED.,.F.,.U.,(3,2,2,2,2,2,2,2,2,2,3),(0.043907644735111,0.062500000000000,0.125000000000000,0.250000000000000,0.375000000000000,0.500000000000000,0.625000000000000,0.750000000000000,0.875000000000000,0.937500000000000,0.956127878089410),.UNSPECIFIED.);
#6799=EDGE_CURVE('',#6754,#6723,#6798,.T.);
#6800=ORIENTED_EDGE('',*,*,#6799,.F.);
#6801=ORIENTED_EDGE('',*,*,#6759,.F.);
#6802=EDGE_LOOP('',(#6775,#6776,#6800,#6801));
#6803=FACE_OUTER_BOUND('',#6802,.T.);
#6804=ADVANCED_FACE('',(#6803),#6721,.F.);
#6805=CARTESIAN_POINT('',(-48.752699864656300,55.553302908559303,-8.0));
#6806=DIRECTION('',(-0.002473043591194,0.999996942023022,0.0));
#6807=DIRECTION('',(-0.999996942023022,-0.002473043591194,0.0));
#6808=AXIS2_PLACEMENT_3D('',#6805,#6806,#6807);
#6809=PLANE('',#6808);
#6810=ORIENTED_EDGE('',*,*,#1909,.F.);
#6811=ORIENTED_EDGE('',*,*,#6688,.F.);
#6812=CARTESIAN_POINT('',(-68.329057644972210,55.504889574364903,0.0));
#6813=DIRECTION('',(0.999996942023022,0.002473043591195,0.0));
#6814=VECTOR('',#6813,0.999999999999995);
#6815=LINE('',#6812,#6814);
#6816=EDGE_CURVE('',#6732,#6647,#6815,.T.);
#6817=ORIENTED_EDGE('',*,*,#6816,.F.);
#6818=ORIENTED_EDGE('',*,*,#6737,.F.);
#6819=EDGE_LOOP('',(#6810,#6811,#6817,#6818));
#6820=FACE_OUTER_BOUND('',#6819,.T.);
#6821=ADVANCED_FACE('',(#6820),#6809,.F.);
#6822=CARTESIAN_POINT('',(68.742562517800096,51.253302908599998,-8.800000000000001));
#6823=DIRECTION('',(-5.280011E-016,6.134038E-016,1.0));
#6824=DIRECTION('',(0.0,-1.0,6.134038E-016));
#6825=AXIS2_PLACEMENT_3D('',#6822,#6823,#6824);
#6826=CYLINDRICAL_SURFACE('',#6825,4.300000000000000);
#6827=CARTESIAN_POINT('',(68.742561484458491,46.952512187704002,8.792121E-016));
#6828=VERTEX_POINT('',#6827);
#6829=CARTESIAN_POINT('',(68.742562517800096,46.953302908600001,-8.800000000000001));
#6830=DIRECTION('',(0.0,0.0,1.0));
#6831=VECTOR('',#6830,1.0);
#6832=LINE('',#6829,#6831);
#6833=EDGE_CURVE('',#2122,#6828,#6832,.T.);
#6834=ORIENTED_EDGE('',*,*,#6833,.F.);
#6835=ORIENTED_EDGE('',*,*,#2131,.F.);
#6836=CARTESIAN_POINT('',(68.102671742444116,47.001181109355002,-2.997606E-016));
#6837=VERTEX_POINT('',#6836);
#6838=CARTESIAN_POINT('',(68.102671742444116,47.001181109355002,-4.0));
#6839=DIRECTION('',(0.0,0.0,1.0));
#6840=VECTOR('',#6839,1.0);
#6841=LINE('',#6838,#6840);
#6842=EDGE_CURVE('',#2114,#6837,#6841,.T.);
#6843=ORIENTED_EDGE('',*,*,#6842,.T.);
#6844=CARTESIAN_POINT('',(68.742560451116844,46.951721466808017,0.0));
#6845=CARTESIAN_POINT('',(68.652298609208330,46.951839424128543,0.0));
#6846=CARTESIAN_POINT('',(68.565352871279018,46.956298973484003,0.0));
#6847=CARTESIAN_POINT('',(68.463353956568000,46.961530618015402,0.0));
#6848=CARTESIAN_POINT('',(68.334261240657995,46.974775491474993,0.0));
#6849=CARTESIAN_POINT('',(68.257484127139534,46.982652800012417,0.0));
#6850=CARTESIAN_POINT('',(68.102671742444002,47.001181109355016,0.0));
#6851=B_SPLINE_CURVE_WITH_KNOTS('',2,(#6844,#6845,#6846,#6847,#6848,#6849,#6850),.UNSPECIFIED.,.F.,.U.,(3,2,2,3),(0.956352550129092,0.968750000000000,0.984375000000000,1.0),.UNSPECIFIED.);
#6852=EDGE_CURVE('',#6828,#6837,#6851,.T.);
#6853=ORIENTED_EDGE('',*,*,#6852,.F.);
#6854=EDGE_LOOP('',(#6834,#6835,#6843,#6853));
#6855=FACE_OUTER_BOUND('',#6854,.T.);
#6856=ADVANCED_FACE('',(#6855),#6826,.F.);
#6857=CARTESIAN_POINT('',(68.742561576506702,55.554097619765500,2.772702E-016));
#6858=VERTEX_POINT('',#6857);
#6859=CARTESIAN_POINT('',(68.742562517800096,55.553302908600003,-8.800000000000001));
#6860=DIRECTION('',(0.0,0.0,1.0));
#6861=VECTOR('',#6860,1.0);
#6862=LINE('',#6859,#6861);
#6863=EDGE_CURVE('',#2014,#6858,#6862,.T.);
#6864=ORIENTED_EDGE('',*,*,#6863,.F.);
#6865=ORIENTED_EDGE('',*,*,#2155,.F.);
#6866=ORIENTED_EDGE('',*,*,#6833,.T.);
#6867=CARTESIAN_POINT('',(68.742560635213252,55.554892330930947,0.0));
#6868=CARTESIAN_POINT('',(68.879444797458632,55.555054462983271,0.0));
#6869=CARTESIAN_POINT('',(69.024747528697503,55.545203314042993,0.0));
#6870=CARTESIAN_POINT('',(69.486794458567502,55.513877728592803,0.0));
#6871=CARTESIAN_POINT('',(69.933677432090505,55.385039258000191,0.0));
#6872=CARTESIAN_POINT('',(70.835800174769503,55.124953013189021,0.0));
#6873=CARTESIAN_POINT('',(71.547778165696513,54.512254453007600,0.0));
#6874=CARTESIAN_POINT('',(72.259195439829000,53.900038422310210,0.0));
#6875=CARTESIAN_POINT('',(72.651042227677493,53.046006553232203,0.0));
#6876=CARTESIAN_POINT('',(73.042446429264999,52.192939302936601,0.0));
#6877=CARTESIAN_POINT('',(73.042562517800008,51.253302908879213,0.0));
#6878=CARTESIAN_POINT('',(73.042678475067518,50.314729012082601,0.0));
#6879=CARTESIAN_POINT('',(72.651042227909997,49.460599264475412,0.0));
#6880=CARTESIAN_POINT('',(72.259849317575004,48.607436401754413,0.0));
#6881=CARTESIAN_POINT('',(71.547778166120011,47.994351364556813,0.0));
#6882=CARTESIAN_POINT('',(70.836755029854004,47.382168656333008,0.0));
#6883=CARTESIAN_POINT('',(69.933677432627022,47.121566559354399,0.0));
#6884=CARTESIAN_POINT('',(69.487835690345506,46.992909516686403,0.0));
#6885=CARTESIAN_POINT('',(69.024747529254498,46.961402503193597,0.0));
#6886=CARTESIAN_POINT('',(68.879819800180016,46.951542091507328,0.0));
#6887=CARTESIAN_POINT('',(68.742560451116844,46.951721466808017,0.0));
#6888=B_SPLINE_CURVE_WITH_KNOTS('',2,(#6867,#6868,#6869,#6870,#6871,#6872,#6873,#6874,#6875,#6876,#6877,#6878,#6879,#6880,#6881,#6882,#6883,#6884,#6885,#6886,#6887),.UNSPECIFIED.,.F.,.U.,(3,2,2,2,2,2,2,2,2,2,3),(0.043682803981263,0.062500000000000,0.125000000000000,0.250000000000000,0.375000000000000,0.500000000000000,0.625000000000000,0.750000000000000,0.875000000000000,0.937500000000000,0.956352550129092),.UNSPECIFIED.);
#6889=EDGE_CURVE('',#6858,#6828,#6888,.T.);
#6890=ORIENTED_EDGE('',*,*,#6889,.F.);
#6891=EDGE_LOOP('',(#6864,#6865,#6866,#6890));
#6892=FACE_OUTER_BOUND('',#6891,.T.);
#6893=ADVANCED_FACE('',(#6892),#6826,.F.);
#6894=ORIENTED_EDGE('',*,*,#2025,.F.);
#6895=ORIENTED_EDGE('',*,*,#6863,.T.);
#6896=CARTESIAN_POINT('',(68.102671741891797,55.505424707761897,1.308291E-016));
#6897=VERTEX_POINT('',#6896);
#6898=CARTESIAN_POINT('',(68.102671741891996,55.505424707762032,0.0));
#6899=CARTESIAN_POINT('',(68.256755989488497,55.523865871970017,0.0));
#6900=CARTESIAN_POINT('',(68.334261240102506,55.531830325671997,0.0));
#6901=CARTESIAN_POINT('',(68.462304956945502,55.544988121389622,0.0));
#6902=CARTESIAN_POINT('',(68.565352870721014,55.550306843693022,0.0));
#6903=CARTESIAN_POINT('',(68.652119213673004,55.554785207849299,0.0));
#6904=CARTESIAN_POINT('',(68.742560635213252,55.554892330930947,0.0));
#6905=B_SPLINE_CURVE_WITH_KNOTS('',2,(#6898,#6899,#6900,#6901,#6902,#6903,#6904),.UNSPECIFIED.,.F.,.U.,(3,2,2,3),(0.0,0.015625000000000,0.031250000000000,0.043682803981263),.UNSPECIFIED.);
#6906=EDGE_CURVE('',#6897,#6858,#6905,.T.);
#6907=ORIENTED_EDGE('',*,*,#6906,.F.);
#6908=CARTESIAN_POINT('',(68.102671741891797,55.505424707761897,-4.0));
#6909=DIRECTION('',(0.0,0.0,1.0));
#6910=VECTOR('',#6909,1.0);
#6911=LINE('',#6908,#6910);
#6912=EDGE_CURVE('',#2016,#6897,#6911,.T.);
#6913=ORIENTED_EDGE('',*,*,#6912,.F.);
#6914=EDGE_LOOP('',(#6894,#6895,#6907,#6913));
#6915=FACE_OUTER_BOUND('',#6914,.T.);
#6916=ADVANCED_FACE('',(#6915),#6826,.F.);
#6917=CARTESIAN_POINT('',(48.742699864656998,46.953302908552601,-8.0));
#6918=DIRECTION('',(0.002473043591914,-0.999996942023021,0.0));
#6919=DIRECTION('',(0.999996942023021,0.002473043591914,0.0));
#6920=AXIS2_PLACEMENT_3D('',#6917,#6918,#6919);
#6921=PLANE('',#6920);
#6922=ORIENTED_EDGE('',*,*,#2119,.F.);
#6923=CARTESIAN_POINT('',(48.742699864656998,46.953302908552601,1.038944E-030));
#6924=VERTEX_POINT('',#6923);
#6925=CARTESIAN_POINT('',(48.742699864656998,46.953302908552601,-4.0));
#6926=DIRECTION('',(0.0,0.0,-1.0));
#6927=VECTOR('',#6926,1.0);
#6928=LINE('',#6925,#6927);
#6929=EDGE_CURVE('',#2036,#6924,#6928,.F.);
#6930=ORIENTED_EDGE('',*,*,#6929,.T.);
#6931=CARTESIAN_POINT('',(68.102671742444116,47.001181109355002,0.0));
#6932=DIRECTION('',(-0.999996942023021,-0.002473043591912,0.0));
#6933=VECTOR('',#6932,0.999999999999997);
#6934=LINE('',#6931,#6933);
#6935=EDGE_CURVE('',#6837,#6924,#6934,.T.);
#6936=ORIENTED_EDGE('',*,*,#6935,.F.);
#6937=ORIENTED_EDGE('',*,*,#6842,.F.);
#6938=EDGE_LOOP('',(#6922,#6930,#6936,#6937));
#6939=FACE_OUTER_BOUND('',#6938,.T.);
#6940=ADVANCED_FACE('',(#6939),#6921,.F.);
#6941=CARTESIAN_POINT('',(48.742699864656501,51.253302908552300,-8.800000000000001));
#6942=DIRECTION('',(-4.034241E-016,-4.231525E-029,1.0));
#6943=DIRECTION('',(1.0,0.0,4.034241E-016));
#6944=AXIS2_PLACEMENT_3D('',#6941,#6942,#6943);
#6945=CYLINDRICAL_SURFACE('',#6944,4.299999999999730);
#6946=CARTESIAN_POINT('',(48.742699864656103,55.553302908552091,3.523949E-031));
#6947=VERTEX_POINT('',#6946);
#6948=CARTESIAN_POINT('',(48.742699864657013,46.953302908552608,0.0));
#6949=CARTESIAN_POINT('',(48.515614451246392,46.960863468714017,0.0));
#6950=CARTESIAN_POINT('',(48.409019092029993,46.966574567347422,0.0));
#6951=CARTESIAN_POINT('',(48.232661005961020,46.976023369168601,0.0));
#6952=CARTESIAN_POINT('',(48.109049099796600,46.992840447678603,0.0));
#6953=CARTESIAN_POINT('',(47.953285235713210,47.014031716485803,0.0));
#6954=CARTESIAN_POINT('',(47.747488783634218,47.062387879963403,0.0));
#6955=CARTESIAN_POINT('',(47.493843383230399,47.121987150618203,0.0));
#6956=CARTESIAN_POINT('',(47.284073665869009,47.194367757005601,0.0));
#6957=CARTESIAN_POINT('',(47.069414699244390,47.268435388722203,0.0));
#6958=CARTESIAN_POINT('',(46.854412275408400,47.375417321716412,0.0));
#6959=CARTESIAN_POINT('',(46.645457093313993,47.479390239280796,0.0));
#6960=CARTESIAN_POINT('',(46.456247994623808,47.600286011724407,0.0));
#6961=CARTESIAN_POINT('',(46.257759602632007,47.727110818972392,0.0));
#6962=CARTESIAN_POINT('',(46.059989637554587,47.890462084154812,0.0));
#6963=CARTESIAN_POINT('',(45.872857227089611,48.045027091000811,0.0));
#6964=CARTESIAN_POINT('',(45.702140705555202,48.212743749450198,0.0));
#6965=CARTESIAN_POINT('',(45.568185454903990,48.344345113038408,0.0));
#6966=CARTESIAN_POINT('',(45.441643698258602,48.494346282142608,0.0));
#6967=CARTESIAN_POINT('',(45.310392743152207,48.649929681914408,0.0));
#6968=CARTESIAN_POINT('',(45.230627660539199,48.760277057586400,0.0));
#6969=CARTESIAN_POINT('',(45.138077244335207,48.888311721513013,0.0));
#6970=CARTESIAN_POINT('',(45.040532097168409,49.049888708572198,0.0));
#6971=CARTESIAN_POINT('',(44.926384641914822,49.238966304291210,0.0));
#6972=CARTESIAN_POINT('',(44.841194818222597,49.414606814876407,0.0));
#6973=CARTESIAN_POINT('',(44.741846506750228,49.619438652724007,0.0));
#6974=CARTESIAN_POINT('',(44.665538649317597,49.846351767463602,0.0));
#6975=CARTESIAN_POINT('',(44.591055098932380,50.067840025468200,0.0));
#6976=CARTESIAN_POINT('',(44.542791440855211,50.287042173240593,0.0));
#6977=CARTESIAN_POINT('',(44.492223007460012,50.516712066725603,0.0));
#6978=CARTESIAN_POINT('',(44.467867790909999,50.772365866620007,0.0));
#6979=CARTESIAN_POINT('',(44.444833197655988,51.014157241472212,0.0));
#6980=CARTESIAN_POINT('',(44.442699864657207,51.253302908552023,0.0));
#6981=CARTESIAN_POINT('',(44.441025060927011,51.441047651424611,0.0));
#6982=CARTESIAN_POINT('',(44.457622288468187,51.636626134686793,0.0));
#6983=CARTESIAN_POINT('',(44.474837467343988,51.839486435618007,0.0));
#6984=CARTESIAN_POINT('',(44.496455101920397,51.973876937554010,0.0));
#6985=CARTESIAN_POINT('',(44.521545440817988,52.129856225033407,0.0));
#6986=CARTESIAN_POINT('',(44.566822510969800,52.313081994162808,0.0));
#6987=CARTESIAN_POINT('',(44.619805335922223,52.527491160215810,0.0));
#6988=CARTESIAN_POINT('',(44.683764713110193,52.711929107340012,0.0));
#6989=CARTESIAN_POINT('',(44.758353950759577,52.927020099066603,0.0));
#6990=CARTESIAN_POINT('',(44.864846469879197,53.141426443197012,0.0));
#6991=CARTESIAN_POINT('',(44.968791495913209,53.350703800956012,0.0));
#6992=CARTESIAN_POINT('',(45.089668177524409,53.539837449667182,0.0));
#6993=CARTESIAN_POINT('',(45.216313662053402,53.737997444320797,0.0));
#6994=CARTESIAN_POINT('',(45.379860126386198,53.935991180323398,0.0));
#6995=CARTESIAN_POINT('',(45.534573919960408,54.123291848215217,0.0));
#6996=CARTESIAN_POINT('',(45.702140705554619,54.293862067653812,0.0));
#6997=CARTESIAN_POINT('',(45.833569763008200,54.427646833476992,0.0));
#6998=CARTESIAN_POINT('',(45.983758165658386,54.554363811988587,0.0));
#6999=CARTESIAN_POINT('',(46.139714450818801,54.685947269078007,0.0));
#7000=CARTESIAN_POINT('',(46.249590342804211,54.765357464753819,0.0));
#7001=CARTESIAN_POINT('',(46.377333664535811,54.857680921626013,0.0));
#7002=CARTESIAN_POINT('',(46.539521279095389,54.955517994901598,0.0));
#7003=CARTESIAN_POINT('',(46.728505652857990,55.069519782731987,0.0));
#7004=CARTESIAN_POINT('',(46.904003770980623,55.154807954986602,0.0));
#7005=CARTESIAN_POINT('',(47.109245641644790,55.254550927768030,0.0));
#7006=CARTESIAN_POINT('',(47.334640083274202,55.330243632177222,0.0));
#7007=CARTESIAN_POINT('',(47.556357488429398,55.404701502076392,0.0));
#7008=CARTESIAN_POINT('',(47.780720054217603,55.454062531371989,0.0));
#7009=CARTESIAN_POINT('',(48.011445368521997,55.504823401210203,0.0));
#7010=CARTESIAN_POINT('',(48.253239382054623,55.526440276223397,0.0));
#7011=CARTESIAN_POINT('',(48.360183825037012,55.536001326240800,0.0));
#7012=CARTESIAN_POINT('',(48.496872206684607,55.542930924041983,0.0));
#7013=CARTESIAN_POINT('',(48.578204491467382,55.547054171497400,0.0));
#7014=CARTESIAN_POINT('',(48.742699864656011,55.553302908551998,0.0));
#7015=B_SPLINE_CURVE_WITH_KNOTS('',2,(#6948,#6949,#6950,#6951,#6952,#6953,#6954,#6955,#6956,#6957,#6958,#6959,#6960,#6961,#6962,#6963,#6964,#6965,#6966,#6967,#6968,#6969,#6970,#6971,#6972,#6973,#6974,#6975,#6976,#6977,#6978,#6979,#6980,#6981,#6982,#6983,#6984,#6985,#6986,#6987,#6988,#6989,#6990,#6991,#6992,#6993,#6994,#6995,#6996,#6997,#6998,#6999,#7000,#7001,#7002,#7003,#7004,#7005,#7006,#7007,#7008,#7009,#7010,#7011,#7012,#7013,#7014),.UNSPECIFIED.,.F.,.U.,(3,2,2,2,2,2,2,2,2,2,2,2,2,2,2,2,2,2,2,2,2,2,2,2,2,2,2,2,2,2,2,2,2,3),(0.0,0.031250000000000,0.062500000000000,0.093750000000000,0.125000000000000,0.156250000000000,0.187500000000000,0.218750000000000,0.250000000000000,0.285714285714285,0.321428571428572,0.348214285714285,0.375000000000000,0.406250000000000,0.437500000000000,0.468750000000000,0.500000000000000,0.535714285714286,0.571428571428571,0.598214285714286,0.625000000000000,0.656250000000000,0.687500000000000,0.718750000000000,0.750000000000000,0.785714285714286,0.821428571428571,0.848214285714286,0.875000000000000,0.906250000000000,0.937500000000000,0.968750000000000,0.984375000000000,1.0),.UNSPECIFIED.);
#7016=EDGE_CURVE('',#6924,#6947,#7015,.T.);
#7017=ORIENTED_EDGE('',*,*,#7016,.F.);
#7018=ORIENTED_EDGE('',*,*,#6929,.F.);
#7019=ORIENTED_EDGE('',*,*,#2111,.F.);
#7020=CARTESIAN_POINT('',(48.742699864656103,55.553302908552091,-4.0));
#7021=DIRECTION('',(0.0,0.0,-1.0));
#7022=VECTOR('',#7021,1.0);
#7023=LINE('',#7020,#7022);
#7024=EDGE_CURVE('',#6947,#2028,#7023,.T.);
#7025=ORIENTED_EDGE('',*,*,#7024,.F.);
#7026=EDGE_LOOP('',(#7017,#7018,#7019,#7025));
#7027=FACE_OUTER_BOUND('',#7026,.T.);
#7028=ADVANCED_FACE('',(#7027),#6945,.F.);
#7029=CARTESIAN_POINT('',(48.742699864656103,55.553302908552091,-8.0));
#7030=DIRECTION('',(-0.002473043591351,-0.999996942023022,0.0));
#7031=DIRECTION('',(0.999996942023022,-0.002473043591351,0.0));
#7032=AXIS2_PLACEMENT_3D('',#7029,#7030,#7031);
#7033=PLANE('',#7032);
#7034=ORIENTED_EDGE('',*,*,#2033,.T.);
#7035=ORIENTED_EDGE('',*,*,#6912,.T.);
#7036=CARTESIAN_POINT('',(48.742699864656103,55.553302908551998,0.0));
#7037=DIRECTION('',(0.999996942023022,-0.002473043591351,0.0));
#7038=VECTOR('',#7037,0.999999999999995);
#7039=LINE('',#7036,#7038);
#7040=EDGE_CURVE('',#6947,#6897,#7039,.T.);
#7041=ORIENTED_EDGE('',*,*,#7040,.F.);
#7042=ORIENTED_EDGE('',*,*,#7024,.T.);
#7043=EDGE_LOOP('',(#7034,#7035,#7041,#7042));
#7044=FACE_OUTER_BOUND('',#7043,.T.);
#7045=ADVANCED_FACE('',(#7044),#7033,.T.);
#7046=CARTESIAN_POINT('',(-55.0,2.275023E-013,-8.800000000000001));
#7047=DIRECTION('',(0.0,0.0,1.0));
#7048=DIRECTION('',(1.0,0.0,0.0));
#7049=AXIS2_PLACEMENT_3D('',#7046,#7047,#7048);
#7050=CYLINDRICAL_SURFACE('',#7049,2.100000000000000);
#7051=CARTESIAN_POINT('',(-57.100004325862500,-1.726269E-009,0.0));
#7052=VERTEX_POINT('',#7051);
#7053=CARTESIAN_POINT('',(-57.100000000000001,2.277594E-013,-8.800000000000001));
#7054=DIRECTION('',(0.0,0.0,1.0));
#7055=VECTOR('',#7054,1.0);
#7056=LINE('',#7053,#7055);
#7057=EDGE_CURVE('',#2160,#7052,#7056,.T.);
#7058=ORIENTED_EDGE('',*,*,#7057,.F.);
#7059=ORIENTED_EDGE('',*,*,#2232,.F.);
#7060=ORIENTED_EDGE('',*,*,#2204,.F.);
#7061=CARTESIAN_POINT('',(-52.900000000000013,2.252163E-013,0.0));
#7062=VERTEX_POINT('',#7061);
#7063=CARTESIAN_POINT('',(-52.900000000000013,2.275023E-013,-8.800000000000001));
#7064=DIRECTION('',(0.0,0.0,1.0));
#7065=VECTOR('',#7064,1.0);
#7066=LINE('',#7063,#7065);
#7067=EDGE_CURVE('',#2162,#7062,#7066,.T.);
#7068=ORIENTED_EDGE('',*,*,#7067,.T.);
#7069=CARTESIAN_POINT('',(-53.056810960801698,0.804895254290910,0.0));
#7070=VERTEX_POINT('',#7069);
#7071=CARTESIAN_POINT('',(-53.053768939877052,0.806155300614897,0.0));
#7072=CARTESIAN_POINT('',(-52.899999999999999,0.0,0.0));
#7073=QUASI_UNIFORM_CURVE('',1,(#7071,#7072),.UNSPECIFIED.,.F.,.U.);
#7074=EDGE_CURVE('',#7070,#7062,#7073,.T.);
#7075=ORIENTED_EDGE('',*,*,#7074,.F.);
#7076=CARTESIAN_POINT('',(-57.100008651724920,-3.452780E-009,0.0));
#7077=CARTESIAN_POINT('',(-57.100083645439341,0.187902355628683,0.0));
#7078=CARTESIAN_POINT('',(-57.070578854281713,0.367992254458799,0.0));
#7079=CARTESIAN_POINT('',(-57.008181577377997,0.748849696385404,0.0));
#7080=CARTESIAN_POINT('',(-56.809549168552749,1.075298910933609,0.0));
#7081=CARTESIAN_POINT('',(-56.710931015207251,1.237376282346700,0.0));
#7082=CARTESIAN_POINT('',(-56.576190773326203,1.388359680146306,0.0));
#7083=CARTESIAN_POINT('',(-56.442788903520849,1.537843362933611,0.0));
#7084=CARTESIAN_POINT('',(-56.287349662139199,1.661286491375799,0.0));
#7085=CARTESIAN_POINT('',(-55.980711911762597,1.904804941855201,0.0));
#7086=CARTESIAN_POINT('',(-55.617024423695398,2.013432031864215,0.0));
#7087=CARTESIAN_POINT('',(-55.436415379619753,2.067376793592299,0.0));
#7088=CARTESIAN_POINT('',(-55.238251246533103,2.087852340824994,0.0));
#7089=CARTESIAN_POINT('',(-55.041233487166103,2.108209437615402,0.0));
#7090=CARTESIAN_POINT('',(-54.840723588129848,2.094605917764808,0.0));
#7091=CARTESIAN_POINT('',(-54.443681681388099,2.067668756628005,0.0));
#7092=CARTESIAN_POINT('',(-54.102245562668749,1.905548810290397,0.0));
#7093=CARTESIAN_POINT('',(-53.766514716008849,1.746137828673805,0.0));
#7094=CARTESIAN_POINT('',(-53.477656000524547,1.446980898362413,0.0));
#7095=CARTESIAN_POINT('',(-53.330880730076949,1.294972885451606,0.0));
#7096=CARTESIAN_POINT('',(-53.232015655234143,1.139914385806906,0.0));
#7097=CARTESIAN_POINT('',(-53.186358647324198,1.068306619808293,0.0));
#7098=CARTESIAN_POINT('',(-53.137581405553952,0.974825921622610,0.0));
#7099=CARTESIAN_POINT('',(-53.108614308275442,0.919311005654899,0.0));
#7100=CARTESIAN_POINT('',(-53.053768939877052,0.806155300614897,0.0));
#7101=B_SPLINE_CURVE_WITH_KNOTS('',2,(#7076,#7077,#7078,#7079,#7080,#7081,#7082,#7083,#7084,#7085,#7086,#7087,#7088,#7089,#7090,#7091,#7092,#7093,#7094,#7095,#7096,#7097,#7098,#7099,#7100),.UNSPECIFIED.,.F.,.U.,(3,2,2,2,2,2,2,2,2,2,2,2,3),(0.533313046759378,0.562500000000000,0.625000000000000,0.656250000000000,0.687500000000000,0.750000000000000,0.781250000000000,0.812500000000000,0.875000000000000,0.937500000000000,0.968750000000000,0.984375000000000,1.0),.UNSPECIFIED.);
#7102=EDGE_CURVE('',#7052,#7070,#7101,.T.);
#7103=ORIENTED_EDGE('',*,*,#7102,.F.);
#7104=EDGE_LOOP('',(#7058,#7059,#7060,#7068,#7075,#7103));
#7105=FACE_OUTER_BOUND('',#7104,.T.);
#7106=ADVANCED_FACE('',(#7105),#7050,.F.);
#7107=ORIENTED_EDGE('',*,*,#2197,.F.);
#7108=ORIENTED_EDGE('',*,*,#7057,.T.);
#7109=CARTESIAN_POINT('',(-52.899999999999999,0.0,0.0));
#7110=CARTESIAN_POINT('',(-52.906895727002947,-0.132653803773405,0.0));
#7111=CARTESIAN_POINT('',(-52.912052494568051,-0.198843691668491,0.0));
#7112=CARTESIAN_POINT('',(-52.920559245779550,-0.308032423161700,0.0));
#7113=CARTESIAN_POINT('',(-52.934187416106852,-0.393569801369606,0.0));
#7114=CARTESIAN_POINT('',(-52.963177760630252,-0.575528054335403,0.0));
#7115=CARTESIAN_POINT('',(-53.034961743835751,-0.759646192731292,0.0));
#7116=CARTESIAN_POINT('',(-53.104226712652547,-0.937303332181089,0.0));
#7117=CARTESIAN_POINT('',(-53.203951692887649,-1.096998849949696,0.0));
#7118=CARTESIAN_POINT('',(-53.304527872111443,-1.258057443077193,0.0));
#7119=CARTESIAN_POINT('',(-53.441560970788998,-1.408055350990395,0.0));
#7120=CARTESIAN_POINT('',(-53.577044454871697,-1.556357034053185,0.0));
#7121=CARTESIAN_POINT('',(-53.733323350778647,-1.677487877087200,0.0));
#7122=CARTESIAN_POINT('',(-53.888314735607501,-1.797620777939490,0.0));
#7123=CARTESIAN_POINT('',(-54.057202474098602,-1.883384436661501,0.0));
#7124=CARTESIAN_POINT('',(-54.393797447242846,-2.054312277025794,0.0));
#7125=CARTESIAN_POINT('',(-54.788000569781452,-2.090404057432105,0.0));
#7126=CARTESIAN_POINT('',(-54.985879305376102,-2.108521102842986,0.0));
#7127=CARTESIAN_POINT('',(-55.185670098885602,-2.092654505284897,0.0));
#7128=CARTESIAN_POINT('',(-55.384998601688402,-2.076824621033188,0.0));
#7129=CARTESIAN_POINT('',(-55.568395542645248,-2.027261913190206,0.0));
#7130=CARTESIAN_POINT('',(-55.935017089501052,-1.928183070757289,0.0));
#7131=CARTESIAN_POINT('',(-56.245890817259493,-1.693400305522994,0.0));
#7132=CARTESIAN_POINT('',(-56.402213898555942,-1.575339620365296,0.0));
#7133=CARTESIAN_POINT('',(-56.540375495597999,-1.427566421124696,0.0));
#7134=CARTESIAN_POINT('',(-56.678363655802343,-1.279978724345793,0.0));
#7135=CARTESIAN_POINT('',(-56.782425153708900,-1.118592084144596,0.0));
#7136=CARTESIAN_POINT('',(-56.989674365723793,-0.797173935412593,0.0));
#7137=CARTESIAN_POINT('',(-57.061557765030699,-0.419000945399289,0.0));
#7138=CARTESIAN_POINT('',(-57.097514623010603,-0.229834703612694,0.0));
#7139=CARTESIAN_POINT('',(-57.099850263238750,-0.026602367349693,0.0));
#7140=CARTESIAN_POINT('',(-57.100003350879092,-0.013281669058188,0.0));
#7141=CARTESIAN_POINT('',(-57.100008651724920,-3.452780E-009,0.0));
#7142=B_SPLINE_CURVE_WITH_KNOTS('',2,(#7109,#7110,#7111,#7112,#7113,#7114,#7115,#7116,#7117,#7118,#7119,#7120,#7121,#7122,#7123,#7124,#7125,#7126,#7127,#7128,#7129,#7130,#7131,#7132,#7133,#7134,#7135,#7136,#7137,#7138,#7139,#7140,#7141),.UNSPECIFIED.,.F.,.U.,(3,2,2,2,2,2,2,2,2,2,2,2,2,2,2,2,3),(0.0,0.015625000000000,0.031250000000000,0.062500000000000,0.093750000000000,0.125000000000000,0.156250000000000,0.187500000000000,0.250000000000000,0.281250000000000,0.312500000000000,0.375000000000000,0.406250000000000,0.437500000000000,0.500000000000000,0.531250000000000,0.533313046759378),.UNSPECIFIED.);
#7143=EDGE_CURVE('',#7062,#7052,#7142,.T.);
#7144=ORIENTED_EDGE('',*,*,#7143,.F.);
#7145=ORIENTED_EDGE('',*,*,#7067,.F.);
#7146=EDGE_LOOP('',(#7107,#7108,#7144,#7145));
#7147=FACE_OUTER_BOUND('',#7146,.T.);
#7148=ADVANCED_FACE('',(#7147),#7050,.F.);
#7149=CARTESIAN_POINT('',(-58.0,-72.500000000000000,0.0));
#7150=DIRECTION('',(0.0,-0.707106781186543,0.707106781186553));
#7151=DIRECTION('',(0.0,-0.707106781186553,-0.707106781186543));
#7152=AXIS2_PLACEMENT_3D('',#7149,#7150,#7151);
#7153=PLANE('',#7152);
#7154=ORIENTED_EDGE('',*,*,#3874,.T.);
#7155=ORIENTED_EDGE('',*,*,#1083,.T.);
#7156=CARTESIAN_POINT('',(58.0,-72.500000000000000,1.739237E-015));
#7157=VERTEX_POINT('',#7156);
#7158=CARTESIAN_POINT('',(58.0,-72.775000000000006,-0.275000000000000));
#7159=DIRECTION('',(0.0,-0.707106781186550,-0.707106781186545));
#7160=VECTOR('',#7159,1.000000000000004);
#7161=LINE('',#7158,#7160);
#7162=EDGE_CURVE('',#7157,#1072,#7161,.T.);
#7163=ORIENTED_EDGE('',*,*,#7162,.F.);
#7164=CARTESIAN_POINT('',(0.0,-72.500000000000000,0.0));
#7165=DIRECTION('',(1.0,0.0,0.0));
#7166=VECTOR('',#7165,1.0);
#7167=LINE('',#7164,#7166);
#7168=EDGE_CURVE('',#3869,#7157,#7167,.T.);
#7169=ORIENTED_EDGE('',*,*,#7168,.F.);
#7170=EDGE_LOOP('',(#7154,#7155,#7163,#7169));
#7171=FACE_OUTER_BOUND('',#7170,.T.);
#7172=ADVANCED_FACE('',(#7171),#7153,.T.);
#7173=CARTESIAN_POINT('',(58.0,-68.0,-8.750000000000000));
#7174=DIRECTION('',(0.0,0.0,1.0));
#7175=DIRECTION('',(1.0,0.0,0.0));
#7176=AXIS2_PLACEMENT_3D('',#7173,#7174,#7175);
#7177=CYLINDRICAL_SURFACE('',#7176,5.0);
#7178=ORIENTED_EDGE('',*,*,#1102,.T.);
#7179=ORIENTED_EDGE('',*,*,#3493,.T.);
#7180=CARTESIAN_POINT('',(58.0,-68.0,-0.500000000000010));
#7181=DIRECTION('',(0.0,0.0,1.0));
#7182=DIRECTION('',(1.0,0.0,0.0));
#7183=AXIS2_PLACEMENT_3D('',#7180,#7181,#7182);
#7184=CIRCLE('',#7183,5.0);
#7185=EDGE_CURVE('',#1072,#3481,#7184,.T.);
#7186=ORIENTED_EDGE('',*,*,#7185,.F.);
#7187=ORIENTED_EDGE('',*,*,#1077,.T.);
#7188=ORIENTED_EDGE('',*,*,#1123,.T.);
#7189=EDGE_LOOP('',(#7178,#7179,#7186,#7187,#7188));
#7190=FACE_OUTER_BOUND('',#7189,.T.);
#7191=ADVANCED_FACE('',(#7190),#7177,.T.);
#7192=CARTESIAN_POINT('',(68.0,-68.0,0.050000000000002));
#7193=DIRECTION('',(-4.168579E-018,4.168579E-018,1.0));
#7194=DIRECTION('',(1.0,0.0,4.168579E-018));
#7195=AXIS2_PLACEMENT_3D('',#7192,#7193,#7194);
#7196=CONICAL_SURFACE('',#7195,5.550000000000000,44.999999999999957);
#7197=CARTESIAN_POINT('',(62.499999897006091,-67.999999997343394,3.822193E-015));
#7198=VERTEX_POINT('',#7197);
#7199=CARTESIAN_POINT('',(62.499999742515243,-67.999999993358387,0.0));
#7200=CARTESIAN_POINT('',(62.500319745364934,-67.987593997023765,0.0));
#7201=CARTESIAN_POINT('',(62.500662773399533,-67.974718414517255,0.0));
#7202=CARTESIAN_POINT('',(62.510477175896000,-67.606334094977498,0.0));
#7203=CARTESIAN_POINT('',(62.532853011655007,-67.386963323616584,0.0));
#7204=CARTESIAN_POINT('',(62.559108969854996,-67.129552165210029,0.0));
#7205=CARTESIAN_POINT('',(62.625285835645002,-66.829869340079767,0.0));
#7206=CARTESIAN_POINT('',(62.689344825984492,-66.539777342360125,0.0));
#7207=CARTESIAN_POINT('',(62.776451314525502,-66.276492676514977,0.0));
#7208=CARTESIAN_POINT('',(62.865513211682988,-66.007297669055589,0.0));
#7209=CARTESIAN_POINT('',(62.986058522222002,-65.739360446832919,0.0));
#7210=CARTESIAN_POINT('',(63.105238637993999,-65.474457656162187,0.0));
#7211=CARTESIAN_POINT('',(63.248502032212521,-65.228196523333054,0.0));
#7212=CARTESIAN_POINT('',(63.535327927854993,-64.735160110430542,0.0));
#7213=CARTESIAN_POINT('',(63.923403922547998,-64.307666498558959,0.0));
#7214=CARTESIAN_POINT('',(64.709143760677989,-63.442117570032593,0.0));
#7215=CARTESIAN_POINT('',(65.770256026956986,-62.972214098510847,0.0));
#7216=CARTESIAN_POINT('',(66.298918478597486,-62.738100961584827,0.0));
#7217=CARTESIAN_POINT('',(66.861159783773999,-62.618253202429791,0.0));
#7218=CARTESIAN_POINT('',(67.154390207904513,-62.555747995280228,0.0));
#7219=CARTESIAN_POINT('',(67.424629769420491,-62.529314713367448,0.0));
#7220=CARTESIAN_POINT('',(67.551517117092502,-62.516903321736429,0.0));
#7221=CARTESIAN_POINT('',(67.711338654694501,-62.509679268911391,0.0));
#7222=CARTESIAN_POINT('',(67.806975569664999,-62.505356408950597,0.0));
#7223=CARTESIAN_POINT('',(68.0,-62.499999999999993,0.0));
#7224=B_SPLINE_CURVE_WITH_KNOTS('',2,(#7199,#7200,#7201,#7202,#7203,#7204,#7205,#7206,#7207,#7208,#7209,#7210,#7211,#7212,#7213,#7214,#7215,#7216,#7217,#7218,#7219,#7220,#7221,#7222,#7223),.UNSPECIFIED.,.F.,.U.,(3,2,2,2,2,2,2,2,2,2,2,2,3),(0.057043731716829,0.062500000000000,0.125000000000000,0.187500000000000,0.250000000000000,0.312500000000000,0.375000000000000,0.500000000000000,0.750000000000000,0.875000000000000,0.937500000000000,0.968750000000000,1.0),.UNSPECIFIED.);
#7225=EDGE_CURVE('',#7198,#3506,#7224,.T.);
#7226=ORIENTED_EDGE('',*,*,#7225,.F.);
#7227=CARTESIAN_POINT('',(62.774999999999999,-68.0,-0.275000000000000));
#7228=DIRECTION('',(-0.707106781186551,0.0,0.707106781186544));
#7229=VECTOR('',#7228,0.999999999999993);
#7230=LINE('',#7227,#7229);
#7231=EDGE_CURVE('',#3481,#7198,#7230,.T.);
#7232=ORIENTED_EDGE('',*,*,#7231,.F.);
#7233=ORIENTED_EDGE('',*,*,#3487,.F.);
#7234=ORIENTED_EDGE('',*,*,#3511,.F.);
#7235=EDGE_LOOP('',(#7226,#7232,#7233,#7234));
#7236=FACE_OUTER_BOUND('',#7235,.T.);
#7237=ADVANCED_FACE('',(#7236),#7196,.F.);
#7238=CARTESIAN_POINT('',(-92.0,-72.500000000000000,0.0));
#7239=DIRECTION('',(0.0,0.0,1.0));
#7240=DIRECTION('',(1.0,0.0,0.0));
#7241=AXIS2_PLACEMENT_3D('',#7238,#7239,#7240);
#7242=PLANE('',#7241);
#7243=ORIENTED_EDGE('',*,*,#3858,.T.);
#7244=ORIENTED_EDGE('',*,*,#3957,.T.);
#7245=ORIENTED_EDGE('',*,*,#3912,.T.);
#7246=ORIENTED_EDGE('',*,*,#7168,.T.);
#7247=CARTESIAN_POINT('',(62.495506324993599,-68.208067567897388,1.734723E-015));
#7248=VERTEX_POINT('',#7247);
#7249=CARTESIAN_POINT('',(62.495187873759903,-68.208052828873818,-3.035766E-015));
#7250=CARTESIAN_POINT('',(62.468755700213102,-68.779146174000871,-3.035766E-015));
#7251=CARTESIAN_POINT('',(62.332202103805493,-69.344942824223722,-3.035766E-015));
#7252=CARTESIAN_POINT('',(61.858265558247702,-70.385504799971457,-3.035766E-015));
#7253=CARTESIAN_POINT('',(61.521048142443831,-70.859906685058149,-3.035766E-015));
#7254=CARTESIAN_POINT('',(60.694056405360428,-71.649507686439890,-3.035766E-015));
#7255=CARTESIAN_POINT('',(60.204570930152883,-71.964431016245868,-3.035766E-015));
#7256=CARTESIAN_POINT('',(59.143209726978043,-72.389751449545869,-3.035766E-015));
#7257=CARTESIAN_POINT('',(58.571704704062228,-72.500000000000071,-3.035766E-015));
#7258=CARTESIAN_POINT('',(58.000000000000043,-72.500000000000071,-3.035766E-015));
#7259=B_SPLINE_CURVE_WITH_KNOTS('',3,(#7249,#7250,#7251,#7252,#7253,#7254,#7255,#7256,#7257,#7258),.UNSPECIFIED.,.F.,.U.,(4,2,2,2,4),(0.0,0.250000000000000,0.500000000000000,0.750000000000000,1.0),.UNSPECIFIED.);
#7260=EDGE_CURVE('',#7248,#7157,#7259,.T.);
#7261=ORIENTED_EDGE('',*,*,#7260,.F.);
#7262=CARTESIAN_POINT('',(62.500000000000043,-68.000000000000014,1.095044E-014));
#7263=CARTESIAN_POINT('',(62.500000000000043,-68.069375673943668,1.095044E-014));
#7264=CARTESIAN_POINT('',(62.498395386030779,-68.138751342597075,1.095044E-014));
#7265=CARTESIAN_POINT('',(62.495187873759889,-68.208052828873818,1.095044E-014));
#7266=QUASI_UNIFORM_CURVE('',3,(#7262,#7263,#7264,#7265),.UNSPECIFIED.,.F.,.U.);
#7267=EDGE_CURVE('',#7198,#7248,#7266,.T.);
#7268=ORIENTED_EDGE('',*,*,#7267,.F.);
#7269=ORIENTED_EDGE('',*,*,#7225,.T.);
#7270=ORIENTED_EDGE('',*,*,#3526,.T.);
#7271=ORIENTED_EDGE('',*,*,#3584,.T.);
#7272=ORIENTED_EDGE('',*,*,#3550,.T.);
#7273=ORIENTED_EDGE('',*,*,#3609,.T.);
#7274=ORIENTED_EDGE('',*,*,#3667,.T.);
#7275=ORIENTED_EDGE('',*,*,#3633,.T.);
#7276=ORIENTED_EDGE('',*,*,#3690,.T.);
#7277=ORIENTED_EDGE('',*,*,#3749,.T.);
#7278=ORIENTED_EDGE('',*,*,#3715,.T.);
#7279=ORIENTED_EDGE('',*,*,#3773,.T.);
#7280=ORIENTED_EDGE('',*,*,#3832,.T.);
#7281=ORIENTED_EDGE('',*,*,#3798,.T.);
#7282=EDGE_LOOP('',(#7243,#7244,#7245,#7246,#7261,#7268,#7269,#7270,#7271,#7272,#7273,#7274,#7275,#7276,#7277,#7278,#7279,#7280,#7281));
#7283=FACE_OUTER_BOUND('',#7282,.T.);
#7284=ORIENTED_EDGE('',*,*,#7102,.T.);
#7285=ORIENTED_EDGE('',*,*,#7074,.T.);
#7286=ORIENTED_EDGE('',*,*,#7143,.T.);
#7287=EDGE_LOOP('',(#7284,#7285,#7286));
#7288=FACE_BOUND('',#7287,.T.);
#7289=ORIENTED_EDGE('',*,*,#7016,.T.);
#7290=ORIENTED_EDGE('',*,*,#7040,.T.);
#7291=ORIENTED_EDGE('',*,*,#6906,.T.);
#7292=ORIENTED_EDGE('',*,*,#6889,.T.);
#7293=ORIENTED_EDGE('',*,*,#6852,.T.);
#7294=ORIENTED_EDGE('',*,*,#6935,.T.);
#7295=EDGE_LOOP('',(#7289,#7290,#7291,#7292,#7293,#7294));
#7296=FACE_BOUND('',#7295,.T.);
#7297=ORIENTED_EDGE('',*,*,#6747,.T.);
#7298=ORIENTED_EDGE('',*,*,#6816,.T.);
#7299=ORIENTED_EDGE('',*,*,#6682,.T.);
#7300=ORIENTED_EDGE('',*,*,#6639,.T.);
#7301=ORIENTED_EDGE('',*,*,#6711,.T.);
#7302=ORIENTED_EDGE('',*,*,#6769,.T.);
#7303=ORIENTED_EDGE('',*,*,#6799,.T.);
#7304=EDGE_LOOP('',(#7297,#7298,#7299,#7300,#7301,#7302,#7303));
#7305=FACE_BOUND('',#7304,.T.);
#7306=ORIENTED_EDGE('',*,*,#6551,.T.);
#7307=ORIENTED_EDGE('',*,*,#6576,.T.);
#7308=ORIENTED_EDGE('',*,*,#6441,.T.);
#7309=ORIENTED_EDGE('',*,*,#6398,.T.);
#7310=ORIENTED_EDGE('',*,*,#6470,.T.);
#7311=EDGE_LOOP('',(#7306,#7307,#7308,#7309,#7310));
#7312=FACE_BOUND('',#7311,.T.);
#7313=ORIENTED_EDGE('',*,*,#6317,.T.);
#7314=ORIENTED_EDGE('',*,*,#6334,.T.);
#7315=ORIENTED_EDGE('',*,*,#6180,.T.);
#7316=ORIENTED_EDGE('',*,*,#6137,.T.);
#7317=ORIENTED_EDGE('',*,*,#6209,.T.);
#7318=EDGE_LOOP('',(#7313,#7314,#7315,#7316,#7317));
#7319=FACE_BOUND('',#7318,.T.);
#7320=ORIENTED_EDGE('',*,*,#6047,.T.);
#7321=ORIENTED_EDGE('',*,*,#6072,.T.);
#7322=ORIENTED_EDGE('',*,*,#5972,.T.);
#7323=ORIENTED_EDGE('',*,*,#6007,.T.);
#7324=EDGE_LOOP('',(#7320,#7321,#7322,#7323));
#7325=FACE_BOUND('',#7324,.T.);
#7326=ORIENTED_EDGE('',*,*,#5907,.T.);
#7327=ORIENTED_EDGE('',*,*,#5932,.T.);
#7328=ORIENTED_EDGE('',*,*,#5832,.T.);
#7329=ORIENTED_EDGE('',*,*,#5867,.T.);
#7330=EDGE_LOOP('',(#7326,#7327,#7328,#7329));
#7331=FACE_BOUND('',#7330,.T.);
#7332=ORIENTED_EDGE('',*,*,#5767,.T.);
#7333=ORIENTED_EDGE('',*,*,#5792,.T.);
#7334=ORIENTED_EDGE('',*,*,#5692,.T.);
#7335=ORIENTED_EDGE('',*,*,#5727,.T.);
#7336=EDGE_LOOP('',(#7332,#7333,#7334,#7335));
#7337=FACE_BOUND('',#7336,.T.);
#7338=ORIENTED_EDGE('',*,*,#5627,.T.);
#7339=ORIENTED_EDGE('',*,*,#5652,.T.);
#7340=ORIENTED_EDGE('',*,*,#5552,.T.);
#7341=ORIENTED_EDGE('',*,*,#5587,.T.);
#7342=EDGE_LOOP('',(#7338,#7339,#7340,#7341));
#7343=FACE_BOUND('',#7342,.T.);
#7344=ORIENTED_EDGE('',*,*,#5470,.T.);
#7345=ORIENTED_EDGE('',*,*,#5442,.T.);
#7346=ORIENTED_EDGE('',*,*,#5511,.T.);
#7347=EDGE_LOOP('',(#7344,#7345,#7346));
#7348=FACE_BOUND('',#7347,.T.);
#7349=ORIENTED_EDGE('',*,*,#5367,.T.);
#7350=ORIENTED_EDGE('',*,*,#5339,.T.);
#7351=ORIENTED_EDGE('',*,*,#5408,.T.);
#7352=EDGE_LOOP('',(#7349,#7350,#7351));
#7353=FACE_BOUND('',#7352,.T.);
#7354=ORIENTED_EDGE('',*,*,#5264,.T.);
#7355=ORIENTED_EDGE('',*,*,#5236,.T.);
#7356=ORIENTED_EDGE('',*,*,#5305,.T.);
#7357=EDGE_LOOP('',(#7354,#7355,#7356));
#7358=FACE_BOUND('',#7357,.T.);
#7359=ORIENTED_EDGE('',*,*,#5161,.T.);
#7360=ORIENTED_EDGE('',*,*,#5133,.T.);
#7361=ORIENTED_EDGE('',*,*,#5202,.T.);
#7362=EDGE_LOOP('',(#7359,#7360,#7361));
#7363=FACE_BOUND('',#7362,.T.);
#7364=ORIENTED_EDGE('',*,*,#5058,.T.);
#7365=ORIENTED_EDGE('',*,*,#5030,.T.);
#7366=ORIENTED_EDGE('',*,*,#5099,.T.);
#7367=EDGE_LOOP('',(#7364,#7365,#7366));
#7368=FACE_BOUND('',#7367,.T.);
#7369=ORIENTED_EDGE('',*,*,#4955,.T.);
#7370=ORIENTED_EDGE('',*,*,#4927,.T.);
#7371=ORIENTED_EDGE('',*,*,#4996,.T.);
#7372=EDGE_LOOP('',(#7369,#7370,#7371));
#7373=FACE_BOUND('',#7372,.T.);
#7374=ORIENTED_EDGE('',*,*,#4852,.T.);
#7375=ORIENTED_EDGE('',*,*,#4824,.T.);
#7376=ORIENTED_EDGE('',*,*,#4893,.T.);
#7377=EDGE_LOOP('',(#7374,#7375,#7376));
#7378=FACE_BOUND('',#7377,.T.);
#7379=ORIENTED_EDGE('',*,*,#4749,.T.);
#7380=ORIENTED_EDGE('',*,*,#4721,.T.);
#7381=ORIENTED_EDGE('',*,*,#4790,.T.);
#7382=EDGE_LOOP('',(#7379,#7380,#7381));
#7383=FACE_BOUND('',#7382,.T.);
#7384=ORIENTED_EDGE('',*,*,#4646,.T.);
#7385=ORIENTED_EDGE('',*,*,#4618,.T.);
#7386=ORIENTED_EDGE('',*,*,#4687,.T.);
#7387=EDGE_LOOP('',(#7384,#7385,#7386));
#7388=FACE_BOUND('',#7387,.T.);
#7389=ORIENTED_EDGE('',*,*,#4543,.T.);
#7390=ORIENTED_EDGE('',*,*,#4515,.T.);
#7391=ORIENTED_EDGE('',*,*,#4584,.T.);
#7392=EDGE_LOOP('',(#7389,#7390,#7391));
#7393=FACE_BOUND('',#7392,.T.);
#7394=ORIENTED_EDGE('',*,*,#4440,.T.);
#7395=ORIENTED_EDGE('',*,*,#4412,.T.);
#7396=ORIENTED_EDGE('',*,*,#4481,.T.);
#7397=EDGE_LOOP('',(#7394,#7395,#7396));
#7398=FACE_BOUND('',#7397,.T.);
#7399=ORIENTED_EDGE('',*,*,#4183,.T.);
#7400=ORIENTED_EDGE('',*,*,#3991,.T.);
#7401=ORIENTED_EDGE('',*,*,#4378,.T.);
#7402=EDGE_LOOP('',(#7399,#7400,#7401));
#7403=FACE_BOUND('',#7402,.T.);
#7404=ADVANCED_FACE('',(#7283,#7288,#7296,#7305,#7312,#7319,#7325,#7331,#7337,#7343,#7348,#7353,#7358,#7363,#7368,#7373,#7378,#7383,#7388,#7393,#7398,#7403),#7242,.T.);
#7405=CARTESIAN_POINT('',(58.0,-68.0,-0.550000000000013));
#7406=DIRECTION('',(0.0,0.0,-1.0));
#7407=DIRECTION('',(-1.0,0.0,0.0));
#7408=AXIS2_PLACEMENT_3D('',#7405,#7406,#7407);
#7409=CONICAL_SURFACE('',#7408,5.050000000000080,45.000000000000689);
#7410=ORIENTED_EDGE('',*,*,#7231,.T.);
#7411=ORIENTED_EDGE('',*,*,#7267,.T.);
#7412=ORIENTED_EDGE('',*,*,#7260,.T.);
#7413=ORIENTED_EDGE('',*,*,#7162,.T.);
#7414=ORIENTED_EDGE('',*,*,#7185,.T.);
#7415=EDGE_LOOP('',(#7410,#7411,#7412,#7413,#7414));
#7416=FACE_OUTER_BOUND('',#7415,.T.);
#7417=ADVANCED_FACE('',(#7416),#7409,.T.);
#7418=CLOSED_SHELL('',(#596,#652,#683,#739,#770,#826,#857,#913,#944,#1009,#1056,#1087,#3474,#3499,#3530,#3589,#3613,#3672,#3696,#3755,#3779,#3838,#3862,#3923,#3962,#4187,#4383,#4444,#4486,#4547,#4589,#4650,#4692,#4753,#4795,#4856,#4898,#4959,#5001,#5062,#5104,#5165,#5207,#5268,#5310,#5371,#5413,#5474,#5516,#5569,#5593,#5639,#5656,#5709,#5733,#5779,#5796,#5849,#5873,#5919,#5936,#5989,#6013,#6059,#6076,#6141,#6190,#6214,#6236,#6246,#6322,#6339,#6402,#6451,#6475,#6563,#6580,#6643,#6692,#6716,#6751,#6774,#6804,#6821,#6856,#6893,#6916,#6940,#7028,#7045,#7106,#7148,#7172,#7191,#7237,#7404,#7417));
#7419=MANIFOLD_SOLID_BREP('',#7418);
#7420=ADVANCED_BREP_SHAPE_REPRESENTATION('',(#7419),#28);
#7421=SHAPE_REPRESENTATION_RELATIONSHIP('','',#7420,#121);
#7422=GEOMETRIC_SET('',(#130,#136,#144,#150,#156,#164,#172,#178,#186,#192,#200,#208,#214,#220,#228,#236,#244,#252,#260,#268,#276,#284,#292,#300,#308,#316,#324,#332,#338,#346,#352,#360,#366,#374,#380,#388,#394,#402,#408,#416,#422,#430,#436,#444,#452,#458,#464,#472,#478,#484,#492,#500,#506,#512,#520,#528,#534,#540,#548,#556));
#7423=GEOMETRICALLY_BOUNDED_SURFACE_SHAPE_REPRESENTATION('',(#7422),#28);
#7424=SHAPE_REPRESENTATION_RELATIONSHIP('','',#7423,#121);
ENDSEC;
END-ISO-10303-21;
