ISO-10303-21;
HEADER;
FILE_DESCRIPTION (( 'STEP AP214' ),
    '1' );
FILE_NAME ('µ×°å-850.STEP',
    '2023-07-03T03:46:18',
    ( '' ),
    ( '' ),
    'SwSTEP 2.0',
    'SolidWorks 2020',
    '' );
FILE_SCHEMA (( 'AUTOMOTIVE_DESIGN' ));
ENDSEC;

DATA;
#1 = CARTESIAN_POINT ( 'NONE',  ( -95.00000000000000000, -75.80000000000001137, 0.000000000000000000 ) ) ;
#2 = ORIENTED_EDGE ( 'NONE', *, *, #1924, .T. ) ;
#3 = EDGE_CURVE ( 'NONE', #951, #1399, #1445, .T. ) ;
#4 = FACE_OUTER_BOUND ( 'NONE', #273, .T. ) ;
#5 = PRODUCT ( 'µ×°å-850', 'µ×°å-850', '', ( #1558 ) ) ;
#6 = ORIENTED_EDGE ( 'NONE', *, *, #1114, .T. ) ;
#7 = CARTESIAN_POINT ( 'NONE',  ( 115.0000000000000142, 60.00000000000000000, 10.00000000000000000 ) ) ;
#8 = ORIENTED_EDGE ( 'NONE', *, *, #145, .T. ) ;
#9 = LINE ( 'NONE', #655, #931 ) ;
#10 = VERTEX_POINT ( 'NONE', #1408 ) ;
#11 = CARTESIAN_POINT ( 'NONE',  ( -75.00000000000000000, -80.00000000000000000, 0.000000000000000000 ) ) ;
#12 = ORIENTED_EDGE ( 'NONE', *, *, #989, .F. ) ;
#13 = PLANE ( 'NONE',  #1712 ) ;
#14 = ADVANCED_FACE ( 'NONE', ( #198 ), #513, .F. ) ;
#15 = PRESENTATION_LAYER_ASSIGNMENT (  '', '', ( #1840 ) ) ;
#16 = ORIENTED_EDGE ( 'NONE', *, *, #806, .T. ) ;
#17 = CARTESIAN_POINT ( 'NONE',  ( -95.00000000000000000, -84.20000000000000284, 0.000000000000000000 ) ) ;
#18 = VECTOR ( 'NONE', #1479, 1000.000000000000000 ) ;
#19 = ADVANCED_FACE ( 'NONE', ( #521 ), #1166, .F. ) ;
#20 = EDGE_LOOP ( 'NONE', ( #1217, #894, #1974, #6 ) ) ;
#21 = AXIS2_PLACEMENT_3D ( 'NONE', #732, #724, #70 ) ;
#22 = AXIS2_PLACEMENT_3D ( 'NONE', #251, #73, #219 ) ;
#23 = LINE ( 'NONE', #1625, #1985 ) ;
#24 = DIRECTION ( 'NONE',  ( 0.000000000000000000, 0.000000000000000000, 1.000000000000000000 ) ) ;
#25 = AXIS2_PLACEMENT_3D ( 'NONE', #1763, #1146, #1283 ) ;
#26 = AXIS2_PLACEMENT_3D ( 'NONE', #17, #1142, #665 ) ;
#27 = DIRECTION ( 'NONE',  ( -0.000000000000000000, -0.000000000000000000, 1.000000000000000000 ) ) ;
#28 = LINE ( 'NONE', #504, #628 ) ;
#29 = ORIENTED_EDGE ( 'NONE', *, *, #1954, .T. ) ;
#30 = CARTESIAN_POINT ( 'NONE',  ( -95.00000000000000000, 84.20000000000000284, 10.00000000000000000 ) ) ;
#31 = ORIENTED_EDGE ( 'NONE', *, *, #416, .F. ) ;
#32 = EDGE_CURVE ( 'NONE', #530, #220, #1296, .T. ) ;
#33 = DIRECTION ( 'NONE',  ( 1.000000000000000000, 0.000000000000000000, 0.000000000000000000 ) ) ;
#34 = ORIENTED_EDGE ( 'NONE', *, *, #1491, .F. ) ;
#35 = ADVANCED_FACE ( 'NONE', ( #319 ), #1481, .F. ) ;
#36 = FACE_OUTER_BOUND ( 'NONE', #1849, .T. ) ;
#37 = DIRECTION ( 'NONE',  ( -0.000000000000000000, -0.000000000000000000, 1.000000000000000000 ) ) ;
#38 = CARTESIAN_POINT ( 'NONE',  ( -119.2000000000000313, -60.00000000000000000, 10.00000000000000000 ) ) ;
#39 = CARTESIAN_POINT ( 'NONE',  ( -114.9999999999999858, -80.00000000000000000, 0.000000000000000000 ) ) ;
#40 = VERTEX_POINT ( 'NONE', #38 ) ;
#41 = DIRECTION ( 'NONE',  ( 0.000000000000000000, 0.000000000000000000, 1.000000000000000000 ) ) ;
#42 = ORIENTED_EDGE ( 'NONE', *, *, #1320, .F. ) ;
#43 = CARTESIAN_POINT ( 'NONE',  ( 109.9999999999999858, 75.00000000000000000, 10.00000000000000000 ) ) ;
#44 = EDGE_LOOP ( 'NONE', ( #1798, #1827, #1032, #519 ) ) ;
#45 = DIRECTION ( 'NONE',  ( -0.000000000000000000, -0.000000000000000000, 1.000000000000000000 ) ) ;
#46 = CARTESIAN_POINT ( 'NONE',  ( 60.10407640085642100, 60.10407640085665548, 10.00000000000000000 ) ) ;
#47 = EDGE_CURVE ( 'NONE', #1021, #339, #1787, .T. ) ;
#48 = DIRECTION ( 'NONE',  ( 0.000000000000000000, -0.000000000000000000, 1.000000000000000000 ) ) ;
#49 = CARTESIAN_POINT ( 'NONE',  ( 75.00000000000000000, -80.00000000000000000, 0.000000000000000000 ) ) ;
#50 = VERTEX_POINT ( 'NONE', #1627 ) ;
#51 = CARTESIAN_POINT ( 'NONE',  ( -95.00000000000000000, 75.80000000000001137, 0.000000000000000000 ) ) ;
#52 = ORIENTED_EDGE ( 'NONE', *, *, #301, .F. ) ;
#53 = CARTESIAN_POINT ( 'NONE',  ( -95.00000000000000000, 84.20000000000000284, 0.000000000000000000 ) ) ;
#54 = ORIENTED_EDGE ( 'NONE', *, *, #357, .T. ) ;
#55 = CARTESIAN_POINT ( 'NONE',  ( 56.70407640085642953, 60.10407640085665548, 10.00000000000000000 ) ) ;
#56 = FACE_OUTER_BOUND ( 'NONE', #1962, .T. ) ;
#57 = CIRCLE ( 'NONE', #1133, 4.200000000000009059 ) ;
#58 = VECTOR ( 'NONE', #1608, 1000.000000000000000 ) ;
#59 = DIRECTION ( 'NONE',  ( -6.938893903907232322E-16, 1.000000000000000000, 0.000000000000000000 ) ) ;
#60 = CIRCLE ( 'NONE', #1402, 4.199999999999981526 ) ;
#61 = ADVANCED_FACE ( 'NONE', ( #682 ), #637, .F. ) ;
#62 = CARTESIAN_POINT ( 'NONE',  ( -110.0000000000000000, 75.00000000000000000, 10.00000000000000000 ) ) ;
#63 = VERTEX_POINT ( 'NONE', #489 ) ;
#64 = AXIS2_PLACEMENT_3D ( 'NONE', #1870, #2069, #1389 ) ;
#65 = STYLED_ITEM ( 'NONE', ( #1370 ), #1307 ) ;
#66 =( NAMED_UNIT ( * ) PLANE_ANGLE_UNIT ( ) SI_UNIT ( $, .RADIAN. ) );
#67 = VERTEX_POINT ( 'NONE', #1131 ) ;
#68 = DIRECTION ( 'NONE',  ( -6.938893903907232322E-16, 1.000000000000000000, 0.000000000000000000 ) ) ;
#69 = ORIENTED_EDGE ( 'NONE', *, *, #1897, .T. ) ;
#70 = DIRECTION ( 'NONE',  ( -1.000000000000000000, 0.000000000000000000, 0.000000000000000000 ) ) ;
#71 =( LENGTH_UNIT ( ) NAMED_UNIT ( * ) SI_UNIT ( .MILLI., .METRE. ) );
#72 = LINE ( 'NONE', #556, #197 ) ;
#73 = DIRECTION ( 'NONE',  ( -1.000000000000000000, -6.938893903907233308E-16, 0.000000000000000000 ) ) ;
#74 =( NAMED_UNIT ( * ) SI_UNIT ( $, .STERADIAN. ) SOLID_ANGLE_UNIT ( ) );
#75 = ADVANCED_FACE ( 'NONE', ( #1776 ), #1274, .F. ) ;
#76 = EDGE_LOOP ( 'NONE', ( #1009, #1036, #1141, #1747 ) ) ;
#77 = CARTESIAN_POINT ( 'NONE',  ( -70.80000000000001137, 80.00000000000000000, 10.00000000000000000 ) ) ;
#78 = EDGE_LOOP ( 'NONE', ( #990, #1556, #1756, #1134, #2 ) ) ;
#79 = CARTESIAN_POINT ( 'NONE',  ( 75.00000000000000000, -75.80000000000002558, 10.00000000000000000 ) ) ;
#80 = UNCERTAINTY_MEASURE_WITH_UNIT (LENGTH_MEASURE( 1.000000000000000082E-05 ), #442, 'distance_accuracy_value', 'NONE');
#81 = CARTESIAN_POINT ( 'NONE',  ( -95.00000000000000000, -75.80000000000001137, 0.000000000000000000 ) ) ;
#82 = DIRECTION ( 'NONE',  ( -6.938893903907233308E-16, -1.000000000000000000, 0.000000000000000000 ) ) ;
#83 = FACE_OUTER_BOUND ( 'NONE', #347, .T. ) ;
#84 = EDGE_LOOP ( 'NONE', ( #143, #12 ) ) ;
#85 = EDGE_CURVE ( 'NONE', #917, #1964, #461, .T. ) ;
#86 = ORIENTED_EDGE ( 'NONE', *, *, #1687, .F. ) ;
#87 = CARTESIAN_POINT ( 'NONE',  ( -130.0000000000000000, -95.00000000000000000, 10.00000000000000000 ) ) ;
#88 = EDGE_CURVE ( 'NONE', #838, #1345, #1543, .T. ) ;
#89 = CARTESIAN_POINT ( 'NONE',  ( -110.7999999999999972, -60.00000000000000000, 0.000000000000000000 ) ) ;
#90 = CARTESIAN_POINT ( 'NONE',  ( -110.7999999999999972, -60.00000000000000000, 10.00000000000000000 ) ) ;
#91 = VECTOR ( 'NONE', #1701, 1000.000000000000000 ) ;
#92 = CIRCLE ( 'NONE', #363, 65.00000000000000000 ) ;
#93 = CIRCLE ( 'NONE', #227, 4.199999999999981526 ) ;
#94 = DIRECTION ( 'NONE',  ( 1.000000000000000000, 0.000000000000000000, 0.000000000000000000 ) ) ;
#95 = VECTOR ( 'NONE', #211, 1000.000000000000000 ) ;
#96 = AXIS2_PLACEMENT_3D ( 'NONE', #1764, #984, #171 ) ;
#97 = EDGE_LOOP ( 'NONE', ( #1281, #205, #1364, #447 ) ) ;
#98 = VECTOR ( 'NONE', #1112, 1000.000000000000000 ) ;
#99 = ORIENTED_EDGE ( 'NONE', *, *, #1551, .F. ) ;
#100 = CARTESIAN_POINT ( 'NONE',  ( -130.0000000000000000, 75.00000000000000000, 0.000000000000000000 ) ) ;
#101 = UNCERTAINTY_MEASURE_WITH_UNIT (LENGTH_MEASURE( 1.000000000000000082E-05 ), #1671, 'distance_accuracy_value', 'NONE');
#102 = ADVANCED_FACE ( 'NONE', ( #1466 ), #1312, .F. ) ;
#103 = DIRECTION ( 'NONE',  ( 1.000000000000000000, 0.000000000000000000, 0.000000000000000000 ) ) ;
#104 = DIRECTION ( 'NONE',  ( 1.000000000000000000, 0.000000000000000000, 0.000000000000000000 ) ) ;
#105 = FACE_OUTER_BOUND ( 'NONE', #1113, .T. ) ;
#106 = VERTEX_POINT ( 'NONE', #1330 ) ;
#107 = ORIENTED_EDGE ( 'NONE', *, *, #175, .F. ) ;
#108 = CARTESIAN_POINT ( 'NONE',  ( -95.00000000000000000, -80.00000000000000000, 0.000000000000000000 ) ) ;
#109 = DIRECTION ( 'NONE',  ( -0.000000000000000000, -0.000000000000000000, 1.000000000000000000 ) ) ;
#110 = ADVANCED_FACE ( 'NONE', ( #1841 ), #1348, .F. ) ;
#111 = LINE ( 'NONE', #1725, #125 ) ;
#112 = EDGE_CURVE ( 'NONE', #1341, #1418, #798, .T. ) ;
#113 = ORIENTED_EDGE ( 'NONE', *, *, #847, .F. ) ;
#114 = CARTESIAN_POINT ( 'NONE',  ( 56.70407640085642953, 60.10407640085665548, 0.000000000000000000 ) ) ;
#115 = ORIENTED_EDGE ( 'NONE', *, *, #585, .F. ) ;
#116 = DIRECTION ( 'NONE',  ( 0.000000000000000000, -1.000000000000000000, 0.000000000000000000 ) ) ;
#117 = FILL_AREA_STYLE_COLOUR ( '', #452 ) ;
#118 = UNCERTAINTY_MEASURE_WITH_UNIT (LENGTH_MEASURE( 1.000000000000000082E-05 ), #1823, 'distance_accuracy_value', 'NONE');
#119 = LINE ( 'NONE', #583, #597 ) ;
#120 = LINE ( 'NONE', #762, #459 ) ;
#121 = VECTOR ( 'NONE', #839, 1000.000000000000000 ) ;
#122 = EDGE_CURVE ( 'NONE', #730, #530, #228, .T. ) ;
#123 = CARTESIAN_POINT ( 'NONE',  ( -119.2000000000000313, 79.99999999999998579, 10.00000000000000000 ) ) ;
#124 = AXIS2_PLACEMENT_3D ( 'NONE', #857, #2001, #1975 ) ;
#125 = VECTOR ( 'NONE', #136, 1000.000000000000000 ) ;
#126 = ORIENTED_EDGE ( 'NONE', *, *, #959, .F. ) ;
#127 = DIRECTION ( 'NONE',  ( -0.000000000000000000, 0.000000000000000000, 1.000000000000000000 ) ) ;
#128 = AXIS2_PLACEMENT_3D ( 'NONE', #1992, #1329, #733 ) ;
#129 = VECTOR ( 'NONE', #1219, 1000.000000000000000 ) ;
#130 = ORIENTED_EDGE ( 'NONE', *, *, #1647, .T. ) ;
#131 = AXIS2_PLACEMENT_3D ( 'NONE', #372, #1790, #348 ) ;
#132 = DIRECTION ( 'NONE',  ( 0.000000000000000000, 0.000000000000000000, -1.000000000000000000 ) ) ;
#133 = SURFACE_SIDE_STYLE ('',( #782 ) ) ;
#134 = CARTESIAN_POINT ( 'NONE',  ( 0.000000000000000000, 0.000000000000000000, 10.00000000000000000 ) ) ;
#135 = CARTESIAN_POINT ( 'NONE',  ( -119.2000000000000313, -60.00000000000000000, 0.000000000000000000 ) ) ;
#136 = DIRECTION ( 'NONE',  ( -1.000000000000000000, 6.938893903907227392E-16, -0.000000000000000000 ) ) ;
#137 = ORIENTED_EDGE ( 'NONE', *, *, #2082, .F. ) ;
#138 = DIRECTION ( 'NONE',  ( 0.000000000000000000, 0.000000000000000000, 1.000000000000000000 ) ) ;
#139 = EDGE_CURVE ( 'NONE', #1350, #1125, #1510, .T. ) ;
#140 = DIRECTION ( 'NONE',  ( -0.000000000000000000, -0.000000000000000000, 1.000000000000000000 ) ) ;
#141 = CARTESIAN_POINT ( 'NONE',  ( -95.00000000000000000, 84.20000000000000284, 10.00000000000000000 ) ) ;
#142 = CARTESIAN_POINT ( 'NONE',  ( -119.2000000000000313, 60.00000000000000000, 10.00000000000000000 ) ) ;
#143 = ORIENTED_EDGE ( 'NONE', *, *, #88, .F. ) ;
#144 = ORIENTED_EDGE ( 'NONE', *, *, #1630, .T. ) ;
#145 = EDGE_CURVE ( 'NONE', #382, #1081, #567, .T. ) ;
#146 = DIRECTION ( 'NONE',  ( -0.000000000000000000, 0.000000000000000000, -1.000000000000000000 ) ) ;
#147 = ORIENTED_EDGE ( 'NONE', *, *, #423, .F. ) ;
#148 = CARTESIAN_POINT ( 'NONE',  ( 95.00000000000000000, 75.80000000000001137, 0.000000000000000000 ) ) ;
#149 = CARTESIAN_POINT ( 'NONE',  ( 119.2000000000000313, 79.99999999999998579, 0.000000000000000000 ) ) ;
#150 = CARTESIAN_POINT ( 'NONE',  ( -56.70407640085643663, -60.10407640085665548, 10.00000000000000178 ) ) ;
#151 = VERTEX_POINT ( 'NONE', #1213 ) ;
#152 = CIRCLE ( 'NONE', #1435, 4.200000000000023270 ) ;
#153 = EDGE_LOOP ( 'NONE', ( #263, #684, #394, #1056 ) ) ;
#154 = DIRECTION ( 'NONE',  ( -1.000000000000000000, 0.000000000000000000, 0.000000000000000000 ) ) ;
#155 = VECTOR ( 'NONE', #883, 1000.000000000000000 ) ;
#156 = AXIS2_PLACEMENT_3D ( 'NONE', #695, #41, #968 ) ;
#157 = VERTEX_POINT ( 'NONE', #1058 ) ;
#158 = DIRECTION ( 'NONE',  ( -0.000000000000000000, -0.000000000000000000, 1.000000000000000000 ) ) ;
#159 = LINE ( 'NONE', #1794, #1035 ) ;
#160 = CIRCLE ( 'NONE', #1005, 65.00000000000000000 ) ;
#161 = EDGE_CURVE ( 'NONE', #1231, #1083, #1983, .T. ) ;
#162 = DIRECTION ( 'NONE',  ( 6.938893903907233308E-16, 1.000000000000000000, 0.000000000000000000 ) ) ;
#163 = CARTESIAN_POINT ( 'NONE',  ( -56.70407640085687007, 60.10407640085621495, 0.000000000000000000 ) ) ;
#164 = ORIENTED_EDGE ( 'NONE', *, *, #522, .F. ) ;
#165 = SURFACE_STYLE_FILL_AREA ( #1799 ) ;
#166 = ORIENTED_EDGE ( 'NONE', *, *, #1363, .F. ) ;
#167 = FACE_OUTER_BOUND ( 'NONE', #1242, .T. ) ;
#168 = ORIENTED_EDGE ( 'NONE', *, *, #246, .F. ) ;
#169 = LINE ( 'NONE', #1164, #930 ) ;
#170 = DIRECTION ( 'NONE',  ( 1.000000000000000000, 0.000000000000000000, 0.000000000000000000 ) ) ;
#171 = DIRECTION ( 'NONE',  ( -0.000000000000000000, 0.000000000000000000, -1.000000000000000000 ) ) ;
#172 = EDGE_CURVE ( 'NONE', #1123, #1801, #727, .T. ) ;
#173 = ORIENTED_EDGE ( 'NONE', *, *, #2034, .T. ) ;
#174 = DIRECTION ( 'NONE',  ( -6.938893903907233308E-16, 1.000000000000000000, 0.000000000000000000 ) ) ;
#175 = EDGE_CURVE ( 'NONE', #1629, #515, #1686, .T. ) ;
#176 = ORIENTED_EDGE ( 'NONE', *, *, #1589, .T. ) ;
#177 = PRESENTATION_STYLE_ASSIGNMENT (( #1595 ) ) ;
#178 = VERTEX_POINT ( 'NONE', #536 ) ;
#179 = CARTESIAN_POINT ( 'NONE',  ( -60.10407640085686154, 60.10407640085621495, 10.00000000000000000 ) ) ;
#180 = CARTESIAN_POINT ( 'NONE',  ( 110.7999999999999829, -79.99999999999998579, 10.00000000000000000 ) ) ;
#181 = DIRECTION ( 'NONE',  ( -0.000000000000000000, -0.000000000000000000, 1.000000000000000000 ) ) ;
#182 = FACE_OUTER_BOUND ( 'NONE', #524, .T. ) ;
#183 = ORIENTED_EDGE ( 'NONE', *, *, #254, .F. ) ;
#184 = EDGE_CURVE ( 'NONE', #1926, #1766, #668, .T. ) ;
#185 = CYLINDRICAL_SURFACE ( 'NONE', #1878, 3.399999999999993250 ) ;
#186 = CIRCLE ( 'NONE', #496, 3.399999999999993250 ) ;
#187 = ORIENTED_EDGE ( 'NONE', *, *, #1377, .T. ) ;
#188 = DIRECTION ( 'NONE',  ( -0.000000000000000000, -0.000000000000000000, 1.000000000000000000 ) ) ;
#189 = PRESENTATION_LAYER_ASSIGNMENT (  '', '', ( #1372 ) ) ;
#190 = EDGE_LOOP ( 'NONE', ( #1632, #1318, #1952, #1438 ) ) ;
#191 = CIRCLE ( 'NONE', #1172, 4.199999999999995737 ) ;
#192 = AXIS2_PLACEMENT_3D ( 'NONE', #986, #1158, #1313 ) ;
#193 = CARTESIAN_POINT ( 'NONE',  ( -115.0000000000000142, 60.00000000000000000, 10.00000000000000000 ) ) ;
#194 = DIRECTION ( 'NONE',  ( -0.000000000000000000, -0.000000000000000000, 1.000000000000000000 ) ) ;
#195 = VECTOR ( 'NONE', #785, 1000.000000000000000 ) ;
#196 = AXIS2_PLACEMENT_3D ( 'NONE', #297, #1076, #1722 ) ;
#197 = VECTOR ( 'NONE', #1200, 1000.000000000000000 ) ;
#198 = FACE_OUTER_BOUND ( 'NONE', #1923, .T. ) ;
#199 = DIRECTION ( 'NONE',  ( -0.000000000000000000, -0.000000000000000000, 1.000000000000000000 ) ) ;
#200 = ORIENTED_EDGE ( 'NONE', *, *, #85, .T. ) ;
#201 = LINE ( 'NONE', #525, #1406 ) ;
#202 = ORIENTED_EDGE ( 'NONE', *, *, #932, .F. ) ;
#203 = FACE_OUTER_BOUND ( 'NONE', #723, .T. ) ;
#204 = EDGE_CURVE ( 'NONE', #1614, #517, #380, .T. ) ;
#205 = ORIENTED_EDGE ( 'NONE', *, *, #1867, .F. ) ;
#206 = CARTESIAN_POINT ( 'NONE',  ( 95.00000000000000000, -75.80000000000001137, 0.000000000000000000 ) ) ;
#207 = DIRECTION ( 'NONE',  ( 0.000000000000000000, 0.000000000000000000, 1.000000000000000000 ) ) ;
#208 = EDGE_LOOP ( 'NONE', ( #1047, #2020 ) ) ;
#209 = SURFACE_STYLE_USAGE ( .BOTH. , #808 ) ;
#210 = ORIENTED_EDGE ( 'NONE', *, *, #585, .T. ) ;
#211 = DIRECTION ( 'NONE',  ( -0.000000000000000000, -0.000000000000000000, 1.000000000000000000 ) ) ;
#212 = ORIENTED_EDGE ( 'NONE', *, *, #922, .T. ) ;
#213 = CARTESIAN_POINT ( 'NONE',  ( -110.0000000000000000, 95.00000000000000000, 10.00000000000000000 ) ) ;
#214 = ADVANCED_FACE ( 'NONE', ( #217 ), #1051, .F. ) ;
#215 = EDGE_LOOP ( 'NONE', ( #1488, #440, #600, #1955 ) ) ;
#216 = CARTESIAN_POINT ( 'NONE',  ( 110.7999999999999829, 79.99999999999998579, 0.000000000000000000 ) ) ;
#217 = FACE_OUTER_BOUND ( 'NONE', #1824, .T. ) ;
#218 = EDGE_CURVE ( 'NONE', #942, #1726, #1695, .T. ) ;
#219 = DIRECTION ( 'NONE',  ( 6.938893903907233308E-16, -1.000000000000000000, 0.000000000000000000 ) ) ;
#220 = VERTEX_POINT ( 'NONE', #1979 ) ;
#221 = DIRECTION ( 'NONE',  ( 0.000000000000000000, 0.000000000000000000, -1.000000000000000000 ) ) ;
#222 = ORIENTED_EDGE ( 'NONE', *, *, #1715, .T. ) ;
#223 = DIRECTION ( 'NONE',  ( 1.000000000000000000, 0.000000000000000000, 0.000000000000000000 ) ) ;
#224 = VERTEX_POINT ( 'NONE', #250 ) ;
#225 = DIRECTION ( 'NONE',  ( 0.000000000000000000, 0.000000000000000000, 1.000000000000000000 ) ) ;
#226 = AXIS2_PLACEMENT_3D ( 'NONE', #239, #1050, #563 ) ;
#227 = AXIS2_PLACEMENT_3D ( 'NONE', #49, #1359, #1214 ) ;
#228 = LINE ( 'NONE', #1820, #1680 ) ;
#229 = VECTOR ( 'NONE', #2011, 1000.000000000000000 ) ;
#230 = CYLINDRICAL_SURFACE ( 'NONE', #1335, 4.200000000000009059 ) ;
#231 = COLOUR_RGB ( '',0.8980392156862745390, 0.9176470588235293713, 0.9294117647058823817 ) ;
#232 = ADVANCED_FACE ( 'NONE', ( #1534 ), #859, .F. ) ;
#233 = AXIS2_PLACEMENT_3D ( 'NONE', #334, #181, #1654 ) ;
#234 = VECTOR ( 'NONE', #952, 1000.000000000000000 ) ;
#235 = CARTESIAN_POINT ( 'NONE',  ( 110.0000000000000000, -74.99999999999998579, 0.000000000000000000 ) ) ;
#236 = ORIENTED_EDGE ( 'NONE', *, *, #713, .F. ) ;
#237 = CARTESIAN_POINT ( 'NONE',  ( 95.00000000000000000, -84.20000000000000284, 0.000000000000000000 ) ) ;
#238 = ORIENTED_EDGE ( 'NONE', *, *, #555, .T. ) ;
#239 = CARTESIAN_POINT ( 'NONE',  ( -114.9999999999999858, -80.00000000000000000, 10.00000000000000000 ) ) ;
#240 = CARTESIAN_POINT ( 'NONE',  ( -60.10407640085642100, -60.10407640085665548, 10.00000000000000178 ) ) ;
#241 = CARTESIAN_POINT ( 'NONE',  ( -119.2000000000000313, 60.00000000000000000, 0.000000000000000000 ) ) ;
#242 = ADVANCED_FACE ( 'NONE', ( #736 ), #1027, .F. ) ;
#243 = DIRECTION ( 'NONE',  ( -0.000000000000000000, -0.000000000000000000, 1.000000000000000000 ) ) ;
#244 = ORIENTED_EDGE ( 'NONE', *, *, #667, .F. ) ;
#245 = CARTESIAN_POINT ( 'NONE',  ( -115.0000000000000142, 60.00000000000000000, 0.000000000000000000 ) ) ;
#246 = EDGE_CURVE ( 'NONE', #1323, #1074, #2078, .T. ) ;
#247 = ORIENTED_EDGE ( 'NONE', *, *, #330, .F. ) ;
#248 = CARTESIAN_POINT ( 'NONE',  ( -95.00000000000000000, -84.20000000000000284, 10.00000000000000000 ) ) ;
#249 =( NAMED_UNIT ( * ) SI_UNIT ( $, .STERADIAN. ) SOLID_ANGLE_UNIT ( ) );
#250 = CARTESIAN_POINT ( 'NONE',  ( 95.00000000000000000, 75.80000000000001137, 10.00000000000000000 ) ) ;
#251 = CARTESIAN_POINT ( 'NONE',  ( -119.2000000000000313, 79.99999999999998579, 0.000000000000000000 ) ) ;
#252 = CYLINDRICAL_SURFACE ( 'NONE', #432, 4.199999999999981526 ) ;
#253 = VERTEX_POINT ( 'NONE', #1673 ) ;
#254 = EDGE_CURVE ( 'NONE', #1531, #1972, #72, .T. ) ;
#255 = ORIENTED_EDGE ( 'NONE', *, *, #1891, .F. ) ;
#256 = CARTESIAN_POINT ( 'NONE',  ( 99.20000000000000284, 80.00000000000000000, 0.000000000000000000 ) ) ;
#257 = CARTESIAN_POINT ( 'NONE',  ( 119.2000000000000313, -60.00000000000000000, 0.000000000000000000 ) ) ;
#258 = DIRECTION ( 'NONE',  ( -0.000000000000000000, -0.000000000000000000, 1.000000000000000000 ) ) ;
#259 = VECTOR ( 'NONE', #426, 1000.000000000000000 ) ;
#260 = CIRCLE ( 'NONE', #1471, 4.199999999999981526 ) ;
#261 = PRESENTATION_LAYER_ASSIGNMENT (  '', '', ( #662 ) ) ;
#262 = VECTOR ( 'NONE', #618, 1000.000000000000000 ) ;
#263 = ORIENTED_EDGE ( 'NONE', *, *, #1086, .F. ) ;
#264 =( GEOMETRIC_REPRESENTATION_CONTEXT ( 3 ) GLOBAL_UNCERTAINTY_ASSIGNED_CONTEXT ( ( #1737 ) ) GLOBAL_UNIT_ASSIGNED_CONTEXT ( ( #598, #1718, #1229 ) ) REPRESENTATION_CONTEXT ( 'NONE', 'WORKASPACE' ) );
#265 = ORIENTED_EDGE ( 'NONE', *, *, #731, .T. ) ;
#266 = EDGE_CURVE ( 'NONE', #517, #2071, #1604, .T. ) ;
#267 = PLANE ( 'NONE',  #565 ) ;
#268 = FACE_BOUND ( 'NONE', #2085, .T. ) ;
#269 = CARTESIAN_POINT ( 'NONE',  ( -110.7999999999999829, -79.99999999999998579, 10.00000000000000000 ) ) ;
#270 = CARTESIAN_POINT ( 'NONE',  ( 110.7999999999999972, -60.00000000000000000, 0.000000000000000000 ) ) ;
#271 = ORIENTED_EDGE ( 'NONE', *, *, #1446, .F. ) ;
#272 = FACE_OUTER_BOUND ( 'NONE', #1421, .T. ) ;
#273 = EDGE_LOOP ( 'NONE', ( #648, #1969, #1103, #8 ) ) ;
#274 = LINE ( 'NONE', #1557, #666 ) ;
#275 = DIRECTION ( 'NONE',  ( 1.000000000000000000, 0.000000000000000000, 0.000000000000000000 ) ) ;
#276 = EDGE_CURVE ( 'NONE', #1972, #992, #1422, .T. ) ;
#277 = SURFACE_SIDE_STYLE ('',( #1087 ) ) ;
#278 = DIRECTION ( 'NONE',  ( 1.000000000000000000, 0.000000000000000000, 0.000000000000000000 ) ) ;
#279 = DIRECTION ( 'NONE',  ( 0.000000000000000000, 0.000000000000000000, 1.000000000000000000 ) ) ;
#280 = ORIENTED_EDGE ( 'NONE', *, *, #912, .F. ) ;
#281 = CARTESIAN_POINT ( 'NONE',  ( 0.000000000000000000, 0.000000000000000000, 0.000000000000000000 ) ) ;
#282 = ORIENTED_EDGE ( 'NONE', *, *, #1143, .F. ) ;
#283 = CARTESIAN_POINT ( 'NONE',  ( -110.7999999999999829, -79.99999999999998579, 10.00000000000000000 ) ) ;
#284 = CARTESIAN_POINT ( 'NONE',  ( -75.00000000000000000, -75.80000000000002558, 10.00000000000000000 ) ) ;
#285 = DIRECTION ( 'NONE',  ( -0.000000000000000000, -0.000000000000000000, 1.000000000000000000 ) ) ;
#286 = MECHANICAL_DESIGN_GEOMETRIC_PRESENTATION_REPRESENTATION (  '', ( #1840 ), #1944 ) ;
#287 = ADVANCED_FACE ( 'NONE', ( #1259 ), #2032, .F. ) ;
#288 = DIRECTION ( 'NONE',  ( 1.000000000000000000, 0.000000000000000000, 0.000000000000000000 ) ) ;
#289 = VECTOR ( 'NONE', #1346, 1000.000000000000000 ) ;
#290 = AXIS2_PLACEMENT_3D ( 'NONE', #904, #1547, #614 ) ;
#291 = PRESENTATION_STYLE_ASSIGNMENT (( #799 ) ) ;
#292 = CIRCLE ( 'NONE', #827, 4.199999999999995737 ) ;
#293 =( GEOMETRIC_REPRESENTATION_CONTEXT ( 3 ) GLOBAL_UNCERTAINTY_ASSIGNED_CONTEXT ( ( #716 ) ) GLOBAL_UNIT_ASSIGNED_CONTEXT ( ( #1110, #2040, #939 ) ) REPRESENTATION_CONTEXT ( 'NONE', 'WORKASPACE' ) );
#294 = ORIENTED_EDGE ( 'NONE', *, *, #1561, .T. ) ;
#295 = AXIS2_PLACEMENT_3D ( 'NONE', #1439, #943, #1268 ) ;
#296 = VECTOR ( 'NONE', #928, 1000.000000000000000 ) ;
#297 = CARTESIAN_POINT ( 'NONE',  ( 114.9999999999999858, -80.00000000000000000, 0.000000000000000000 ) ) ;
#298 = LINE ( 'NONE', #1414, #1571 ) ;
#299 = DIRECTION ( 'NONE',  ( -0.000000000000000000, -0.000000000000000000, 1.000000000000000000 ) ) ;
#300 = EDGE_LOOP ( 'NONE', ( #331, #679, #721, #238 ) ) ;
#301 = EDGE_CURVE ( 'NONE', #1125, #1350, #967, .T. ) ;
#302 = LINE ( 'NONE', #777, #1104 ) ;
#303 = ORIENTED_EDGE ( 'NONE', *, *, #161, .F. ) ;
#304 = EDGE_CURVE ( 'NONE', #1719, #1289, #119, .T. ) ;
#305 = CARTESIAN_POINT ( 'NONE',  ( -110.0000000000000000, -75.00000000000000000, 10.00000000000000000 ) ) ;
#306 = UNCERTAINTY_MEASURE_WITH_UNIT (LENGTH_MEASURE( 1.000000000000000082E-05 ), #647, 'distance_accuracy_value', 'NONE');
#307 = EDGE_LOOP ( 'NONE', ( #2090, #1183, #699, #562, #1469, #212, #969, #1411 ) ) ;
#308 = CARTESIAN_POINT ( 'NONE',  ( -130.0000000000000000, 75.00000000000000000, 10.00000000000000000 ) ) ;
#309 = DIRECTION ( 'NONE',  ( 1.000000000000000000, 0.000000000000000000, 0.000000000000000000 ) ) ;
#310 = DIRECTION ( 'NONE',  ( 0.000000000000000000, 0.000000000000000000, 1.000000000000000000 ) ) ;
#311 = EDGE_LOOP ( 'NONE', ( #1269, #483, #543, #783 ) ) ;
#312 =( LENGTH_UNIT ( ) NAMED_UNIT ( * ) SI_UNIT ( .MILLI., .METRE. ) );
#313 = VERTEX_POINT ( 'NONE', #1094 ) ;
#314 = CARTESIAN_POINT ( 'NONE',  ( -95.00000000000000000, 80.00000000000000000, 10.00000000000000000 ) ) ;
#315 = ADVANCED_FACE ( 'NONE', ( #774, #1077, #1717, #1068, #268, #613, #1741, #903, #449, #913, #591, #1910, #1239, #1247 ), #1881, .T. ) ;
#316 = ORIENTED_EDGE ( 'NONE', *, *, #512, .F. ) ;
#317 = LINE ( 'NONE', #957, #1468 ) ;
#318 = CARTESIAN_POINT ( 'NONE',  ( 110.7999999999999829, 79.99999999999998579, 0.000000000000000000 ) ) ;
#319 = FACE_OUTER_BOUND ( 'NONE', #1207, .T. ) ;
#320 = LINE ( 'NONE', #1297, #1506 ) ;
#321 = VERTEX_POINT ( 'NONE', #284 ) ;
#322 = CARTESIAN_POINT ( 'NONE',  ( -95.00000000000000000, -80.00000000000000000, 0.000000000000000000 ) ) ;
#323 = AXIS2_PLACEMENT_3D ( 'NONE', #179, #1753, #1942 ) ;
#324 = CIRCLE ( 'NONE', #192, 20.00000000000000355 ) ;
#325 = ORIENTED_EDGE ( 'NONE', *, *, #552, .F. ) ;
#326 = CIRCLE ( 'NONE', #1093, 4.199999999999981526 ) ;
#327 = VECTOR ( 'NONE', #855, 1000.000000000000000 ) ;
#328 = VECTOR ( 'NONE', #1122, 1000.000000000000000 ) ;
#329 = AXIS2_PLACEMENT_3D ( 'NONE', #1031, #221, #885 ) ;
#330 = EDGE_CURVE ( 'NONE', #505, #1021, #298, .T. ) ;
#331 = ORIENTED_EDGE ( 'NONE', *, *, #713, .T. ) ;
#332 = DIRECTION ( 'NONE',  ( 1.000000000000000000, 0.000000000000000000, 0.000000000000000000 ) ) ;
#333 = DIRECTION ( 'NONE',  ( -0.000000000000000000, -0.000000000000000000, 1.000000000000000000 ) ) ;
#334 = CARTESIAN_POINT ( 'NONE',  ( 0.000000000000000000, 0.000000000000000000, 0.000000000000000000 ) ) ;
#335 = EDGE_CURVE ( 'NONE', #517, #1926, #466, .T. ) ;
#336 = DIRECTION ( 'NONE',  ( -1.000000000000000000, -6.938893903907227392E-16, 0.000000000000000000 ) ) ;
#337 = ORIENTED_EDGE ( 'NONE', *, *, #2027, .F. ) ;
#338 = LINE ( 'NONE', #843, #800 ) ;
#339 = VERTEX_POINT ( 'NONE', #141 ) ;
#340 = DIRECTION ( 'NONE',  ( 1.000000000000000000, -6.938893903907227392E-16, -0.000000000000000000 ) ) ;
#341 = ORIENTED_EDGE ( 'NONE', *, *, #304, .T. ) ;
#342 = SURFACE_STYLE_FILL_AREA ( #1310 ) ;
#343 = DIRECTION ( 'NONE',  ( 0.000000000000000000, 0.000000000000000000, 1.000000000000000000 ) ) ;
#344 = EDGE_CURVE ( 'NONE', #1223, #253, #571, .T. ) ;
#345 = ORIENTED_EDGE ( 'NONE', *, *, #649, .F. ) ;
#346 =( NAMED_UNIT ( * ) SI_UNIT ( $, .STERADIAN. ) SOLID_ANGLE_UNIT ( ) );
#347 = EDGE_LOOP ( 'NONE', ( #1659, #659, #631, #316 ) ) ;
#348 = DIRECTION ( 'NONE',  ( 1.000000000000000000, 0.000000000000000000, 0.000000000000000000 ) ) ;
#349 = VERTEX_POINT ( 'NONE', #1615 ) ;
#350 = FACE_OUTER_BOUND ( 'NONE', #1860, .T. ) ;
#351 = ORIENTED_EDGE ( 'NONE', *, *, #1730, .F. ) ;
#352 = CARTESIAN_POINT ( 'NONE',  ( -75.00000000000000000, 75.80000000000002558, 0.000000000000000000 ) ) ;
#353 = CARTESIAN_POINT ( 'NONE',  ( 119.2000000000000313, -60.00000000000000000, 10.00000000000000000 ) ) ;
#354 = DIRECTION ( 'NONE',  ( -6.938893903907227392E-16, 1.000000000000000000, 0.000000000000000000 ) ) ;
#355 = SURFACE_STYLE_FILL_AREA ( #479 ) ;
#356 = ORIENTED_EDGE ( 'NONE', *, *, #376, .T. ) ;
#357 = EDGE_CURVE ( 'NONE', #439, #1399, #837, .T. ) ;
#358 = DIRECTION ( 'NONE',  ( -0.000000000000000000, -0.000000000000000000, 1.000000000000000000 ) ) ;
#359 = PRODUCT_DEFINITION_FORMATION_WITH_SPECIFIED_SOURCE ( 'ÈÎºÎ', '', #5, .NOT_KNOWN. ) ;
#360 = ORIENTED_EDGE ( 'NONE', *, *, #184, .T. ) ;
#361 = CYLINDRICAL_SURFACE ( 'NONE', #1433, 4.199999999999995737 ) ;
#362 = ORIENTED_EDGE ( 'NONE', *, *, #781, .T. ) ;
#363 = AXIS2_PLACEMENT_3D ( 'NONE', #677, #1836, #1649 ) ;
#364 = PRESENTATION_LAYER_ASSIGNMENT (  '', '', ( #1844 ) ) ;
#365 = CARTESIAN_POINT ( 'NONE',  ( 75.00000000000000000, -84.19999999999998863, 10.00000000000000000 ) ) ;
#366 = SURFACE_STYLE_FILL_AREA ( #1366 ) ;
#367 = VECTOR ( 'NONE', #978, 1000.000000000000000 ) ;
#368 = CARTESIAN_POINT ( 'NONE',  ( -95.00000000000000000, 84.20000000000000284, 0.000000000000000000 ) ) ;
#369 = COLOUR_RGB ( '',0.8980392156862745390, 0.9176470588235293713, 0.9294117647058823817 ) ;
#370 = CARTESIAN_POINT ( 'NONE',  ( -65.00000000000000000, 7.960204194457797252E-15, 0.000000000000000000 ) ) ;
#371 = ORIENTED_EDGE ( 'NONE', *, *, #1617, .T. ) ;
#372 = CARTESIAN_POINT ( 'NONE',  ( 114.9999999999999858, -80.00000000000000000, 0.000000000000000000 ) ) ;
#373 = ADVANCED_FACE ( 'NONE', ( #36 ), #948, .F. ) ;
#374 = ORIENTED_EDGE ( 'NONE', *, *, #1023, .T. ) ;
#375 = DIRECTION ( 'NONE',  ( -0.000000000000000000, -0.000000000000000000, 1.000000000000000000 ) ) ;
#376 = EDGE_CURVE ( 'NONE', #106, #1345, #814, .T. ) ;
#377 = VERTEX_POINT ( 'NONE', #308 ) ;
#378 = CYLINDRICAL_SURFACE ( 'NONE', #1598, 4.200000000000009059 ) ;
#379 = DIRECTION ( 'NONE',  ( 1.000000000000000000, 0.000000000000000000, 0.000000000000000000 ) ) ;
#380 = LINE ( 'NONE', #576, #906 ) ;
#381 = CARTESIAN_POINT ( 'NONE',  ( 119.2000000000000313, -79.99999999999998579, 0.000000000000000000 ) ) ;
#382 = VERTEX_POINT ( 'NONE', #510 ) ;
#383 = DIRECTION ( 'NONE',  ( 1.000000000000000000, 0.000000000000000000, 0.000000000000000000 ) ) ;
#384 = ORIENTED_EDGE ( 'NONE', *, *, #578, .F. ) ;
#385 = CARTESIAN_POINT ( 'NONE',  ( 95.00000000000000000, -80.00000000000000000, 10.00000000000000000 ) ) ;
#386 = ORIENTED_EDGE ( 'NONE', *, *, #1086, .T. ) ;
#387 = EDGE_CURVE ( 'NONE', #553, #653, #23, .T. ) ;
#388 = LINE ( 'NONE', #206, #1903 ) ;
#389 = DIRECTION ( 'NONE',  ( 1.000000000000000000, 0.000000000000000000, 0.000000000000000000 ) ) ;
#390 = DIRECTION ( 'NONE',  ( -1.000000000000000000, -6.938893903907227392E-16, 0.000000000000000000 ) ) ;
#391 = CARTESIAN_POINT ( 'NONE',  ( 63.50407640085642669, 60.10407640085665548, 10.00000000000000000 ) ) ;
#392 = ORIENTED_EDGE ( 'NONE', *, *, #172, .T. ) ;
#393 = DIRECTION ( 'NONE',  ( -1.000000000000000000, -6.938893903907227392E-16, 0.000000000000000000 ) ) ;
#394 = ORIENTED_EDGE ( 'NONE', *, *, #1053, .T. ) ;
#395 = DIRECTION ( 'NONE',  ( 1.000000000000000000, 0.000000000000000000, 0.000000000000000000 ) ) ;
#396 = VECTOR ( 'NONE', #974, 1000.000000000000000 ) ;
#397 = VERTEX_POINT ( 'NONE', #352 ) ;
#398 = CARTESIAN_POINT ( 'NONE',  ( -115.0000000000000142, -60.00000000000000000, 0.000000000000000000 ) ) ;
#399 = FACE_OUTER_BOUND ( 'NONE', #1549, .T. ) ;
#400 = EDGE_CURVE ( 'NONE', #1759, #349, #57, .T. ) ;
#401 = VECTOR ( 'NONE', #622, 1000.000000000000000 ) ;
#402 = DIRECTION ( 'NONE',  ( -0.000000000000000000, -0.000000000000000000, 1.000000000000000000 ) ) ;
#403 = DIRECTION ( 'NONE',  ( 0.000000000000000000, 0.000000000000000000, -1.000000000000000000 ) ) ;
#404 = CIRCLE ( 'NONE', #1945, 4.199999999999995737 ) ;
#405 = ADVANCED_FACE ( 'NONE', ( #982 ), #1784, .F. ) ;
#406 = AXIS2_PLACEMENT_3D ( 'NONE', #1409, #458, #1243 ) ;
#407 = FACE_OUTER_BOUND ( 'NONE', #821, .T. ) ;
#408 = ORIENTED_EDGE ( 'NONE', *, *, #540, .F. ) ;
#409 = CARTESIAN_POINT ( 'NONE',  ( 75.00000000000000000, 84.19999999999998863, 0.000000000000000000 ) ) ;
#410 = ORIENTED_EDGE ( 'NONE', *, *, #561, .T. ) ;
#411 = LINE ( 'NONE', #881, #1170 ) ;
#412 =( NAMED_UNIT ( * ) PLANE_ANGLE_UNIT ( ) SI_UNIT ( $, .RADIAN. ) );
#413 = CARTESIAN_POINT ( 'NONE',  ( 115.0000000000000142, -60.00000000000000000, 10.00000000000000000 ) ) ;
#414 = EDGE_CURVE ( 'NONE', #515, #224, #501, .T. ) ;
#415 = DIRECTION ( 'NONE',  ( -1.000000000000000000, 0.000000000000000000, 0.000000000000000000 ) ) ;
#416 = EDGE_CURVE ( 'NONE', #910, #1597, #1600, .T. ) ;
#417 = FACE_OUTER_BOUND ( 'NONE', #1622, .T. ) ;
#418 = ORIENTED_EDGE ( 'NONE', *, *, #276, .F. ) ;
#419 = ORIENTED_EDGE ( 'NONE', *, *, #1397, .T. ) ;
#420 = SURFACE_SIDE_STYLE ('',( #1420 ) ) ;
#421 = DIRECTION ( 'NONE',  ( 1.000000000000000000, 6.938893903907233308E-16, 0.000000000000000000 ) ) ;
#422 = CARTESIAN_POINT ( 'NONE',  ( -119.2000000000000313, 79.99999999999998579, 10.00000000000000000 ) ) ;
#423 = EDGE_CURVE ( 'NONE', #377, #730, #1272, .T. ) ;
#424 = ORIENTED_EDGE ( 'NONE', *, *, #1491, .T. ) ;
#425 = ORIENTED_EDGE ( 'NONE', *, *, #709, .F. ) ;
#426 = DIRECTION ( 'NONE',  ( -0.000000000000000000, -0.000000000000000000, 1.000000000000000000 ) ) ;
#427 = MECHANICAL_DESIGN_GEOMETRIC_PRESENTATION_REPRESENTATION (  '', ( #1465 ), #1295 ) ;
#428 = CIRCLE ( 'NONE', #1238, 4.199999999999995737 ) ;
#429 = CARTESIAN_POINT ( 'NONE',  ( -60.10407640085686154, 60.10407640085621495, 0.000000000000000000 ) ) ;
#430 = PRESENTATION_LAYER_ASSIGNMENT (  '', '', ( #65 ) ) ;
#431 = ORIENTED_EDGE ( 'NONE', *, *, #1786, .F. ) ;
#432 = AXIS2_PLACEMENT_3D ( 'NONE', #893, #1536, #94 ) ;
#433 = EDGE_CURVE ( 'NONE', #1074, #771, #317, .T. ) ;
#434 = ORIENTED_EDGE ( 'NONE', *, *, #1458, .T. ) ;
#435 = CARTESIAN_POINT ( 'NONE',  ( -70.80000000000001137, -80.00000000000000000, 0.000000000000000000 ) ) ;
#436 = FILL_AREA_STYLE ('',( #2061 ) ) ;
#437 = DIRECTION ( 'NONE',  ( 0.000000000000000000, -0.000000000000000000, -1.000000000000000000 ) ) ;
#438 = FACE_BOUND ( 'NONE', #215, .T. ) ;
#439 = VERTEX_POINT ( 'NONE', #1443 ) ;
#440 = ORIENTED_EDGE ( 'NONE', *, *, #772, .T. ) ;
#441 = DIRECTION ( 'NONE',  ( 6.938893903907227392E-16, -1.000000000000000000, 0.000000000000000000 ) ) ;
#442 =( LENGTH_UNIT ( ) NAMED_UNIT ( * ) SI_UNIT ( .MILLI., .METRE. ) );
#443 = EDGE_CURVE ( 'NONE', #505, #50, #2091, .T. ) ;
#444 = FACE_OUTER_BOUND ( 'NONE', #97, .T. ) ;
#445 = LINE ( 'NONE', #1746, #1344 ) ;
#446 = FACE_OUTER_BOUND ( 'NONE', #1325, .T. ) ;
#447 = ORIENTED_EDGE ( 'NONE', *, *, #709, .T. ) ;
#448 = DIRECTION ( 'NONE',  ( -1.000000000000000000, 0.000000000000000000, 0.000000000000000000 ) ) ;
#449 = FACE_BOUND ( 'NONE', #1448, .T. ) ;
#450 = FACE_OUTER_BOUND ( 'NONE', #581, .T. ) ;
#451 = EDGE_CURVE ( 'NONE', #151, #548, #1129, .T. ) ;
#452 = COLOUR_RGB ( '',0.8980392156862745390, 0.9176470588235293713, 0.9294117647058823817 ) ;
#453 = CARTESIAN_POINT ( 'NONE',  ( -75.00000000000000000, -80.00000000000000000, 0.000000000000000000 ) ) ;
#454 = COLOUR_RGB ( '',0.8980392156862745390, 0.9176470588235293713, 0.9294117647058823817 ) ;
#455 = ORIENTED_EDGE ( 'NONE', *, *, #1156, .F. ) ;
#456 = EDGE_CURVE ( 'NONE', #1284, #397, #169, .T. ) ;
#457 = AXIS2_PLACEMENT_3D ( 'NONE', #11, #1467, #1765 ) ;
#458 = DIRECTION ( 'NONE',  ( -1.000000000000000000, -6.938893903907233308E-16, 0.000000000000000000 ) ) ;
#459 = VECTOR ( 'NONE', #285, 1000.000000000000000 ) ;
#460 = PRESENTATION_LAYER_ASSIGNMENT (  '', '', ( #1099 ) ) ;
#461 = CIRCLE ( 'NONE', #1209, 4.200000000000023270 ) ;
#462 = ORIENTED_EDGE ( 'NONE', *, *, #1814, .T. ) ;
#463 = CIRCLE ( 'NONE', #1436, 3.399999999999986144 ) ;
#464 = FACE_OUTER_BOUND ( 'NONE', #1327, .T. ) ;
#465 = ORIENTED_EDGE ( 'NONE', *, *, #683, .T. ) ;
#466 = LINE ( 'NONE', #257, #296 ) ;
#467 = DIRECTION ( 'NONE',  ( 1.000000000000000000, 0.000000000000000000, 0.000000000000000000 ) ) ;
#468 = CARTESIAN_POINT ( 'NONE',  ( 0.000000000000000000, 0.000000000000000000, 0.000000000000000000 ) ) ;
#469 = ORIENTED_EDGE ( 'NONE', *, *, #781, .F. ) ;
#470 = EDGE_CURVE ( 'NONE', #1378, #686, #1429, .T. ) ;
#471 = CARTESIAN_POINT ( 'NONE',  ( 95.00000000000000000, -75.80000000000001137, 0.000000000000000000 ) ) ;
#472 = APPLICATION_CONTEXT ( 'automotive_design' ) ;
#473 = VERTEX_POINT ( 'NONE', #1804 ) ;
#474 = DIRECTION ( 'NONE',  ( 1.000000000000000000, 0.000000000000000000, 0.000000000000000000 ) ) ;
#475 = EDGE_LOOP ( 'NONE', ( #341, #1781, #1868, #176 ) ) ;
#476 = DIRECTION ( 'NONE',  ( -6.938893903907227392E-16, -1.000000000000000000, 0.000000000000000000 ) ) ;
#477 = LINE ( 'NONE', #1626, #2047 ) ;
#478 = ORIENTED_EDGE ( 'NONE', *, *, #1212, .F. ) ;
#479 = FILL_AREA_STYLE ('',( #1959 ) ) ;
#480 = VERTEX_POINT ( 'NONE', #1199 ) ;
#481 = CARTESIAN_POINT ( 'NONE',  ( -75.00000000000000000, -75.80000000000002558, 0.000000000000000000 ) ) ;
#482 = EDGE_CURVE ( 'NONE', #313, #178, #593, .T. ) ;
#483 = ORIENTED_EDGE ( 'NONE', *, *, #1769, .F. ) ;
#484 = CARTESIAN_POINT ( 'NONE',  ( 95.00000000000000000, 80.00000000000000000, 0.000000000000000000 ) ) ;
#485 = EDGE_CURVE ( 'NONE', #771, #2065, #1941, .T. ) ;
#486 = EDGE_LOOP ( 'NONE', ( #743, #356, #953, #776 ) ) ;
#487 =( NAMED_UNIT ( * ) SI_UNIT ( $, .STERADIAN. ) SOLID_ANGLE_UNIT ( ) );
#488 = LINE ( 'NONE', #949, #1602 ) ;
#489 = CARTESIAN_POINT ( 'NONE',  ( 130.0000000000000000, -74.99999999999998579, 0.000000000000000000 ) ) ;
#490 = DIRECTION ( 'NONE',  ( 0.000000000000000000, 0.000000000000000000, 1.000000000000000000 ) ) ;
#491 = ORIENTED_EDGE ( 'NONE', *, *, #810, .T. ) ;
#492 = CARTESIAN_POINT ( 'NONE',  ( 95.00000000000000000, 84.20000000000000284, 0.000000000000000000 ) ) ;
#493 = CIRCLE ( 'NONE', #124, 4.200000000000023270 ) ;
#494 = AXIS2_PLACEMENT_3D ( 'NONE', #707, #2004, #1696 ) ;
#495 = VERTEX_POINT ( 'NONE', #365 ) ;
#496 = AXIS2_PLACEMENT_3D ( 'NONE', #1499, #1381, #1819 ) ;
#497 = ADVANCED_FACE ( 'NONE', ( #1839 ), #378, .F. ) ;
#498 = CARTESIAN_POINT ( 'NONE',  ( 95.00000000000000000, -84.20000000000000284, 10.00000000000000000 ) ) ;
#499 = AXIS2_PLACEMENT_3D ( 'NONE', #484, #188, #1613 ) ;
#500 = ORIENTED_EDGE ( 'NONE', *, *, #2009, .T. ) ;
#501 = LINE ( 'NONE', #148, #1872 ) ;
#502 = DIRECTION ( 'NONE',  ( 0.000000000000000000, 0.000000000000000000, 1.000000000000000000 ) ) ;
#503 = ORIENTED_EDGE ( 'NONE', *, *, #254, .T. ) ;
#504 = CARTESIAN_POINT ( 'NONE',  ( -56.70407640085687007, 60.10407640085621495, 10.00000000000000000 ) ) ;
#505 = VERTEX_POINT ( 'NONE', #871 ) ;
#506 = LINE ( 'NONE', #1986, #1777 ) ;
#507 = ORIENTED_EDGE ( 'NONE', *, *, #1927, .T. ) ;
#508 = DIRECTION ( 'NONE',  ( -0.000000000000000000, -0.000000000000000000, 1.000000000000000000 ) ) ;
#509 = VERTEX_POINT ( 'NONE', #248 ) ;
#510 = CARTESIAN_POINT ( 'NONE',  ( -95.00000000000000000, -75.80000000000001137, 0.000000000000000000 ) ) ;
#511 = CARTESIAN_POINT ( 'NONE',  ( 0.000000000000000000, 0.000000000000000000, 0.000000000000000000 ) ) ;
#512 = EDGE_CURVE ( 'NONE', #1123, #2000, #388, .T. ) ;
#513 = PLANE ( 'NONE',  #1138 ) ;
#514 = DIRECTION ( 'NONE',  ( -0.000000000000000000, -0.000000000000000000, 1.000000000000000000 ) ) ;
#515 = VERTEX_POINT ( 'NONE', #2010 ) ;
#516 = DIRECTION ( 'NONE',  ( -6.938893903907232322E-16, -1.000000000000000000, -0.000000000000000000 ) ) ;
#517 = VERTEX_POINT ( 'NONE', #1991 ) ;
#518 = DIRECTION ( 'NONE',  ( 1.000000000000000000, -6.938893903907227392E-16, 0.000000000000000000 ) ) ;
#519 = ORIENTED_EDGE ( 'NONE', *, *, #88, .T. ) ;
#520 = CARTESIAN_POINT ( 'NONE',  ( -75.00000000000000000, 80.00000000000000000, 10.00000000000000000 ) ) ;
#521 = FACE_OUTER_BOUND ( 'NONE', #640, .T. ) ;
#522 = EDGE_CURVE ( 'NONE', #253, #868, #1007, .T. ) ;
#523 = CARTESIAN_POINT ( 'NONE',  ( 95.00000000000000000, 84.20000000000000284, 10.00000000000000000 ) ) ;
#524 = EDGE_LOOP ( 'NONE', ( #651, #1932, #750, #1392 ) ) ;
#525 = CARTESIAN_POINT ( 'NONE',  ( -119.2000000000000313, -79.99999999999998579, 0.000000000000000000 ) ) ;
#526 = ORIENTED_EDGE ( 'NONE', *, *, #638, .F. ) ;
#527 = CARTESIAN_POINT ( 'NONE',  ( -75.00000000000000000, -84.19999999999998863, 10.00000000000000000 ) ) ;
#528 = AXIS2_PLACEMENT_3D ( 'NONE', #1693, #1210, #1685 ) ;
#529 = MECHANICAL_DESIGN_GEOMETRIC_PRESENTATION_REPRESENTATION (  '', ( #1844 ), #1034 ) ;
#530 = VERTEX_POINT ( 'NONE', #1179 ) ;
#531 = AXIS2_PLACEMENT_3D ( 'NONE', #1033, #1802, #1486 ) ;
#532 = VECTOR ( 'NONE', #1832, 1000.000000000000000 ) ;
#533 = LINE ( 'NONE', #1015, #1374 ) ;
#534 = AXIS2_PLACEMENT_3D ( 'NONE', #1951, #1767, #1656 ) ;
#535 = MECHANICAL_DESIGN_GEOMETRIC_PRESENTATION_REPRESENTATION (  '', ( #835 ), #293 ) ;
#536 = CARTESIAN_POINT ( 'NONE',  ( 130.0000000000000000, 75.00000000000000000, 0.000000000000000000 ) ) ;
#537 = CARTESIAN_POINT ( 'NONE',  ( 130.0000000000000000, 75.00000000000000000, 10.00000000000000000 ) ) ;
#538 = ORIENTED_EDGE ( 'NONE', *, *, #423, .T. ) ;
#539 = FACE_OUTER_BOUND ( 'NONE', #1770, .T. ) ;
#540 = EDGE_CURVE ( 'NONE', #63, #178, #1039, .T. ) ;
#541 = ORIENTED_EDGE ( 'NONE', *, *, #112, .T. ) ;
#542 = FACE_OUTER_BOUND ( 'NONE', #1921, .T. ) ;
#543 = ORIENTED_EDGE ( 'NONE', *, *, #772, .F. ) ;
#544 = DIRECTION ( 'NONE',  ( -1.000000000000000000, -6.938893903907227392E-16, 0.000000000000000000 ) ) ;
#545 = CARTESIAN_POINT ( 'NONE',  ( 110.7999999999999972, -60.00000000000000000, 0.000000000000000000 ) ) ;
#546 = CARTESIAN_POINT ( 'NONE',  ( -75.00000000000000000, 80.00000000000000000, 0.000000000000000000 ) ) ;
#547 = DIRECTION ( 'NONE',  ( -0.000000000000000000, 0.000000000000000000, 1.000000000000000000 ) ) ;
#548 = VERTEX_POINT ( 'NONE', #689 ) ;
#549 = CARTESIAN_POINT ( 'NONE',  ( 95.00000000000000000, -80.00000000000000000, 0.000000000000000000 ) ) ;
#550 = ORIENTED_EDGE ( 'NONE', *, *, #1561, .F. ) ;
#551 = FACE_OUTER_BOUND ( 'NONE', #663, .T. ) ;
#552 = EDGE_CURVE ( 'NONE', #1895, #844, #493, .T. ) ;
#553 = VERTEX_POINT ( 'NONE', #216 ) ;
#554 =( NAMED_UNIT ( * ) PLANE_ANGLE_UNIT ( ) SI_UNIT ( $, .RADIAN. ) );
#555 = EDGE_CURVE ( 'NONE', #1152, #321, #533, .T. ) ;
#556 = CARTESIAN_POINT ( 'NONE',  ( -95.00000000000000000, -84.20000000000000284, 0.000000000000000000 ) ) ;
#557 = LINE ( 'NONE', #1863, #2044 ) ;
#558 = CARTESIAN_POINT ( 'NONE',  ( -119.2000000000000313, -79.99999999999998579, 10.00000000000000000 ) ) ;
#559 = ORIENTED_EDGE ( 'NONE', *, *, #615, .T. ) ;
#560 = DIRECTION ( 'NONE',  ( -0.000000000000000000, -0.000000000000000000, 1.000000000000000000 ) ) ;
#561 = EDGE_CURVE ( 'NONE', #846, #1418, #411, .T. ) ;
#562 = ORIENTED_EDGE ( 'NONE', *, *, #1522, .T. ) ;
#563 = DIRECTION ( 'NONE',  ( -1.000000000000000000, 0.000000000000000000, 0.000000000000000000 ) ) ;
#564 = AXIS2_PLACEMENT_3D ( 'NONE', #1463, #476, #1145 ) ;
#565 = AXIS2_PLACEMENT_3D ( 'NONE', #911, #441, #582 ) ;
#566 = CIRCLE ( 'NONE', #457, 4.199999999999981526 ) ;
#567 = LINE ( 'NONE', #81, #155 ) ;
#568 = CARTESIAN_POINT ( 'NONE',  ( 75.00000000000000000, 75.80000000000002558, 0.000000000000000000 ) ) ;
#569 = CIRCLE ( 'NONE', #1379, 20.00000000000000355 ) ;
#570 = AXIS2_PLACEMENT_3D ( 'NONE', #1704, #1203, #1845 ) ;
#571 = CIRCLE ( 'NONE', #1744, 4.200000000000009059 ) ;
#572 = CYLINDRICAL_SURFACE ( 'NONE', #1071, 20.00000000000000355 ) ;
#573 = ORIENTED_EDGE ( 'NONE', *, *, #954, .T. ) ;
#574 = ORIENTED_EDGE ( 'NONE', *, *, #1244, .T. ) ;
#575 = LINE ( 'NONE', #1057, #1334 ) ;
#576 = CARTESIAN_POINT ( 'NONE',  ( 119.2000000000000313, -79.99999999999998579, 0.000000000000000000 ) ) ;
#577 = CARTESIAN_POINT ( 'NONE',  ( 114.9999999999999858, 80.00000000000000000, 0.000000000000000000 ) ) ;
#578 = EDGE_CURVE ( 'NONE', #1083, #1125, #1189, .T. ) ;
#579 = CARTESIAN_POINT ( 'NONE',  ( 110.7999999999999829, -79.99999999999998579, 0.000000000000000000 ) ) ;
#580 = ORIENTED_EDGE ( 'NONE', *, *, #204, .F. ) ;
#581 = EDGE_LOOP ( 'NONE', ( #31, #1609, #559, #1063 ) ) ;
#582 = DIRECTION ( 'NONE',  ( 1.000000000000000000, 6.938893903907227392E-16, 0.000000000000000000 ) ) ;
#583 = CARTESIAN_POINT ( 'NONE',  ( -130.0000000000000000, -95.00000000000000000, 0.000000000000000000 ) ) ;
#584 =( LENGTH_UNIT ( ) NAMED_UNIT ( * ) SI_UNIT ( .MILLI., .METRE. ) );
#585 = EDGE_CURVE ( 'NONE', #1726, #40, #1298, .T. ) ;
#586 = CARTESIAN_POINT ( 'NONE',  ( 75.00000000000000000, 84.19999999999998863, 0.000000000000000000 ) ) ;
#587 = ORIENTED_EDGE ( 'NONE', *, *, #875, .T. ) ;
#588 = EDGE_CURVE ( 'NONE', #2063, #977, #1532, .T. ) ;
#589 = ORIENTED_EDGE ( 'NONE', *, *, #1589, .F. ) ;
#590 = DIRECTION ( 'NONE',  ( 0.000000000000000000, 0.000000000000000000, 1.000000000000000000 ) ) ;
#591 = FACE_BOUND ( 'NONE', #84, .T. ) ;
#592 = CYLINDRICAL_SURFACE ( 'NONE', #1461, 4.199999999999981526 ) ;
#593 = CIRCLE ( 'NONE', #2073, 19.99999999999998934 ) ;
#594 = AXIS2_PLACEMENT_3D ( 'NONE', #884, #547, #1688 ) ;
#595 = CIRCLE ( 'NONE', #867, 3.399999999999986144 ) ;
#596 = VECTOR ( 'NONE', #140, 1000.000000000000000 ) ;
#597 = VECTOR ( 'NONE', #1227, 1000.000000000000000 ) ;
#598 =( LENGTH_UNIT ( ) NAMED_UNIT ( * ) SI_UNIT ( .MILLI., .METRE. ) );
#599 = AXIS2_PLACEMENT_3D ( 'NONE', #579, #1666, #1678 ) ;
#600 = ORIENTED_EDGE ( 'NONE', *, *, #204, .T. ) ;
#601 = DIRECTION ( 'NONE',  ( -0.000000000000000000, -0.000000000000000000, 1.000000000000000000 ) ) ;
#602 = EDGE_CURVE ( 'NONE', #1914, #688, #1515, .T. ) ;
#603 = ORIENTED_EDGE ( 'NONE', *, *, #1698, .T. ) ;
#604 = CARTESIAN_POINT ( 'NONE',  ( 95.00000000000000000, -80.00000000000000000, 0.000000000000000000 ) ) ;
#605 = UNCERTAINTY_MEASURE_WITH_UNIT (LENGTH_MEASURE( 1.000000000000000082E-05 ), #584, 'distance_accuracy_value', 'NONE');
#606 = CARTESIAN_POINT ( 'NONE',  ( -60.10407640085642100, -60.10407640085665548, 10.00000000000000000 ) ) ;
#607 = LINE ( 'NONE', #1729, #195 ) ;
#608 = SURFACE_SIDE_STYLE ('',( #1554 ) ) ;
#609 = LINE ( 'NONE', #1250, #234 ) ;
#610 = VERTEX_POINT ( 'NONE', #79 ) ;
#611 = EDGE_CURVE ( 'NONE', #10, #151, #997, .T. ) ;
#612 = FACE_OUTER_BOUND ( 'NONE', #1457, .T. ) ;
#613 = FACE_BOUND ( 'NONE', #1618, .T. ) ;
#614 = DIRECTION ( 'NONE',  ( 1.000000000000000000, 0.000000000000000000, 0.000000000000000000 ) ) ;
#615 = EDGE_CURVE ( 'NONE', #1852, #1947, #715, .T. ) ;
#616 = CARTESIAN_POINT ( 'NONE',  ( 115.0000000000000142, 60.00000000000000000, 0.000000000000000000 ) ) ;
#617 = ORIENTED_EDGE ( 'NONE', *, *, #1650, .F. ) ;
#618 = DIRECTION ( 'NONE',  ( -6.938893903907232322E-16, -1.000000000000000000, -0.000000000000000000 ) ) ;
#619 = ORIENTED_EDGE ( 'NONE', *, *, #768, .T. ) ;
#620 = CARTESIAN_POINT ( 'NONE',  ( -56.70407640085642953, -60.10407640085665548, 0.000000000000000000 ) ) ;
#621 = ORIENTED_EDGE ( 'NONE', *, *, #1288, .F. ) ;
#622 = DIRECTION ( 'NONE',  ( -6.938893903907232322E-16, 1.000000000000000000, 0.000000000000000000 ) ) ;
#623 = EDGE_CURVE ( 'NONE', #1323, #2065, #575, .T. ) ;
#624 = FACE_BOUND ( 'NONE', #674, .T. ) ;
#625 =( GEOMETRIC_REPRESENTATION_CONTEXT ( 3 ) GLOBAL_UNCERTAINTY_ASSIGNED_CONTEXT ( ( #2023 ) ) GLOBAL_UNIT_ASSIGNED_CONTEXT ( ( #680, #1635, #487 ) ) REPRESENTATION_CONTEXT ( 'NONE', 'WORKASPACE' ) );
#626 = ORIENTED_EDGE ( 'NONE', *, *, #122, .F. ) ;
#627 = AXIS2_PLACEMENT_3D ( 'NONE', #43, #687, #1850 ) ;
#628 = VECTOR ( 'NONE', #514, 1000.000000000000000 ) ;
#629 = LINE ( 'NONE', #2046, #1176 ) ;
#630 = VECTOR ( 'NONE', #390, 1000.000000000000000 ) ;
#631 = ORIENTED_EDGE ( 'NONE', *, *, #819, .T. ) ;
#632 = MECHANICAL_DESIGN_GEOMETRIC_PRESENTATION_REPRESENTATION (  '', ( #1267 ), #264 ) ;
#633 = CARTESIAN_POINT ( 'NONE',  ( 60.10407640085728076, -60.10407640085579573, 10.00000000000000000 ) ) ;
#634 = ORIENTED_EDGE ( 'NONE', *, *, #1233, .F. ) ;
#635 = CARTESIAN_POINT ( 'NONE',  ( 99.20000000000000284, -80.00000000000000000, 0.000000000000000000 ) ) ;
#636 = LINE ( 'NONE', #318, #1562 ) ;
#637 = PLANE ( 'NONE',  #740 ) ;
#638 = EDGE_CURVE ( 'NONE', #1284, #1555, #918, .T. ) ;
#639 = DIRECTION ( 'NONE',  ( 1.000000000000000000, 0.000000000000000000, 0.000000000000000000 ) ) ;
#640 = EDGE_LOOP ( 'NONE', ( #573, #1460, #164, #852 ) ) ;
#641 = CARTESIAN_POINT ( 'NONE',  ( 110.0000000000000000, -74.99999999999998579, 10.00000000000000000 ) ) ;
#642 = CARTESIAN_POINT ( 'NONE',  ( -63.50407640085642669, -60.10407640085665548, 0.000000000000000000 ) ) ;
#643 = ORIENTED_EDGE ( 'NONE', *, *, #1650, .T. ) ;
#644 = CARTESIAN_POINT ( 'NONE',  ( -75.00000000000000000, 84.19999999999998863, 0.000000000000000000 ) ) ;
#645 = DIRECTION ( 'NONE',  ( -1.000000000000000000, -0.000000000000000000, -0.000000000000000000 ) ) ;
#646 = ORIENTED_EDGE ( 'NONE', *, *, #778, .F. ) ;
#647 =( LENGTH_UNIT ( ) NAMED_UNIT ( * ) SI_UNIT ( .MILLI., .METRE. ) );
#648 = ORIENTED_EDGE ( 'NONE', *, *, #1958, .T. ) ;
#649 = EDGE_CURVE ( 'NONE', #1719, #530, #1235, .T. ) ;
#650 = DIRECTION ( 'NONE',  ( 1.000000000000000000, 0.000000000000000000, 0.000000000000000000 ) ) ;
#651 = ORIENTED_EDGE ( 'NONE', *, *, #470, .T. ) ;
#652 = CYLINDRICAL_SURFACE ( 'NONE', #1875, 4.200000000000023270 ) ;
#653 = VERTEX_POINT ( 'NONE', #745 ) ;
#654 = DIRECTION ( 'NONE',  ( 0.000000000000000000, 0.000000000000000000, 1.000000000000000000 ) ) ;
#655 = CARTESIAN_POINT ( 'NONE',  ( 75.00000000000000000, -84.19999999999998863, 0.000000000000000000 ) ) ;
#656 = DIRECTION ( 'NONE',  ( -0.000000000000000000, -0.000000000000000000, 1.000000000000000000 ) ) ;
#657 = CARTESIAN_POINT ( 'NONE',  ( 95.00000000000000000, 80.00000000000000000, 0.000000000000000000 ) ) ;
#658 = CIRCLE ( 'NONE', #698, 4.199999999999981526 ) ;
#659 = ORIENTED_EDGE ( 'NONE', *, *, #416, .T. ) ;
#660 = CARTESIAN_POINT ( 'NONE',  ( 119.2000000000000313, 79.99999999999998579, 0.000000000000000000 ) ) ;
#661 = MECHANICAL_DESIGN_GEOMETRIC_PRESENTATION_REPRESENTATION (  '', ( #1372 ), #625 ) ;
#662 = STYLED_ITEM ( 'NONE', ( #1788 ), #1553 ) ;
#663 = EDGE_LOOP ( 'NONE', ( #16, #863, #1982, #1835 ) ) ;
#664 = CIRCLE ( 'NONE', #965, 65.00000000000000000 ) ;
#665 = DIRECTION ( 'NONE',  ( 1.000000000000000000, 6.938893903907227392E-16, 0.000000000000000000 ) ) ;
#666 = VECTOR ( 'NONE', #1735, 1000.000000000000000 ) ;
#667 = EDGE_CURVE ( 'NONE', #995, #1620, #1388, .T. ) ;
#668 = CIRCLE ( 'NONE', #1177, 4.200000000000009059 ) ;
#669 = EDGE_LOOP ( 'NONE', ( #1011, #1809, #792, #147 ) ) ;
#670 = DIRECTION ( 'NONE',  ( 6.938893903907232322E-16, -1.000000000000000000, 0.000000000000000000 ) ) ;
#671 = LINE ( 'NONE', #1966, #396 ) ;
#672 = DIRECTION ( 'NONE',  ( 0.000000000000000000, -0.000000000000000000, 1.000000000000000000 ) ) ;
#673 = CARTESIAN_POINT ( 'NONE',  ( 60.10407640085642100, 60.10407640085665548, 10.00000000000000000 ) ) ;
#674 = EDGE_LOOP ( 'NONE', ( #1699, #371 ) ) ;
#675 = CARTESIAN_POINT ( 'NONE',  ( 119.2000000000000313, -79.99999999999998579, 0.000000000000000000 ) ) ;
#676 = ORIENTED_EDGE ( 'NONE', *, *, #1288, .T. ) ;
#677 = CARTESIAN_POINT ( 'NONE',  ( 0.000000000000000000, 0.000000000000000000, 10.00000000000000000 ) ) ;
#678 = ADVANCED_FACE ( 'NONE', ( #1714 ), #267, .F. ) ;
#679 = ORIENTED_EDGE ( 'NONE', *, *, #145, .F. ) ;
#680 =( LENGTH_UNIT ( ) NAMED_UNIT ( * ) SI_UNIT ( .MILLI., .METRE. ) );
#681 = DIRECTION ( 'NONE',  ( 1.000000000000000000, -6.938893903907233308E-16, 0.000000000000000000 ) ) ;
#682 = FACE_OUTER_BOUND ( 'NONE', #300, .T. ) ;
#683 = EDGE_CURVE ( 'NONE', #224, #1620, #795, .T. ) ;
#684 = ORIENTED_EDGE ( 'NONE', *, *, #1997, .F. ) ;
#685 = CARTESIAN_POINT ( 'NONE',  ( 109.9999999999999858, -95.00000000000000000, 0.000000000000000000 ) ) ;
#686 = VERTEX_POINT ( 'NONE', #283 ) ;
#687 = DIRECTION ( 'NONE',  ( -0.000000000000000000, 0.000000000000000000, 1.000000000000000000 ) ) ;
#688 = VERTEX_POINT ( 'NONE', #1550 ) ;
#689 = CARTESIAN_POINT ( 'NONE',  ( 110.7999999999999972, 60.00000000000000000, 10.00000000000000000 ) ) ;
#690 = CARTESIAN_POINT ( 'NONE',  ( 75.00000000000000000, -80.00000000000000000, 10.00000000000000000 ) ) ;
#691 = CARTESIAN_POINT ( 'NONE',  ( 60.10407640085642100, 60.10407640085665548, 0.000000000000000000 ) ) ;
#692 = DIRECTION ( 'NONE',  ( -0.000000000000000000, -0.000000000000000000, 1.000000000000000000 ) ) ;
#693 = ORIENTED_EDGE ( 'NONE', *, *, #649, .T. ) ;
#694 = EDGE_CURVE ( 'NONE', #382, #1531, #865, .T. ) ;
#695 = CARTESIAN_POINT ( 'NONE',  ( 75.00000000000000000, 80.00000000000000000, 10.00000000000000000 ) ) ;
#696 = ORIENTED_EDGE ( 'NONE', *, *, #1891, .T. ) ;
#697 = LINE ( 'NONE', #1342, #1509 ) ;
#698 = AXIS2_PLACEMENT_3D ( 'NONE', #1616, #1943, #1516 ) ;
#699 = ORIENTED_EDGE ( 'NONE', *, *, #1708, .T. ) ;
#700 = CIRCLE ( 'NONE', #1570, 3.399999999999986144 ) ;
#701 = AXIS2_PLACEMENT_3D ( 'NONE', #1042, #1572, #747 ) ;
#702 = DIRECTION ( 'NONE',  ( 1.000000000000000000, 6.938893903907227392E-16, 0.000000000000000000 ) ) ;
#703 = FILL_AREA_STYLE_COLOUR ( '', #2012 ) ;
#704 =( GEOMETRIC_REPRESENTATION_CONTEXT ( 3 ) GLOBAL_UNCERTAINTY_ASSIGNED_CONTEXT ( ( #118 ) ) GLOBAL_UNIT_ASSIGNED_CONTEXT ( ( #1823, #66, #74 ) ) REPRESENTATION_CONTEXT ( 'NONE', 'WORKASPACE' ) );
#705 = DIRECTION ( 'NONE',  ( -6.938893903907233308E-16, 1.000000000000000000, 0.000000000000000000 ) ) ;
#706 = CIRCLE ( 'NONE', #1880, 3.399999999999993250 ) ;
#707 = CARTESIAN_POINT ( 'NONE',  ( -75.00000000000000000, 80.00000000000000000, 0.000000000000000000 ) ) ;
#708 = ORIENTED_EDGE ( 'NONE', *, *, #246, .T. ) ;
#709 = EDGE_CURVE ( 'NONE', #1801, #610, #1225, .T. ) ;
#710 = CARTESIAN_POINT ( 'NONE',  ( 63.50407640085728644, -60.10407640085579573, 0.000000000000000000 ) ) ;
#711 = EDGE_LOOP ( 'NONE', ( #1442, #1314, #769, #42, #1425 ) ) ;
#712 = CARTESIAN_POINT ( 'NONE',  ( 75.00000000000000000, 84.19999999999998863, 10.00000000000000000 ) ) ;
#713 = EDGE_CURVE ( 'NONE', #321, #1081, #1092, .T. ) ;
#714 = ORIENTED_EDGE ( 'NONE', *, *, #443, .F. ) ;
#715 = LINE ( 'NONE', #1365, #2043 ) ;
#716 = UNCERTAINTY_MEASURE_WITH_UNIT (LENGTH_MEASURE( 1.000000000000000082E-05 ), #1110, 'distance_accuracy_value', 'NONE');
#717 = DIRECTION ( 'NONE',  ( 0.000000000000000000, -1.000000000000000000, 0.000000000000000000 ) ) ;
#718 = DIRECTION ( 'NONE',  ( -0.000000000000000000, -0.000000000000000000, 1.000000000000000000 ) ) ;
#719 = SURFACE_STYLE_USAGE ( .BOTH. , #811 ) ;
#720 = EDGE_CURVE ( 'NONE', #515, #995, #2015, .T. ) ;
#721 = ORIENTED_EDGE ( 'NONE', *, *, #1477, .F. ) ;
#722 = DIRECTION ( 'NONE',  ( -0.000000000000000000, -0.000000000000000000, 1.000000000000000000 ) ) ;
#723 = EDGE_LOOP ( 'NONE', ( #1271, #1634, #247, #1793 ) ) ;
#724 = DIRECTION ( 'NONE',  ( 0.000000000000000000, 0.000000000000000000, 1.000000000000000000 ) ) ;
#725 = CARTESIAN_POINT ( 'NONE',  ( -95.00000000000000000, 80.00000000000000000, 0.000000000000000000 ) ) ;
#726 = ADVANCED_BREP_SHAPE_REPRESENTATION ( 'µ×°å-850', ( #1045, #1502 ), #1738 ) ;
#727 = LINE ( 'NONE', #850, #630 ) ;
#728 = FACE_OUTER_BOUND ( 'NONE', #937, .T. ) ;
#729 = EDGE_LOOP ( 'NONE', ( #1299, #99, #137, #434 ) ) ;
#730 = VERTEX_POINT ( 'NONE', #100 ) ;
#731 = EDGE_CURVE ( 'NONE', #1852, #910, #191, .T. ) ;
#732 = CARTESIAN_POINT ( 'NONE',  ( 114.9999999999999858, 80.00000000000000000, 10.00000000000000000 ) ) ;
#733 = DIRECTION ( 'NONE',  ( 1.000000000000000000, 0.000000000000000000, 0.000000000000000000 ) ) ;
#734 = STYLED_ITEM ( 'NONE', ( #177 ), #791 ) ;
#735 = AXIS2_PLACEMENT_3D ( 'NONE', #1415, #437, #278 ) ;
#736 = FACE_OUTER_BOUND ( 'NONE', #787, .T. ) ;
#737 = CIRCLE ( 'NONE', #1030, 4.199999999999995737 ) ;
#738 = LINE ( 'NONE', #391, #1706 ) ;
#739 = AXIS2_PLACEMENT_3D ( 'NONE', #549, #2005, #383 ) ;
#740 = AXIS2_PLACEMENT_3D ( 'NONE', #1, #1147, #1008 ) ;
#741 = VECTOR ( 'NONE', #1315, 1000.000000000000000 ) ;
#742 = CARTESIAN_POINT ( 'NONE',  ( 0.000000000000000000, 0.000000000000000000, 10.00000000000000000 ) ) ;
#743 = ORIENTED_EDGE ( 'NONE', *, *, #1450, .F. ) ;
#744 = EDGE_LOOP ( 'NONE', ( #708, #1188 ) ) ;
#745 = CARTESIAN_POINT ( 'NONE',  ( 110.7999999999999972, 60.00000000000000000, 0.000000000000000000 ) ) ;
#746 = EDGE_CURVE ( 'NONE', #1964, #942, #2060, .T. ) ;
#747 = DIRECTION ( 'NONE',  ( 1.000000000000000000, 0.000000000000000000, 0.000000000000000000 ) ) ;
#748 = CARTESIAN_POINT ( 'NONE',  ( 95.00000000000000000, -80.00000000000000000, 0.000000000000000000 ) ) ;
#749 = PLANE ( 'NONE',  #767 ) ;
#750 = ORIENTED_EDGE ( 'NONE', *, *, #85, .F. ) ;
#751 = ORIENTED_EDGE ( 'NONE', *, *, #276, .T. ) ;
#752 = DIRECTION ( 'NONE',  ( 0.000000000000000000, 0.000000000000000000, 1.000000000000000000 ) ) ;
#753 = PRESENTATION_STYLE_ASSIGNMENT (( #1396 ) ) ;
#754 = FILL_AREA_STYLE_COLOUR ( '', #764 ) ;
#755 = EDGE_CURVE ( 'NONE', #377, #220, #1879, .T. ) ;
#756 = ORIENTED_EDGE ( 'NONE', *, *, #1244, .F. ) ;
#757 = SURFACE_SIDE_STYLE ('',( #1082 ) ) ;
#758 = DIRECTION ( 'NONE',  ( 1.000000000000000000, 0.000000000000000000, 0.000000000000000000 ) ) ;
#759 = ORIENTED_EDGE ( 'NONE', *, *, #912, .T. ) ;
#760 = CARTESIAN_POINT ( 'NONE',  ( 56.70407640085729639, -60.10407640085579573, 10.00000000000000178 ) ) ;
#761 = DIRECTION ( 'NONE',  ( 1.000000000000000000, 0.000000000000000000, 0.000000000000000000 ) ) ;
#762 = CARTESIAN_POINT ( 'NONE',  ( 109.9999999999999858, -95.00000000000000000, 10.00000000000000000 ) ) ;
#763 = VECTOR ( 'NONE', #1818, 1000.000000000000000 ) ;
#764 = COLOUR_RGB ( '',0.8980392156862745390, 0.9176470588235293713, 0.9294117647058823817 ) ;
#765 = AXIS2_PLACEMENT_3D ( 'NONE', #149, #681, #1121 ) ;
#766 = AXIS2_PLACEMENT_3D ( 'NONE', #1455, #656, #825 ) ;
#767 = AXIS2_PLACEMENT_3D ( 'NONE', #1351, #908, #2028 ) ;
#768 = EDGE_CURVE ( 'NONE', #1333, #157, #1218, .T. ) ;
#769 = ORIENTED_EDGE ( 'NONE', *, *, #2050, .F. ) ;
#770 = LINE ( 'NONE', #2057, #1574 ) ;
#771 = VERTEX_POINT ( 'NONE', #760 ) ;
#772 = EDGE_CURVE ( 'NONE', #802, #1614, #1262, .T. ) ;
#773 = CARTESIAN_POINT ( 'NONE',  ( 95.00000000000000000, 80.00000000000000000, 0.000000000000000000 ) ) ;
#774 = FACE_BOUND ( 'NONE', #711, .T. ) ;
#775 = CYLINDRICAL_SURFACE ( 'NONE', #1136, 4.200000000000023270 ) ;
#776 = ORIENTED_EDGE ( 'NONE', *, *, #1542, .F. ) ;
#777 = CARTESIAN_POINT ( 'NONE',  ( -75.00000000000000000, 75.80000000000002558, 0.000000000000000000 ) ) ;
#778 = EDGE_CURVE ( 'NONE', #1761, #63, #274, .T. ) ;
#779 = ORIENTED_EDGE ( 'NONE', *, *, #1660, .T. ) ;
#780 = DIRECTION ( 'NONE',  ( -1.000000000000000000, 0.000000000000000000, 0.000000000000000000 ) ) ;
#781 = EDGE_CURVE ( 'NONE', #1309, #313, #2052, .T. ) ;
#782 = SURFACE_STYLE_FILL_AREA ( #1889 ) ;
#783 = ORIENTED_EDGE ( 'NONE', *, *, #1551, .T. ) ;
#784 = CARTESIAN_POINT ( 'NONE',  ( -115.0000000000000142, 60.00000000000000000, 0.000000000000000000 ) ) ;
#785 = DIRECTION ( 'NONE',  ( 6.938893903907232322E-16, -1.000000000000000000, 0.000000000000000000 ) ) ;
#786 = FACE_BOUND ( 'NONE', #1386, .T. ) ;
#787 = EDGE_LOOP ( 'NONE', ( #1681, #386, #1195, #714 ) ) ;
#788 = DIRECTION ( 'NONE',  ( -0.000000000000000000, -0.000000000000000000, 1.000000000000000000 ) ) ;
#789 = ORIENTED_EDGE ( 'NONE', *, *, #886, .F. ) ;
#790 = CARTESIAN_POINT ( 'NONE',  ( 95.00000000000000000, -80.00000000000000000, 10.00000000000000000 ) ) ;
#791 = ADVANCED_FACE ( 'NONE', ( #612 ), #1252, .F. ) ;
#792 = ORIENTED_EDGE ( 'NONE', *, *, #1758, .F. ) ;
#793 = CARTESIAN_POINT ( 'NONE',  ( 60.10407640085728076, -60.10407640085579573, 10.00000000000000178 ) ) ;
#794 = FACE_BOUND ( 'NONE', #744, .T. ) ;
#795 = CIRCLE ( 'NONE', #1771, 4.199999999999995737 ) ;
#796 = ORIENTED_EDGE ( 'NONE', *, *, #470, .F. ) ;
#797 = AXIS2_PLACEMENT_3D ( 'NONE', #314, #991, #1633 ) ;
#798 = CIRCLE ( 'NONE', #1404, 3.399999999999986144 ) ;
#799 = SURFACE_STYLE_USAGE ( .BOTH. , #757 ) ;
#800 = VECTOR ( 'NONE', #1484, 1000.000000000000000 ) ;
#801 = VECTOR ( 'NONE', #1898, 1000.000000000000000 ) ;
#802 = VERTEX_POINT ( 'NONE', #1588 ) ;
#803 = ORIENTED_EDGE ( 'NONE', *, *, #1446, .T. ) ;
#804 = DIRECTION ( 'NONE',  ( 0.000000000000000000, 0.000000000000000000, -1.000000000000000000 ) ) ;
#805 = DIRECTION ( 'NONE',  ( -1.000000000000000000, 0.000000000000000000, 0.000000000000000000 ) ) ;
#806 = EDGE_CURVE ( 'NONE', #495, #1947, #1782, .T. ) ;
#807 = CARTESIAN_POINT ( 'NONE',  ( -130.0000000000000000, -74.99999999999998579, 10.00000000000000000 ) ) ;
#808 = SURFACE_SIDE_STYLE ('',( #355 ) ) ;
#809 = ORIENTED_EDGE ( 'NONE', *, *, #540, .T. ) ;
#810 = EDGE_CURVE ( 'NONE', #548, #1936, #1906, .T. ) ;
#811 = SURFACE_SIDE_STYLE ('',( #165 ) ) ;
#812 = DIRECTION ( 'NONE',  ( 0.000000000000000000, 0.000000000000000000, 1.000000000000000000 ) ) ;
#813 = ORIENTED_EDGE ( 'NONE', *, *, #1876, .F. ) ;
#814 = LINE ( 'NONE', #2080, #18 ) ;
#815 = DIRECTION ( 'NONE',  ( 0.000000000000000000, 0.000000000000000000, 1.000000000000000000 ) ) ;
#816 = DIRECTION ( 'NONE',  ( -1.000000000000000000, 0.000000000000000000, 0.000000000000000000 ) ) ;
#817 = CYLINDRICAL_SURFACE ( 'NONE', #1206, 3.400000000000000355 ) ;
#818 = ORIENTED_EDGE ( 'NONE', *, *, #810, .F. ) ;
#819 = EDGE_CURVE ( 'NONE', #1597, #2000, #428, .T. ) ;
#820 = LINE ( 'NONE', #660, #95 ) ;
#821 = EDGE_LOOP ( 'NONE', ( #880, #1587, #996, #646 ) ) ;
#822 = ORIENTED_EDGE ( 'NONE', *, *, #1660, .F. ) ;
#823 = FILL_AREA_STYLE_COLOUR ( '', #454 ) ;
#824 = LINE ( 'NONE', #1480, #121 ) ;
#825 = DIRECTION ( 'NONE',  ( 1.000000000000000000, 0.000000000000000000, 0.000000000000000000 ) ) ;
#826 = DIRECTION ( 'NONE',  ( 1.000000000000000000, 0.000000000000000000, 0.000000000000000000 ) ) ;
#827 = AXIS2_PLACEMENT_3D ( 'NONE', #725, #1211, #1165 ) ;
#828 = ORIENTED_EDGE ( 'NONE', *, *, #485, .F. ) ;
#829 = DIRECTION ( 'NONE',  ( 1.000000000000000000, 0.000000000000000000, 0.000000000000000000 ) ) ;
#830 = ADVANCED_FACE ( 'NONE', ( #464 ), #1107, .F. ) ;
#831 = VECTOR ( 'NONE', #897, 1000.000000000000000 ) ;
#832 = CIRCLE ( 'NONE', #735, 20.00000000000000355 ) ;
#833 = EDGE_LOOP ( 'NONE', ( #2036, #1815 ) ) ;
#834 = VECTOR ( 'NONE', #116, 1000.000000000000000 ) ;
#835 = STYLED_ITEM ( 'NONE', ( #753 ), #287 ) ;
#836 = COLOUR_RGB ( '',0.8980392156862745390, 0.9176470588235293713, 0.9294117647058823817 ) ;
#837 = CIRCLE ( 'NONE', #1565, 4.200000000000023270 ) ;
#838 = VERTEX_POINT ( 'NONE', #1905 ) ;
#839 = DIRECTION ( 'NONE',  ( 1.000000000000000000, 6.938893903907227392E-16, 0.000000000000000000 ) ) ;
#840 = DIRECTION ( 'NONE',  ( 0.000000000000000000, -1.000000000000000000, 0.000000000000000000 ) ) ;
#841 = DIRECTION ( 'NONE',  ( -1.000000000000000000, 0.000000000000000000, 0.000000000000000000 ) ) ;
#842 = ORIENTED_EDGE ( 'NONE', *, *, #1487, .F. ) ;
#843 = CARTESIAN_POINT ( 'NONE',  ( 130.0000000000000000, 95.00000000000000000, 10.00000000000000000 ) ) ;
#844 = VERTEX_POINT ( 'NONE', #980 ) ;
#845 = CARTESIAN_POINT ( 'NONE',  ( -95.00000000000000000, 80.00000000000000000, 0.000000000000000000 ) ) ;
#846 = VERTEX_POINT ( 'NONE', #620 ) ;
#847 = EDGE_CURVE ( 'NONE', #67, #224, #1270, .T. ) ;
#848 = DIRECTION ( 'NONE',  ( 1.000000000000000000, 0.000000000000000000, 0.000000000000000000 ) ) ;
#849 = CARTESIAN_POINT ( 'NONE',  ( 110.7999999999999972, 60.00000000000000000, 0.000000000000000000 ) ) ;
#850 = CARTESIAN_POINT ( 'NONE',  ( 95.00000000000000000, -75.80000000000001137, 0.000000000000000000 ) ) ;
#851 = LINE ( 'NONE', #1018, #1401 ) ;
#852 = ORIENTED_EDGE ( 'NONE', *, *, #1970, .T. ) ;
#853 = CARTESIAN_POINT ( 'NONE',  ( 95.00000000000000000, 80.00000000000000000, 10.00000000000000000 ) ) ;
#854 = ORIENTED_EDGE ( 'NONE', *, *, #1954, .F. ) ;
#855 = DIRECTION ( 'NONE',  ( -0.000000000000000000, -0.000000000000000000, 1.000000000000000000 ) ) ;
#856 = VERTEX_POINT ( 'NONE', #1953 ) ;
#857 = CARTESIAN_POINT ( 'NONE',  ( 114.9999999999999858, -80.00000000000000000, 10.00000000000000000 ) ) ;
#858 = ADVANCED_FACE ( 'NONE', ( #971 ), #652, .F. ) ;
#859 = PLANE ( 'NONE',  #1038 ) ;
#860 = LINE ( 'NONE', #1501, #532 ) ;
#861 = VERTEX_POINT ( 'NONE', #1751 ) ;
#862 = ADVANCED_FACE ( 'NONE', ( #350 ), #1153, .T. ) ;
#863 = ORIENTED_EDGE ( 'NONE', *, *, #615, .F. ) ;
#864 = LINE ( 'NONE', #2007, #869 ) ;
#865 = CIRCLE ( 'NONE', #1977, 4.199999999999995737 ) ;
#866 = VECTOR ( 'NONE', #1980, 1000.000000000000000 ) ;
#867 = AXIS2_PLACEMENT_3D ( 'NONE', #793, #333, #983 ) ;
#868 = VERTEX_POINT ( 'NONE', #1917 ) ;
#869 = VECTOR ( 'NONE', #1186, 1000.000000000000000 ) ;
#870 = CLOSED_SHELL ( 'NONE', ( #1352, #1577, #242, #2086, #791, #287, #405, #2042, #1117, #214, #14, #35, #110, #315, #1424, #75, #1553, #1307, #1774, #1410, #858, #19, #999, #1676, #1529, #1745, #497, #232, #1184, #61, #1748, #830, #1198, #1367, #1596, #1221, #900, #944, #1062, #678, #1796, #1887, #975, #1100, #895, #373, #1391, #102, #1837, #920, #1800, #1331, #1338, #1382, #862, #1672 ) ) ;
#871 = CARTESIAN_POINT ( 'NONE',  ( -75.00000000000000000, 84.19999999999998863, 0.000000000000000000 ) ) ;
#872 = CARTESIAN_POINT ( 'NONE',  ( 65.00000000000000000, 0.000000000000000000, 10.00000000000000000 ) ) ;
#873 = AXIS2_PLACEMENT_3D ( 'NONE', #641, #127, #1586 ) ;
#874 = CARTESIAN_POINT ( 'NONE',  ( 95.00000000000000000, 75.80000000000001137, 0.000000000000000000 ) ) ;
#875 = EDGE_CURVE ( 'NONE', #157, #321, #260, .T. ) ;
#876 = DIRECTION ( 'NONE',  ( -1.000000000000000000, 0.000000000000000000, 0.000000000000000000 ) ) ;
#877 = DIRECTION ( 'NONE',  ( 1.000000000000000000, 0.000000000000000000, 0.000000000000000000 ) ) ;
#878 = ORIENTED_EDGE ( 'NONE', *, *, #1487, .T. ) ;
#879 = CARTESIAN_POINT ( 'NONE',  ( -110.0000000000000000, -75.00000000000000000, 10.00000000000000000 ) ) ;
#880 = ORIENTED_EDGE ( 'NONE', *, *, #1075, .F. ) ;
#881 = CARTESIAN_POINT ( 'NONE',  ( -56.70407640085642953, -60.10407640085665548, 10.00000000000000000 ) ) ;
#882 = UNCERTAINTY_MEASURE_WITH_UNIT (LENGTH_MEASURE( 1.000000000000000082E-05 ), #312, 'distance_accuracy_value', 'NONE');
#883 = DIRECTION ( 'NONE',  ( -0.000000000000000000, -0.000000000000000000, 1.000000000000000000 ) ) ;
#884 = CARTESIAN_POINT ( 'NONE',  ( 60.10407640085642100, 60.10407640085665548, 0.000000000000000000 ) ) ;
#885 = DIRECTION ( 'NONE',  ( -1.000000000000000000, 0.000000000000000000, 0.000000000000000000 ) ) ;
#886 = EDGE_CURVE ( 'NONE', #339, #1555, #966, .T. ) ;
#887 = ORIENTED_EDGE ( 'NONE', *, *, #886, .T. ) ;
#888 = VERTEX_POINT ( 'NONE', #642 ) ;
#889 = DIRECTION ( 'NONE',  ( -0.000000000000000000, -0.000000000000000000, 1.000000000000000000 ) ) ;
#890 = DIRECTION ( 'NONE',  ( -0.000000000000000000, -0.000000000000000000, 1.000000000000000000 ) ) ;
#891 = DIRECTION ( 'NONE',  ( 0.000000000000000000, 0.000000000000000000, 1.000000000000000000 ) ) ;
#892 = CARTESIAN_POINT ( 'NONE',  ( 75.00000000000000000, -84.19999999999998863, 0.000000000000000000 ) ) ;
#893 = CARTESIAN_POINT ( 'NONE',  ( 75.00000000000000000, 80.00000000000000000, 0.000000000000000000 ) ) ;
#894 = ORIENTED_EDGE ( 'NONE', *, *, #218, .F. ) ;
#895 = ADVANCED_FACE ( 'NONE', ( #1280 ), #1928, .F. ) ;
#896 = ORIENTED_EDGE ( 'NONE', *, *, #184, .F. ) ;
#897 = DIRECTION ( 'NONE',  ( -1.000000000000000000, 6.938893903907227392E-16, -0.000000000000000000 ) ) ;
#898 = VECTOR ( 'NONE', #1282, 1000.000000000000000 ) ;
#899 = SHAPE_DEFINITION_REPRESENTATION ( #1305, #726 ) ;
#900 = ADVANCED_FACE ( 'NONE', ( #167 ), #361, .F. ) ;
#901 = AXIS2_PLACEMENT_3D ( 'NONE', #305, #146, #1427 ) ;
#902 = AXIS2_PLACEMENT_3D ( 'NONE', #1703, #109, #1228 ) ;
#903 = FACE_BOUND ( 'NONE', #1245, .T. ) ;
#904 = CARTESIAN_POINT ( 'NONE',  ( -60.10407640085642100, -60.10407640085665548, 10.00000000000000000 ) ) ;
#905 = AXIS2_PLACEMENT_3D ( 'NONE', #1578, #138, #1564 ) ;
#906 = VECTOR ( 'NONE', #59, 1000.000000000000000 ) ;
#907 = PRESENTATION_LAYER_ASSIGNMENT (  '', '', ( #1267 ) ) ;
#908 = DIRECTION ( 'NONE',  ( -6.938893903907227392E-16, 1.000000000000000000, 0.000000000000000000 ) ) ;
#909 = ORIENTED_EDGE ( 'NONE', *, *, #387, .T. ) ;
#910 = VERTEX_POINT ( 'NONE', #1476 ) ;
#911 = CARTESIAN_POINT ( 'NONE',  ( -95.00000000000000000, 75.80000000000001137, 0.000000000000000000 ) ) ;
#912 = EDGE_CURVE ( 'NONE', #2017, #2029, #92, .T. ) ;
#913 = FACE_BOUND ( 'NONE', #833, .T. ) ;
#914 = FACE_OUTER_BOUND ( 'NONE', #1316, .T. ) ;
#915 = DIRECTION ( 'NONE',  ( -0.000000000000000000, 0.000000000000000000, 1.000000000000000000 ) ) ;
#916 = ORIENTED_EDGE ( 'NONE', *, *, #218, .T. ) ;
#917 = VERTEX_POINT ( 'NONE', #1205 ) ;
#918 = LINE ( 'NONE', #1580, #259 ) ;
#919 = DIRECTION ( 'NONE',  ( -0.000000000000000000, 0.000000000000000000, 1.000000000000000000 ) ) ;
#920 = ADVANCED_FACE ( 'NONE', ( #551 ), #1022, .F. ) ;
#921 = DIRECTION ( 'NONE',  ( 1.000000000000000000, 0.000000000000000000, 0.000000000000000000 ) ) ;
#922 = EDGE_CURVE ( 'NONE', #220, #1914, #569, .T. ) ;
#923 = ORIENTED_EDGE ( 'NONE', *, *, #485, .T. ) ;
#924 = DIRECTION ( 'NONE',  ( 1.000000000000000000, 0.000000000000000000, 0.000000000000000000 ) ) ;
#925 = EDGE_LOOP ( 'NONE', ( #202, #455, #410, #1803 ) ) ;
#926 = CARTESIAN_POINT ( 'NONE',  ( -130.0000000000000000, 95.00000000000000000, 10.00000000000000000 ) ) ;
#927 = AXIS2_PLACEMENT_3D ( 'NONE', #1319, #24, #1311 ) ;
#928 = DIRECTION ( 'NONE',  ( -0.000000000000000000, -0.000000000000000000, 1.000000000000000000 ) ) ;
#929 = SURFACE_STYLE_FILL_AREA ( #1088 ) ;
#930 = VECTOR ( 'NONE', #702, 1000.000000000000000 ) ;
#931 = VECTOR ( 'NONE', #1956, 1000.000000000000000 ) ;
#932 = EDGE_CURVE ( 'NONE', #888, #1341, #864, .T. ) ;
#933 = MECHANICAL_DESIGN_GEOMETRIC_PRESENTATION_REPRESENTATION (  '', ( #734 ), #1403 ) ;
#934 = VECTOR ( 'NONE', #27, 1000.000000000000000 ) ;
#935 = DIRECTION ( 'NONE',  ( 1.000000000000000000, 6.938893903907227392E-16, 0.000000000000000000 ) ) ;
#936 = DIRECTION ( 'NONE',  ( -0.000000000000000000, -0.000000000000000000, 1.000000000000000000 ) ) ;
#937 = EDGE_LOOP ( 'NONE', ( #1530, #271, #751, #1540 ) ) ;
#938 = FILL_AREA_STYLE ('',( #1896 ) ) ;
#939 =( NAMED_UNIT ( * ) SI_UNIT ( $, .STERADIAN. ) SOLID_ANGLE_UNIT ( ) );
#940 = CARTESIAN_POINT ( 'NONE',  ( 130.0000000000000000, -74.99999999999998579, 10.00000000000000000 ) ) ;
#941 = DIRECTION ( 'NONE',  ( -0.000000000000000000, -0.000000000000000000, 1.000000000000000000 ) ) ;
#942 = VERTEX_POINT ( 'NONE', #1317 ) ;
#943 = DIRECTION ( 'NONE',  ( -0.000000000000000000, -0.000000000000000000, 1.000000000000000000 ) ) ;
#944 = ADVANCED_FACE ( 'NONE', ( #203 ), #1362, .F. ) ;
#945 = ORIENTED_EDGE ( 'NONE', *, *, #623, .T. ) ;
#946 = DIRECTION ( 'NONE',  ( 1.000000000000000000, 0.000000000000000000, 0.000000000000000000 ) ) ;
#947 = VERTEX_POINT ( 'NONE', #712 ) ;
#948 = PLANE ( 'NONE',  #564 ) ;
#949 = CARTESIAN_POINT ( 'NONE',  ( 65.00000000000000000, 0.000000000000000000, 0.000000000000000000 ) ) ;
#950 = FACE_BOUND ( 'NONE', #1452, .T. ) ;
#951 = VERTEX_POINT ( 'NONE', #1175 ) ;
#952 = DIRECTION ( 'NONE',  ( 1.000000000000000000, -6.938893903907227392E-16, -0.000000000000000000 ) ) ;
#953 = ORIENTED_EDGE ( 'NONE', *, *, #989, .T. ) ;
#954 = EDGE_CURVE ( 'NONE', #349, #439, #1963, .T. ) ;
#955 = DIRECTION ( 'NONE',  ( 1.000000000000000000, 0.000000000000000000, 0.000000000000000000 ) ) ;
#956 = ORIENTED_EDGE ( 'NONE', *, *, #755, .F. ) ;
#957 = CARTESIAN_POINT ( 'NONE',  ( 56.70407640085728929, -60.10407640085579573, 10.00000000000000000 ) ) ;
#958 = CARTESIAN_POINT ( 'NONE',  ( -115.0000000000000142, -60.00000000000000000, 0.000000000000000000 ) ) ;
#959 = EDGE_CURVE ( 'NONE', #1667, #1309, #1981, .T. ) ;
#960 = CARTESIAN_POINT ( 'NONE',  ( -114.9999999999999858, -80.00000000000000000, 0.000000000000000000 ) ) ;
#961 = DIRECTION ( 'NONE',  ( -0.000000000000000000, 0.000000000000000000, -1.000000000000000000 ) ) ;
#962 = AXIS2_PLACEMENT_3D ( 'NONE', #2021, #225, #1670 ) ;
#963 = ORIENTED_EDGE ( 'NONE', *, *, #456, .T. ) ;
#964 = VECTOR ( 'NONE', #1821, 1000.000000000000000 ) ;
#965 = AXIS2_PLACEMENT_3D ( 'NONE', #511, #994, #309 ) ;
#966 = CIRCLE ( 'NONE', #797, 4.199999999999995737 ) ;
#967 = CIRCLE ( 'NONE', #64, 3.399999999999986144 ) ;
#968 = DIRECTION ( 'NONE',  ( -1.000000000000000000, 0.000000000000000000, 0.000000000000000000 ) ) ;
#969 = ORIENTED_EDGE ( 'NONE', *, *, #602, .T. ) ;
#970 = VECTOR ( 'NONE', #1575, 1000.000000000000000 ) ;
#971 = FACE_OUTER_BOUND ( 'NONE', #1655, .T. ) ;
#972 = VERTEX_POINT ( 'NONE', #77 ) ;
#973 = DIRECTION ( 'NONE',  ( 6.938893903907232322E-16, -1.000000000000000000, 0.000000000000000000 ) ) ;
#974 = DIRECTION ( 'NONE',  ( -0.000000000000000000, -0.000000000000000000, 1.000000000000000000 ) ) ;
#975 = ADVANCED_FACE ( 'NONE', ( #1496 ), #1816, .F. ) ;
#976 = DIRECTION ( 'NONE',  ( 0.000000000000000000, 0.000000000000000000, 1.000000000000000000 ) ) ;
#977 = VERTEX_POINT ( 'NONE', #409 ) ;
#978 = DIRECTION ( 'NONE',  ( -0.000000000000000000, -0.000000000000000000, 1.000000000000000000 ) ) ;
#979 = VERTEX_POINT ( 'NONE', #1048 ) ;
#980 = CARTESIAN_POINT ( 'NONE',  ( 119.2000000000000313, -79.99999999999998579, 10.00000000000000000 ) ) ;
#981 = ORIENTED_EDGE ( 'NONE', *, *, #922, .F. ) ;
#982 = FACE_OUTER_BOUND ( 'NONE', #486, .T. ) ;
#983 = DIRECTION ( 'NONE',  ( 1.000000000000000000, 0.000000000000000000, 0.000000000000000000 ) ) ;
#984 = DIRECTION ( 'NONE',  ( 1.000000000000000000, 0.000000000000000000, -0.000000000000000000 ) ) ;
#985 = EDGE_CURVE ( 'NONE', #1947, #1597, #404, .T. ) ;
#986 = CARTESIAN_POINT ( 'NONE',  ( -110.0000000000000000, 75.00000000000000000, 10.00000000000000000 ) ) ;
#987 = ORIENTED_EDGE ( 'NONE', *, *, #304, .F. ) ;
#988 = DIRECTION ( 'NONE',  ( 0.000000000000000000, 0.000000000000000000, 1.000000000000000000 ) ) ;
#989 = EDGE_CURVE ( 'NONE', #1345, #838, #700, .T. ) ;
#990 = ORIENTED_EDGE ( 'NONE', *, *, #175, .T. ) ;
#991 = DIRECTION ( 'NONE',  ( 0.000000000000000000, 0.000000000000000000, 1.000000000000000000 ) ) ;
#992 = VERTEX_POINT ( 'NONE', #527 ) ;
#993 = DIRECTION ( 'NONE',  ( 0.000000000000000000, 0.000000000000000000, 1.000000000000000000 ) ) ;
#994 = DIRECTION ( 'NONE',  ( 0.000000000000000000, 0.000000000000000000, 1.000000000000000000 ) ) ;
#995 = VERTEX_POINT ( 'NONE', #1691 ) ;
#996 = ORIENTED_EDGE ( 'NONE', *, *, #1377, .F. ) ;
#997 = CIRCLE ( 'NONE', #21, 4.200000000000023270 ) ;
#998 = CARTESIAN_POINT ( 'NONE',  ( -119.2000000000000171, 60.00000000000000000, 0.000000000000000000 ) ) ;
#999 = ADVANCED_FACE ( 'NONE', ( #542 ), #1668, .F. ) ;
#1000 =( GEOMETRIC_REPRESENTATION_CONTEXT ( 3 ) GLOBAL_UNCERTAINTY_ASSIGNED_CONTEXT ( ( #306 ) ) GLOBAL_UNIT_ASSIGNED_CONTEXT ( ( #647, #1167, #346 ) ) REPRESENTATION_CONTEXT ( 'NONE', 'WORKASPACE' ) );
#1001 = ORIENTED_EDGE ( 'NONE', *, *, #1434, .T. ) ;
#1002 = DIRECTION ( 'NONE',  ( -6.938893903907227392E-16, -1.000000000000000000, 0.000000000000000000 ) ) ;
#1003 = CIRCLE ( 'NONE', #1646, 65.00000000000000000 ) ;
#1004 = AXIS2_PLACEMENT_3D ( 'NONE', #1807, #1157, #162 ) ;
#1005 = AXIS2_PLACEMENT_3D ( 'NONE', #742, #279, #2041 ) ;
#1006 = ORIENTED_EDGE ( 'NONE', *, *, #1261, .T. ) ;
#1007 = LINE ( 'NONE', #1853, #1637 ) ;
#1008 = DIRECTION ( 'NONE',  ( -1.000000000000000000, 6.938893903907227392E-16, 0.000000000000000000 ) ) ;
#1009 = ORIENTED_EDGE ( 'NONE', *, *, #1687, .T. ) ;
#1010 = DIRECTION ( 'NONE',  ( 0.000000000000000000, 0.000000000000000000, 1.000000000000000000 ) ) ;
#1011 = ORIENTED_EDGE ( 'NONE', *, *, #1522, .F. ) ;
#1012 = DIRECTION ( 'NONE',  ( 1.000000000000000000, 0.000000000000000000, 0.000000000000000000 ) ) ;
#1013 = EDGE_CURVE ( 'NONE', #979, #1144, #1512, .T. ) ;
#1014 = ORIENTED_EDGE ( 'NONE', *, *, #451, .T. ) ;
#1015 = CARTESIAN_POINT ( 'NONE',  ( -75.00000000000000000, -75.80000000000002558, 0.000000000000000000 ) ) ;
#1016 = DIRECTION ( 'NONE',  ( 1.000000000000000000, 0.000000000000000000, 0.000000000000000000 ) ) ;
#1017 = DIRECTION ( 'NONE',  ( 1.000000000000000000, 0.000000000000000000, 0.000000000000000000 ) ) ;
#1018 = CARTESIAN_POINT ( 'NONE',  ( 75.00000000000000000, 75.80000000000002558, 0.000000000000000000 ) ) ;
#1019 = ORIENTED_EDGE ( 'NONE', *, *, #578, .T. ) ;
#1020 = PLANE ( 'NONE',  #599 ) ;
#1021 = VERTEX_POINT ( 'NONE', #53 ) ;
#1022 = PLANE ( 'NONE',  #1603 ) ;
#1023 = EDGE_CURVE ( 'NONE', #844, #1926, #697, .T. ) ;
#1024 = EDGE_LOOP ( 'NONE', ( #2059, #1929, #408, #187, #987, #693, #626, #1833 ) ) ;
#1025 = CARTESIAN_POINT ( 'NONE',  ( 95.00000000000000000, 84.20000000000000284, 0.000000000000000000 ) ) ;
#1026 = UNCERTAINTY_MEASURE_WITH_UNIT (LENGTH_MEASURE( 1.000000000000000082E-05 ), #71, 'distance_accuracy_value', 'NONE');
#1027 = CYLINDRICAL_SURFACE ( 'NONE', #1340, 4.199999999999981526 ) ;
#1028 = FACE_OUTER_BOUND ( 'NONE', #1590, .T. ) ;
#1029 = ORIENTED_EDGE ( 'NONE', *, *, #588, .F. ) ;
#1030 = AXIS2_PLACEMENT_3D ( 'NONE', #1464, #502, #805 ) ;
#1031 = CARTESIAN_POINT ( 'NONE',  ( 109.9999999999999858, 75.00000000000000000, 10.00000000000000000 ) ) ;
#1032 = ORIENTED_EDGE ( 'NONE', *, *, #1542, .T. ) ;
#1033 = CARTESIAN_POINT ( 'NONE',  ( -95.00000000000000000, 84.20000000000000284, 0.000000000000000000 ) ) ;
#1034 =( GEOMETRIC_REPRESENTATION_CONTEXT ( 3 ) GLOBAL_UNCERTAINTY_ASSIGNED_CONTEXT ( ( #605 ) ) GLOBAL_UNIT_ASSIGNED_CONTEXT ( ( #584, #1560, #1390 ) ) REPRESENTATION_CONTEXT ( 'NONE', 'WORKASPACE' ) );
#1035 = VECTOR ( 'NONE', #645, 1000.000000000000000 ) ;
#1036 = ORIENTED_EDGE ( 'NONE', *, *, #1630, .F. ) ;
#1037 = AXIS2_PLACEMENT_3D ( 'NONE', #633, #1937, #946 ) ;
#1038 = AXIS2_PLACEMENT_3D ( 'NONE', #1500, #421, #705 ) ;
#1039 = LINE ( 'NONE', #1380, #763 ) ;
#1040 = CYLINDRICAL_SURFACE ( 'NONE', #1337, 3.400000000000000355 ) ;
#1041 = AXIS2_PLACEMENT_3D ( 'NONE', #235, #1697, #877 ) ;
#1042 = CARTESIAN_POINT ( 'NONE',  ( 115.0000000000000142, -60.00000000000000000, 0.000000000000000000 ) ) ;
#1043 = PLANE ( 'NONE',  #1135 ) ;
#1044 = EDGE_CURVE ( 'NONE', #888, #846, #2048, .T. ) ;
#1045 = MANIFOLD_SOLID_BREP ( 'Ô²½Ç1', #870 ) ;
#1046 = CARTESIAN_POINT ( 'NONE',  ( 110.0000000000000000, -74.99999999999998579, 10.00000000000000000 ) ) ;
#1047 = ORIENTED_EDGE ( 'NONE', *, *, #2067, .T. ) ;
#1048 = CARTESIAN_POINT ( 'NONE',  ( -110.0000000000000000, 95.00000000000000000, 0.000000000000000000 ) ) ;
#1049 = EDGE_LOOP ( 'NONE', ( #500, #756, #617, #1006 ) ) ;
#1050 = DIRECTION ( 'NONE',  ( 0.000000000000000000, 0.000000000000000000, 1.000000000000000000 ) ) ;
#1051 = PLANE ( 'NONE',  #1848 ) ;
#1052 = PLANE ( 'NONE',  #22 ) ;
#1053 = EDGE_CURVE ( 'NONE', #397, #1822, #302, .T. ) ;
#1054 = ORIENTED_EDGE ( 'NONE', *, *, #330, .T. ) ;
#1055 = PRODUCT_DEFINITION ( 'Î´Öª', '', #359, #2002 ) ;
#1056 = ORIENTED_EDGE ( 'NONE', *, *, #2024, .T. ) ;
#1057 = CARTESIAN_POINT ( 'NONE',  ( 63.50407640085728644, -60.10407640085579573, 10.00000000000000000 ) ) ;
#1058 = CARTESIAN_POINT ( 'NONE',  ( -70.80000000000001137, -80.00000000000000000, 10.00000000000000000 ) ) ;
#1059 = CYLINDRICAL_SURFACE ( 'NONE', #902, 4.199999999999981526 ) ;
#1060 = CARTESIAN_POINT ( 'NONE',  ( 109.9999999999999858, 95.00000000000000000, 10.00000000000000000 ) ) ;
#1061 = ORIENTED_EDGE ( 'NONE', *, *, #344, .T. ) ;
#1062 = ADVANCED_FACE ( 'NONE', ( #1105 ), #2072, .F. ) ;
#1063 = ORIENTED_EDGE ( 'NONE', *, *, #985, .T. ) ;
#1064 = DIRECTION ( 'NONE',  ( 1.000000000000000000, 0.000000000000000000, 0.000000000000000000 ) ) ;
#1065 = VECTOR ( 'NONE', #1628, 1000.000000000000000 ) ;
#1066 = VECTOR ( 'NONE', #1308, 1000.000000000000000 ) ;
#1067 = AXIS2_PLACEMENT_3D ( 'NONE', #691, #1855, #1017 ) ;
#1068 = FACE_BOUND ( 'NONE', #1866, .T. ) ;
#1069 = FACE_OUTER_BOUND ( 'NONE', #925, .T. ) ;
#1070 = CIRCLE ( 'NONE', #1851, 4.199999999999995737 ) ;
#1071 = AXIS2_PLACEMENT_3D ( 'NONE', #1046, #1528, #1858 ) ;
#1072 = LINE ( 'NONE', #270, #970 ) ;
#1073 = ORIENTED_EDGE ( 'NONE', *, *, #1023, .F. ) ;
#1074 = VERTEX_POINT ( 'NONE', #1720 ) ;
#1075 = EDGE_CURVE ( 'NONE', #688, #1761, #1811, .T. ) ;
#1076 = DIRECTION ( 'NONE',  ( 0.000000000000000000, 0.000000000000000000, 1.000000000000000000 ) ) ;
#1077 = FACE_BOUND ( 'NONE', #2008, .T. ) ;
#1078 = SURFACE_STYLE_USAGE ( .BOTH. , #1240 ) ;
#1079 = EDGE_CURVE ( 'NONE', #1727, #1852, #609, .T. ) ;
#1080 = FACE_BOUND ( 'NONE', #1692, .T. ) ;
#1081 = VERTEX_POINT ( 'NONE', #1594 ) ;
#1082 = SURFACE_STYLE_FILL_AREA ( #1733 ) ;
#1083 = VERTEX_POINT ( 'NONE', #114 ) ;
#1084 = DIRECTION ( 'NONE',  ( -1.000000000000000000, 0.000000000000000000, 0.000000000000000000 ) ) ;
#1085 = SURFACE_STYLE_USAGE ( .BOTH. , #133 ) ;
#1086 = EDGE_CURVE ( 'NONE', #473, #972, #629, .T. ) ;
#1087 = SURFACE_STYLE_FILL_AREA ( #436 ) ;
#1088 = FILL_AREA_STYLE ('',( #754 ) ) ;
#1089 = DIRECTION ( 'NONE',  ( -0.000000000000000000, 0.000000000000000000, 1.000000000000000000 ) ) ;
#1090 = LINE ( 'NONE', #1732, #262 ) ;
#1091 = ORIENTED_EDGE ( 'NONE', *, *, #1290, .T. ) ;
#1092 = LINE ( 'NONE', #1394, #831 ) ;
#1093 = AXIS2_PLACEMENT_3D ( 'NONE', #690, #207, #379 ) ;
#1094 = CARTESIAN_POINT ( 'NONE',  ( 109.9999999999999858, 95.00000000000000000, 0.000000000000000000 ) ) ;
#1095 = CYLINDRICAL_SURFACE ( 'NONE', #290, 3.399999999999993250 ) ;
#1096 = AXIS2_PLACEMENT_3D ( 'NONE', #773, #2038, #1084 ) ;
#1097 = AXIS2_PLACEMENT_3D ( 'NONE', #616, #490, #841 ) ;
#1098 = AXIS2_PLACEMENT_3D ( 'NONE', #958, #343, #1444 ) ;
#1099 = STYLED_ITEM ( 'NONE', ( #291 ), #1045 ) ;
#1100 = ADVANCED_FACE ( 'NONE', ( #272 ), #1749, .F. ) ;
#1101 = COLOUR_RGB ( '',0.8980392156862745390, 0.9176470588235293713, 0.9294117647058823817 ) ;
#1102 = CYLINDRICAL_SURFACE ( 'NONE', #1987, 3.400000000000000355 ) ;
#1103 = ORIENTED_EDGE ( 'NONE', *, *, #694, .F. ) ;
#1104 = VECTOR ( 'NONE', #788, 1000.000000000000000 ) ;
#1105 = FACE_OUTER_BOUND ( 'NONE', #153, .T. ) ;
#1106 = ORIENTED_EDGE ( 'NONE', *, *, #433, .T. ) ;
#1107 = PLANE ( 'NONE',  #26 ) ;
#1108 = UNCERTAINTY_MEASURE_WITH_UNIT (LENGTH_MEASURE( 1.000000000000000082E-05 ), #2089, 'distance_accuracy_value', 'NONE');
#1109 = ORIENTED_EDGE ( 'NONE', *, *, #667, .T. ) ;
#1110 =( LENGTH_UNIT ( ) NAMED_UNIT ( * ) SI_UNIT ( .MILLI., .METRE. ) );
#1111 = CARTESIAN_POINT ( 'NONE',  ( 95.00000000000000000, -84.20000000000000284, 0.000000000000000000 ) ) ;
#1112 = DIRECTION ( 'NONE',  ( -0.000000000000000000, -0.000000000000000000, 1.000000000000000000 ) ) ;
#1113 = EDGE_LOOP ( 'NONE', ( #2083, #425, #1257, #1988 ) ) ;
#1114 = EDGE_CURVE ( 'NONE', #1964, #686, #770, .T. ) ;
#1115 =( NAMED_UNIT ( * ) SI_UNIT ( $, .STERADIAN. ) SOLID_ANGLE_UNIT ( ) );
#1116 = ORIENTED_EDGE ( 'NONE', *, *, #1617, .F. ) ;
#1117 = ADVANCED_FACE ( 'NONE', ( #446 ), #1885, .F. ) ;
#1118 = CARTESIAN_POINT ( 'NONE',  ( -114.9999999999999858, 80.00000000000000000, 0.000000000000000000 ) ) ;
#1119 = VERTEX_POINT ( 'NONE', #1915 ) ;
#1120 = DIRECTION ( 'NONE',  ( -0.000000000000000000, -0.000000000000000000, 1.000000000000000000 ) ) ;
#1121 = DIRECTION ( 'NONE',  ( 6.938893903907233308E-16, 1.000000000000000000, 0.000000000000000000 ) ) ;
#1122 = DIRECTION ( 'NONE',  ( -0.000000000000000000, -0.000000000000000000, 1.000000000000000000 ) ) ;
#1123 = VERTEX_POINT ( 'NONE', #471 ) ;
#1124 = DIRECTION ( 'NONE',  ( -0.000000000000000000, -0.000000000000000000, 1.000000000000000000 ) ) ;
#1125 = VERTEX_POINT ( 'NONE', #2064 ) ;
#1126 = DIRECTION ( 'NONE',  ( -1.000000000000000000, 0.000000000000000000, 0.000000000000000000 ) ) ;
#1127 = EDGE_CURVE ( 'NONE', #910, #1123, #1743, .T. ) ;
#1128 = EDGE_LOOP ( 'NONE', ( #1417, #1398, #1029, #1279 ) ) ;
#1129 = LINE ( 'NONE', #1772, #1705 ) ;
#1130 = CARTESIAN_POINT ( 'NONE',  ( -65.00000000000000000, 7.960204194457797252E-15, 10.00000000000000000 ) ) ;
#1131 = CARTESIAN_POINT ( 'NONE',  ( 75.00000000000000000, 75.80000000000002558, 10.00000000000000000 ) ) ;
#1132 = CYLINDRICAL_SURFACE ( 'NONE', #1375, 4.200000000000023270 ) ;
#1133 = AXIS2_PLACEMENT_3D ( 'NONE', #193, #654, #1453 ) ;
#1134 = ORIENTED_EDGE ( 'NONE', *, *, #588, .T. ) ;
#1135 = AXIS2_PLACEMENT_3D ( 'NONE', #1674, #1527, #82 ) ;
#1136 = AXIS2_PLACEMENT_3D ( 'NONE', #1583, #258, #1742 ) ;
#1137 = COLOUR_RGB ( '',0.8980392156862745390, 0.9176470588235293713, 0.9294117647058823817 ) ;
#1138 = AXIS2_PLACEMENT_3D ( 'NONE', #1321, #840, #1957 ) ;
#1139 = LINE ( 'NONE', #1813, #367 ) ;
#1140 = AXIS2_PLACEMENT_3D ( 'NONE', #1780, #1010, #1611 ) ;
#1141 = ORIENTED_EDGE ( 'NONE', *, *, #1814, .F. ) ;
#1142 = DIRECTION ( 'NONE',  ( 6.938893903907227392E-16, -1.000000000000000000, 0.000000000000000000 ) ) ;
#1143 = EDGE_CURVE ( 'NONE', #1707, #917, #1090, .T. ) ;
#1144 = VERTEX_POINT ( 'NONE', #1902 ) ;
#1145 = DIRECTION ( 'NONE',  ( 1.000000000000000000, -6.938893903907227392E-16, 0.000000000000000000 ) ) ;
#1146 = DIRECTION ( 'NONE',  ( 0.000000000000000000, 0.000000000000000000, 1.000000000000000000 ) ) ;
#1147 = DIRECTION ( 'NONE',  ( 6.938893903907227392E-16, 1.000000000000000000, 0.000000000000000000 ) ) ;
#1148 = EDGE_CURVE ( 'NONE', #1418, #1341, #463, .T. ) ;
#1149 = CARTESIAN_POINT ( 'NONE',  ( -95.00000000000000000, -84.20000000000000284, 0.000000000000000000 ) ) ;
#1150 = ORIENTED_EDGE ( 'NONE', *, *, #357, .F. ) ;
#1151 = FACE_OUTER_BOUND ( 'NONE', #44, .T. ) ;
#1152 = VERTEX_POINT ( 'NONE', #481 ) ;
#1153 = CYLINDRICAL_SURFACE ( 'NONE', #901, 20.00000000000000355 ) ;
#1154 = ORIENTED_EDGE ( 'NONE', *, *, #344, .F. ) ;
#1155 = FACE_OUTER_BOUND ( 'NONE', #1049, .T. ) ;
#1156 = EDGE_CURVE ( 'NONE', #846, #888, #1908, .T. ) ;
#1157 = DIRECTION ( 'NONE',  ( 1.000000000000000000, -6.938893903907233308E-16, 0.000000000000000000 ) ) ;
#1158 = DIRECTION ( 'NONE',  ( -0.000000000000000000, 0.000000000000000000, 1.000000000000000000 ) ) ;
#1159 = EDGE_LOOP ( 'NONE', ( #491, #2018, #842, #173 ) ) ;
#1160 = DIRECTION ( 'NONE',  ( 1.000000000000000000, 6.938893903907233308E-16, 0.000000000000000000 ) ) ;
#1161 = EDGE_LOOP ( 'NONE', ( #360, #1665, #1783, #2030 ) ) ;
#1162 = CARTESIAN_POINT ( 'NONE',  ( 115.0000000000000142, 60.00000000000000000, 0.000000000000000000 ) ) ;
#1163 = ORIENTED_EDGE ( 'NONE', *, *, #139, .F. ) ;
#1164 = CARTESIAN_POINT ( 'NONE',  ( -95.00000000000000000, 75.80000000000001137, 0.000000000000000000 ) ) ;
#1165 = DIRECTION ( 'NONE',  ( 1.000000000000000000, 0.000000000000000000, 0.000000000000000000 ) ) ;
#1166 = PLANE ( 'NONE',  #1004 ) ;
#1167 =( NAMED_UNIT ( * ) PLANE_ANGLE_UNIT ( ) SI_UNIT ( $, .RADIAN. ) );
#1168 = ORIENTED_EDGE ( 'NONE', *, *, #555, .F. ) ;
#1169 = EDGE_CURVE ( 'NONE', #917, #1378, #201, .T. ) ;
#1170 = VECTOR ( 'NONE', #889, 1000.000000000000000 ) ;
#1171 = DIRECTION ( 'NONE',  ( -1.000000000000000000, 6.938893903907227392E-16, -0.000000000000000000 ) ) ;
#1172 = AXIS2_PLACEMENT_3D ( 'NONE', #604, #590, #1400 ) ;
#1173 = COLOUR_RGB ( '',0.8980392156862745390, 0.9176470588235293713, 0.9294117647058823817 ) ;
#1174 = ORIENTED_EDGE ( 'NONE', *, *, #1187, .F. ) ;
#1175 = CARTESIAN_POINT ( 'NONE',  ( -119.2000000000000313, 79.99999999999998579, 0.000000000000000000 ) ) ;
#1176 = VECTOR ( 'NONE', #601, 1000.000000000000000 ) ;
#1177 = AXIS2_PLACEMENT_3D ( 'NONE', #413, #891, #1490 ) ;
#1178 = ORIENTED_EDGE ( 'NONE', *, *, #1997, .T. ) ;
#1179 = CARTESIAN_POINT ( 'NONE',  ( -130.0000000000000000, -74.99999999999998579, 0.000000000000000000 ) ) ;
#1180 = CARTESIAN_POINT ( 'NONE',  ( 63.50407640085727223, -60.10407640085579573, 10.00000000000000178 ) ) ;
#1181 = DIRECTION ( 'NONE',  ( 0.000000000000000000, 1.000000000000000000, 0.000000000000000000 ) ) ;
#1182 = FACE_OUTER_BOUND ( 'NONE', #76, .T. ) ;
#1183 = ORIENTED_EDGE ( 'NONE', *, *, #959, .T. ) ;
#1184 = ADVANCED_FACE ( 'NONE', ( #4 ), #1449, .F. ) ;
#1185 = ORIENTED_EDGE ( 'NONE', *, *, #932, .T. ) ;
#1186 = DIRECTION ( 'NONE',  ( -0.000000000000000000, -0.000000000000000000, 1.000000000000000000 ) ) ;
#1187 = EDGE_CURVE ( 'NONE', #40, #1378, #506, .T. ) ;
#1188 = ORIENTED_EDGE ( 'NONE', *, *, #1363, .T. ) ;
#1189 = LINE ( 'NONE', #55, #1677 ) ;
#1190 = CARTESIAN_POINT ( 'NONE',  ( -75.00000000000000000, -80.00000000000000000, 0.000000000000000000 ) ) ;
#1191 = DIRECTION ( 'NONE',  ( -0.000000000000000000, 0.000000000000000000, 1.000000000000000000 ) ) ;
#1192 = DIRECTION ( 'NONE',  ( -1.000000000000000000, -0.000000000000000000, -0.000000000000000000 ) ) ;
#1193 = ORIENTED_EDGE ( 'NONE', *, *, #32, .F. ) ;
#1194 = FACE_OUTER_BOUND ( 'NONE', #729, .T. ) ;
#1195 = ORIENTED_EDGE ( 'NONE', *, *, #1864, .T. ) ;
#1196 = DIRECTION ( 'NONE',  ( 1.000000000000000000, 0.000000000000000000, 0.000000000000000000 ) ) ;
#1197 = ORIENTED_EDGE ( 'NONE', *, *, #1730, .T. ) ;
#1198 = ADVANCED_FACE ( 'NONE', ( #1473 ), #1935, .F. ) ;
#1199 = CARTESIAN_POINT ( 'NONE',  ( -65.00000000000000000, 7.960204194457797252E-15, 0.000000000000000000 ) ) ;
#1200 = DIRECTION ( 'NONE',  ( 1.000000000000000000, 6.938893903907227392E-16, 0.000000000000000000 ) ) ;
#1201 = CARTESIAN_POINT ( 'NONE',  ( 99.20000000000000284, 80.00000000000000000, 10.00000000000000000 ) ) ;
#1202 = VECTOR ( 'NONE', #1931, 1000.000000000000000 ) ;
#1203 = DIRECTION ( 'NONE',  ( -0.000000000000000000, 0.000000000000000000, 1.000000000000000000 ) ) ;
#1204 = ORIENTED_EDGE ( 'NONE', *, *, #433, .F. ) ;
#1205 = CARTESIAN_POINT ( 'NONE',  ( -119.2000000000000313, -79.99999999999998579, 0.000000000000000000 ) ) ;
#1206 = AXIS2_PLACEMENT_3D ( 'NONE', #673, #1456, #826 ) ;
#1207 = EDGE_LOOP ( 'NONE', ( #1873, #1651, #956, #538 ) ) ;
#1208 = AXIS2_PLACEMENT_3D ( 'NONE', #1989, #1354, #758 ) ;
#1209 = AXIS2_PLACEMENT_3D ( 'NONE', #960, #976, #816 ) ;
#1210 = DIRECTION ( 'NONE',  ( -0.000000000000000000, -0.000000000000000000, 1.000000000000000000 ) ) ;
#1211 = DIRECTION ( 'NONE',  ( 0.000000000000000000, 0.000000000000000000, 1.000000000000000000 ) ) ;
#1212 = EDGE_CURVE ( 'NONE', #856, #480, #1003, .T. ) ;
#1213 = CARTESIAN_POINT ( 'NONE',  ( 110.7999999999999829, 79.99999999999998579, 10.00000000000000000 ) ) ;
#1214 = DIRECTION ( 'NONE',  ( 1.000000000000000000, 0.000000000000000000, 0.000000000000000000 ) ) ;
#1215 = CYLINDRICAL_SURFACE ( 'NONE', #329, 20.00000000000000355 ) ;
#1216 = ORIENTED_EDGE ( 'NONE', *, *, #1013, .T. ) ;
#1217 = ORIENTED_EDGE ( 'NONE', *, *, #1786, .T. ) ;
#1218 = LINE ( 'NONE', #435, #596 ) ;
#1219 = DIRECTION ( 'NONE',  ( -0.000000000000000000, -0.000000000000000000, 1.000000000000000000 ) ) ;
#1220 = DIRECTION ( 'NONE',  ( -0.000000000000000000, -0.000000000000000000, 1.000000000000000000 ) ) ;
#1221 = ADVANCED_FACE ( 'NONE', ( #1961 ), #13, .F. ) ;
#1222 = CYLINDRICAL_SURFACE ( 'NONE', #739, 4.199999999999995737 ) ;
#1223 = VERTEX_POINT ( 'NONE', #998 ) ;
#1224 = EDGE_LOOP ( 'NONE', ( #1950, #1690, #818, #1593 ) ) ;
#1225 = LINE ( 'NONE', #2031, #91 ) ;
#1226 = PRESENTATION_STYLE_ASSIGNMENT (( #1085 ) ) ;
#1227 = DIRECTION ( 'NONE',  ( 1.000000000000000000, 0.000000000000000000, 0.000000000000000000 ) ) ;
#1228 = DIRECTION ( 'NONE',  ( 1.000000000000000000, 0.000000000000000000, 0.000000000000000000 ) ) ;
#1229 =( NAMED_UNIT ( * ) SI_UNIT ( $, .STERADIAN. ) SOLID_ANGLE_UNIT ( ) );
#1230 = EDGE_CURVE ( 'NONE', #50, #339, #1459, .T. ) ;
#1231 = VERTEX_POINT ( 'NONE', #1621 ) ;
#1232 = ORIENTED_EDGE ( 'NONE', *, *, #139, .T. ) ;
#1233 = EDGE_CURVE ( 'NONE', #1761, #1667, #338, .T. ) ;
#1234 = CARTESIAN_POINT ( 'NONE',  ( -110.7999999999999829, -79.99999999999998579, 0.000000000000000000 ) ) ;
#1235 = CIRCLE ( 'NONE', #1568, 20.00000000000000355 ) ;
#1236 = CIRCLE ( 'NONE', #594, 3.400000000000000355 ) ;
#1237 = VECTOR ( 'NONE', #890, 1000.000000000000000 ) ;
#1238 = AXIS2_PLACEMENT_3D ( 'NONE', #790, #812, #955 ) ;
#1239 = FACE_BOUND ( 'NONE', #1576, .T. ) ;
#1240 = SURFACE_SIDE_STYLE ('',( #929 ) ) ;
#1241 = PLANE ( 'NONE',  #1545 ) ;
#1242 = EDGE_LOOP ( 'NONE', ( #887, #526, #337, #1353 ) ) ;
#1243 = DIRECTION ( 'NONE',  ( 6.938893903907233308E-16, -1.000000000000000000, 0.000000000000000000 ) ) ;
#1244 = EDGE_CURVE ( 'NONE', #1119, #10, #820, .T. ) ;
#1245 = EDGE_LOOP ( 'NONE', ( #1150, #1566, #1624, #86 ) ) ;
#1246 = DIRECTION ( 'NONE',  ( 0.000000000000000000, -0.000000000000000000, -1.000000000000000000 ) ) ;
#1247 = FACE_OUTER_BOUND ( 'NONE', #307, .T. ) ;
#1248 = LINE ( 'NONE', #2055, #1430 ) ;
#1249 = PRESENTATION_STYLE_ASSIGNMENT (( #1755 ) ) ;
#1250 = CARTESIAN_POINT ( 'NONE',  ( 95.00000000000000000, -84.20000000000000284, 0.000000000000000000 ) ) ;
#1251 = EDGE_LOOP ( 'NONE', ( #1768, #1109, #2074, #1960 ) ) ;
#1252 = CYLINDRICAL_SURFACE ( 'NONE', #1037, 3.400000000000000355 ) ;
#1253 = APPLICATION_PROTOCOL_DEFINITION ( 'draft international standard', 'automotive_design', 1998, #472 ) ;
#1254 = EDGE_CURVE ( 'NONE', #2063, #1579, #1645, .T. ) ;
#1255 = DIRECTION ( 'NONE',  ( -0.000000000000000000, -0.000000000000000000, 1.000000000000000000 ) ) ;
#1256 = ORIENTED_EDGE ( 'NONE', *, *, #1876, .T. ) ;
#1257 = ORIENTED_EDGE ( 'NONE', *, *, #172, .F. ) ;
#1258 = ORIENTED_EDGE ( 'NONE', *, *, #2024, .F. ) ;
#1259 = FACE_OUTER_BOUND ( 'NONE', #1916, .T. ) ;
#1260 = CARTESIAN_POINT ( 'NONE',  ( 110.7999999999999972, -60.00000000000000000, 10.00000000000000000 ) ) ;
#1261 = EDGE_CURVE ( 'NONE', #861, #1936, #1139, .T. ) ;
#1262 = CIRCLE ( 'NONE', #196, 4.200000000000023270 ) ;
#1263 = CIRCLE ( 'NONE', #494, 4.199999999999981526 ) ;
#1264 = FILL_AREA_STYLE ('',( #1900 ) ) ;
#1265 = ORIENTED_EDGE ( 'NONE', *, *, #694, .T. ) ;
#1266 = EDGE_CURVE ( 'NONE', #992, #157, #1343, .T. ) ;
#1267 = STYLED_ITEM ( 'NONE', ( #1249 ), #1410 ) ;
#1268 = DIRECTION ( 'NONE',  ( 1.000000000000000000, 0.000000000000000000, 0.000000000000000000 ) ) ;
#1269 = ORIENTED_EDGE ( 'NONE', *, *, #552, .T. ) ;
#1270 = LINE ( 'NONE', #1623, #1066 ) ;
#1271 = ORIENTED_EDGE ( 'NONE', *, *, #1230, .T. ) ;
#1272 = LINE ( 'NONE', #1762, #1843 ) ;
#1273 = CARTESIAN_POINT ( 'NONE',  ( 95.00000000000000000, -75.80000000000001137, 10.00000000000000000 ) ) ;
#1274 = CYLINDRICAL_SURFACE ( 'NONE', #233, 65.00000000000000000 ) ;
#1275 = CARTESIAN_POINT ( 'NONE',  ( 110.7999999999999829, -79.99999999999998579, 0.000000000000000000 ) ) ;
#1276 = ORIENTED_EDGE ( 'NONE', *, *, #301, .T. ) ;
#1277 = EDGE_CURVE ( 'NONE', #1620, #1579, #1070, .T. ) ;
#1278 = DIRECTION ( 'NONE',  ( -0.000000000000000000, -0.000000000000000000, 1.000000000000000000 ) ) ;
#1279 = ORIENTED_EDGE ( 'NONE', *, *, #1254, .T. ) ;
#1280 = FACE_OUTER_BOUND ( 'NONE', #1700, .T. ) ;
#1281 = ORIENTED_EDGE ( 'NONE', *, *, #2050, .T. ) ;
#1282 = DIRECTION ( 'NONE',  ( -0.000000000000000000, -0.000000000000000000, 1.000000000000000000 ) ) ;
#1283 = DIRECTION ( 'NONE',  ( 1.000000000000000000, 0.000000000000000000, 0.000000000000000000 ) ) ;
#1284 = VERTEX_POINT ( 'NONE', #51 ) ;
#1285 = CYLINDRICAL_SURFACE ( 'NONE', #1642, 4.199999999999995737 ) ;
#1286 = ORIENTED_EDGE ( 'NONE', *, *, #1830, .F. ) ;
#1287 = DIRECTION ( 'NONE',  ( -0.000000000000000000, -0.000000000000000000, 1.000000000000000000 ) ) ;
#1288 = EDGE_CURVE ( 'NONE', #947, #67, #2051, .T. ) ;
#1289 = VERTEX_POINT ( 'NONE', #685 ) ;
#1290 = EDGE_CURVE ( 'NONE', #1531, #509, #1303, .T. ) ;
#1291 = CIRCLE ( 'NONE', #927, 4.199999999999995737 ) ;
#1292 = ORIENTED_EDGE ( 'NONE', *, *, #482, .F. ) ;
#1293 = SURFACE_SIDE_STYLE ('',( #342 ) ) ;
#1294 = CARTESIAN_POINT ( 'NONE',  ( 95.00000000000000000, -84.20000000000000284, 10.00000000000000000 ) ) ;
#1295 =( GEOMETRIC_REPRESENTATION_CONTEXT ( 3 ) GLOBAL_UNCERTAINTY_ASSIGNED_CONTEXT ( ( #80 ) ) GLOBAL_UNIT_ASSIGNED_CONTEXT ( ( #442, #1395, #1581 ) ) REPRESENTATION_CONTEXT ( 'NONE', 'WORKASPACE' ) );
#1296 = LINE ( 'NONE', #807, #1472 ) ;
#1297 = CARTESIAN_POINT ( 'NONE',  ( -110.0000000000000000, -95.00000000000000000, 10.00000000000000000 ) ) ;
#1298 = CIRCLE ( 'NONE', #962, 4.200000000000009059 ) ;
#1299 = ORIENTED_EDGE ( 'NONE', *, *, #1519, .T. ) ;
#1300 = CIRCLE ( 'NONE', #25, 4.199999999999981526 ) ;
#1301 = VECTOR ( 'NONE', #340, 1000.000000000000000 ) ;
#1302 = AXIS2_PLACEMENT_3D ( 'NONE', #2025, #1191, #1831 ) ;
#1303 = LINE ( 'NONE', #1324, #741 ) ;
#1304 = AXIS2_PLACEMENT_3D ( 'NONE', #322, #1287, #829 ) ;
#1305 = PRODUCT_DEFINITION_SHAPE ( 'NONE', 'NONE',  #1055 ) ;
#1306 = EDGE_LOOP ( 'NONE', ( #210, #1286, #1548, #916 ) ) ;
#1307 = ADVANCED_FACE ( 'NONE', ( #1151 ), #185, .F. ) ;
#1308 = DIRECTION ( 'NONE',  ( 1.000000000000000000, -6.938893903907227392E-16, -0.000000000000000000 ) ) ;
#1309 = VERTEX_POINT ( 'NONE', #1060 ) ;
#1310 = FILL_AREA_STYLE ('',( #823 ) ) ;
#1311 = DIRECTION ( 'NONE',  ( -1.000000000000000000, 0.000000000000000000, 0.000000000000000000 ) ) ;
#1312 = PLANE ( 'NONE',  #1713 ) ;
#1313 = DIRECTION ( 'NONE',  ( 1.000000000000000000, 0.000000000000000000, 0.000000000000000000 ) ) ;
#1314 = ORIENTED_EDGE ( 'NONE', *, *, #806, .F. ) ;
#1315 = DIRECTION ( 'NONE',  ( -0.000000000000000000, -0.000000000000000000, 1.000000000000000000 ) ) ;
#1316 = EDGE_LOOP ( 'NONE', ( #1475, #1440, #822, #574 ) ) ;
#1317 = CARTESIAN_POINT ( 'NONE',  ( -110.7999999999999972, -60.00000000000000000, 0.000000000000000000 ) ) ;
#1318 = ORIENTED_EDGE ( 'NONE', *, *, #1053, .F. ) ;
#1319 = CARTESIAN_POINT ( 'NONE',  ( -95.00000000000000000, -80.00000000000000000, 10.00000000000000000 ) ) ;
#1320 = EDGE_CURVE ( 'NONE', #2000, #610, #1507, .T. ) ;
#1321 = CARTESIAN_POINT ( 'NONE',  ( -130.0000000000000000, 95.00000000000000000, 10.00000000000000000 ) ) ;
#1322 = CARTESIAN_POINT ( 'NONE',  ( -95.00000000000000000, 75.80000000000001137, 10.00000000000000000 ) ) ;
#1323 = VERTEX_POINT ( 'NONE', #710 ) ;
#1324 = CARTESIAN_POINT ( 'NONE',  ( -95.00000000000000000, -84.20000000000000284, 0.000000000000000000 ) ) ;
#1325 = EDGE_LOOP ( 'NONE', ( #255, #424, #759, #854 ) ) ;
#1326 = CARTESIAN_POINT ( 'NONE',  ( -60.10407640085686154, 60.10407640085621495, 10.00000000000000178 ) ) ;
#1327 = EDGE_LOOP ( 'NONE', ( #1387, #418, #183, #1091 ) ) ;
#1328 = CARTESIAN_POINT ( 'NONE',  ( 109.9999999999999858, 75.00000000000000000, 0.000000000000000000 ) ) ;
#1329 = DIRECTION ( 'NONE',  ( 0.000000000000000000, 0.000000000000000000, 1.000000000000000000 ) ) ;
#1330 = CARTESIAN_POINT ( 'NONE',  ( -63.50407640085685301, 60.10407640085621495, 0.000000000000000000 ) ) ;
#1331 = ADVANCED_FACE ( 'NONE', ( #105 ), #749, .F. ) ;
#1332 = LINE ( 'NONE', #241, #866 ) ;
#1333 = VERTEX_POINT ( 'NONE', #2016 ) ;
#1334 = VECTOR ( 'NONE', #1412, 1000.000000000000000 ) ;
#1335 = AXIS2_PLACEMENT_3D ( 'NONE', #1369, #718, #1349 ) ;
#1336 = FILL_AREA_STYLE_COLOUR ( '', #836 ) ;
#1337 = AXIS2_PLACEMENT_3D ( 'NONE', #46, #1347, #1016 ) ;
#1338 = ADVANCED_FACE ( 'NONE', ( #539 ), #1215, .T. ) ;
#1339 = AXIS2_PLACEMENT_3D ( 'NONE', #1162, #722, #223 ) ;
#1340 = AXIS2_PLACEMENT_3D ( 'NONE', #546, #402, #1383 ) ;
#1341 = VERTEX_POINT ( 'NONE', #1360 ) ;
#1342 = CARTESIAN_POINT ( 'NONE',  ( 119.2000000000000313, -79.99999999999998579, 10.00000000000000000 ) ) ;
#1343 = CIRCLE ( 'NONE', #1140, 4.199999999999981526 ) ;
#1344 = VECTOR ( 'NONE', #935, 1000.000000000000000 ) ;
#1345 = VERTEX_POINT ( 'NONE', #1865 ) ;
#1346 = DIRECTION ( 'NONE',  ( 1.000000000000000000, 0.000000000000000000, 0.000000000000000000 ) ) ;
#1347 = DIRECTION ( 'NONE',  ( -0.000000000000000000, -0.000000000000000000, 1.000000000000000000 ) ) ;
#1348 = PLANE ( 'NONE',  #1812 ) ;
#1349 = DIRECTION ( 'NONE',  ( 1.000000000000000000, 0.000000000000000000, 0.000000000000000000 ) ) ;
#1350 = VERTEX_POINT ( 'NONE', #1834 ) ;
#1351 = CARTESIAN_POINT ( 'NONE',  ( 95.00000000000000000, -75.80000000000001137, 0.000000000000000000 ) ) ;
#1352 = ADVANCED_FACE ( 'NONE', ( #83 ), #1222, .F. ) ;
#1353 = ORIENTED_EDGE ( 'NONE', *, *, #47, .T. ) ;
#1354 = DIRECTION ( 'NONE',  ( -0.000000000000000000, 0.000000000000000000, 1.000000000000000000 ) ) ;
#1355 = ORIENTED_EDGE ( 'NONE', *, *, #847, .T. ) ;
#1356 = DIRECTION ( 'NONE',  ( -0.000000000000000000, -0.000000000000000000, 1.000000000000000000 ) ) ;
#1357 = LINE ( 'NONE', #1662, #229 ) ;
#1358 = DIRECTION ( 'NONE',  ( 0.000000000000000000, 0.000000000000000000, 1.000000000000000000 ) ) ;
#1359 = DIRECTION ( 'NONE',  ( 0.000000000000000000, 0.000000000000000000, 1.000000000000000000 ) ) ;
#1360 = CARTESIAN_POINT ( 'NONE',  ( -63.50407640085641248, -60.10407640085665548, 10.00000000000000178 ) ) ;
#1361 = ORIENTED_EDGE ( 'NONE', *, *, #1912, .T. ) ;
#1362 = PLANE ( 'NONE',  #531 ) ;
#1363 = EDGE_CURVE ( 'NONE', #1074, #1323, #1513, .T. ) ;
#1364 = ORIENTED_EDGE ( 'NONE', *, *, #1647, .F. ) ;
#1365 = CARTESIAN_POINT ( 'NONE',  ( 95.00000000000000000, -84.20000000000000284, 0.000000000000000000 ) ) ;
#1366 = FILL_AREA_STYLE ('',( #703 ) ) ;
#1367 = ADVANCED_FACE ( 'NONE', ( #1194 ), #1020, .F. ) ;
#1368 = DIRECTION ( 'NONE',  ( -1.000000000000000000, 0.000000000000000000, 0.000000000000000000 ) ) ;
#1369 = CARTESIAN_POINT ( 'NONE',  ( 115.0000000000000142, -60.00000000000000000, 0.000000000000000000 ) ) ;
#1370 = PRESENTATION_STYLE_ASSIGNMENT (( #719 ) ) ;
#1371 = ORIENTED_EDGE ( 'NONE', *, *, #1970, .F. ) ;
#1372 = STYLED_ITEM ( 'NONE', ( #1930 ), #405 ) ;
#1373 = EDGE_LOOP ( 'NONE', ( #2006, #200, #1711, #1361 ) ) ;
#1374 = VECTOR ( 'NONE', #1498, 1000.000000000000000 ) ;
#1375 = AXIS2_PLACEMENT_3D ( 'NONE', #39, #199, #639 ) ;
#1376 = VECTOR ( 'NONE', #1255, 1000.000000000000000 ) ;
#1377 = EDGE_CURVE ( 'NONE', #63, #1289, #1948, .T. ) ;
#1378 = VERTEX_POINT ( 'NONE', #558 ) ;
#1379 = AXIS2_PLACEMENT_3D ( 'NONE', #879, #1999, #395 ) ;
#1380 = CARTESIAN_POINT ( 'NONE',  ( 130.0000000000000000, 95.00000000000000000, 0.000000000000000000 ) ) ;
#1381 = DIRECTION ( 'NONE',  ( -0.000000000000000000, 0.000000000000000000, 1.000000000000000000 ) ) ;
#1382 = ADVANCED_FACE ( 'NONE', ( #407 ), #572, .T. ) ;
#1383 = DIRECTION ( 'NONE',  ( 1.000000000000000000, 0.000000000000000000, 0.000000000000000000 ) ) ;
#1384 = CARTESIAN_POINT ( 'NONE',  ( -110.0000000000000000, -95.00000000000000000, 0.000000000000000000 ) ) ;
#1385 = CARTESIAN_POINT ( 'NONE',  ( 95.00000000000000000, -75.80000000000001137, 10.00000000000000000 ) ) ;
#1386 = EDGE_LOOP ( 'NONE', ( #643, #779, #909, #878 ) ) ;
#1387 = ORIENTED_EDGE ( 'NONE', *, *, #1939, .T. ) ;
#1388 = LINE ( 'NONE', #256, #1736 ) ;
#1389 = DIRECTION ( 'NONE',  ( 1.000000000000000000, 0.000000000000000000, 0.000000000000000000 ) ) ;
#1390 =( NAMED_UNIT ( * ) SI_UNIT ( $, .STERADIAN. ) SOLID_ANGLE_UNIT ( ) );
#1391 = ADVANCED_FACE ( 'NONE', ( #417 ), #252, .F. ) ;
#1392 = ORIENTED_EDGE ( 'NONE', *, *, #1169, .T. ) ;
#1393 = ORIENTED_EDGE ( 'NONE', *, *, #720, .F. ) ;
#1394 = CARTESIAN_POINT ( 'NONE',  ( -95.00000000000000000, -75.80000000000001137, 10.00000000000000000 ) ) ;
#1395 =( NAMED_UNIT ( * ) PLANE_ANGLE_UNIT ( ) SI_UNIT ( $, .RADIAN. ) );
#1396 = SURFACE_STYLE_USAGE ( .BOTH. , #277 ) ;
#1397 = EDGE_CURVE ( 'NONE', #2029, #2017, #160, .T. ) ;
#1398 = ORIENTED_EDGE ( 'NONE', *, *, #1434, .F. ) ;
#1399 = VERTEX_POINT ( 'NONE', #123 ) ;
#1400 = DIRECTION ( 'NONE',  ( 1.000000000000000000, 0.000000000000000000, 0.000000000000000000 ) ) ;
#1401 = VECTOR ( 'NONE', #692, 1000.000000000000000 ) ;
#1402 = AXIS2_PLACEMENT_3D ( 'NONE', #1432, #1920, #2081 ) ;
#1403 =( GEOMETRIC_REPRESENTATION_CONTEXT ( 3 ) GLOBAL_UNCERTAINTY_ASSIGNED_CONTEXT ( ( #1108 ) ) GLOBAL_UNIT_ASSIGNED_CONTEXT ( ( #2089, #2075, #1441 ) ) REPRESENTATION_CONTEXT ( 'NONE', 'WORKASPACE' ) );
#1404 = AXIS2_PLACEMENT_3D ( 'NONE', #240, #1702, #2003 ) ;
#1405 = LINE ( 'NONE', #269, #401 ) ;
#1406 = VECTOR ( 'NONE', #358, 1000.000000000000000 ) ;
#1407 = FACE_BOUND ( 'NONE', #2068, .T. ) ;
#1408 = CARTESIAN_POINT ( 'NONE',  ( 119.2000000000000313, 79.99999999999998579, 10.00000000000000000 ) ) ;
#1409 = CARTESIAN_POINT ( 'NONE',  ( 110.7999999999999829, 79.99999999999998579, 0.000000000000000000 ) ) ;
#1410 = ADVANCED_FACE ( 'NONE', ( #1731 ), #1102, .F. ) ;
#1411 = ORIENTED_EDGE ( 'NONE', *, *, #1075, .T. ) ;
#1412 = DIRECTION ( 'NONE',  ( -0.000000000000000000, -0.000000000000000000, 1.000000000000000000 ) ) ;
#1413 = DIRECTION ( 'NONE',  ( 0.000000000000000000, 0.000000000000000000, 1.000000000000000000 ) ) ;
#1414 = CARTESIAN_POINT ( 'NONE',  ( -95.00000000000000000, 84.20000000000000284, 0.000000000000000000 ) ) ;
#1415 = CARTESIAN_POINT ( 'NONE',  ( -110.0000000000000000, 75.00000000000000000, 0.000000000000000000 ) ) ;
#1416 = CARTESIAN_POINT ( 'NONE',  ( 60.10407640085728076, -60.10407640085579573, 10.00000000000000000 ) ) ;
#1417 = ORIENTED_EDGE ( 'NONE', *, *, #1504, .T. ) ;
#1418 = VERTEX_POINT ( 'NONE', #150 ) ;
#1419 = EDGE_CURVE ( 'NONE', #1555, #1822, #445, .T. ) ;
#1420 = SURFACE_STYLE_FILL_AREA ( #938 ) ;
#1421 = EDGE_LOOP ( 'NONE', ( #1014, #1734, #1426, #1669 ) ) ;
#1422 = LINE ( 'NONE', #1890, #801 ) ;
#1423 = CYLINDRICAL_SURFACE ( 'NONE', #1643, 4.199999999999995737 ) ;
#1424 = ADVANCED_FACE ( 'NONE', ( #950, #1584, #786, #2062, #438, #1080, #2070, #1871, #794, #1592, #1883, #624, #1407, #1913 ), #1241, .F. ) ;
#1425 = ORIENTED_EDGE ( 'NONE', *, *, #819, .F. ) ;
#1426 = ORIENTED_EDGE ( 'NONE', *, *, #387, .F. ) ;
#1427 = DIRECTION ( 'NONE',  ( -1.000000000000000000, 0.000000000000000000, 0.000000000000000000 ) ) ;
#1428 = ORIENTED_EDGE ( 'NONE', *, *, #1230, .F. ) ;
#1429 = CIRCLE ( 'NONE', #226, 4.200000000000023270 ) ;
#1430 = VECTOR ( 'NONE', #1899, 1000.000000000000000 ) ;
#1431 = DIRECTION ( 'NONE',  ( -0.000000000000000000, -0.000000000000000000, 1.000000000000000000 ) ) ;
#1432 = CARTESIAN_POINT ( 'NONE',  ( 75.00000000000000000, 80.00000000000000000, 0.000000000000000000 ) ) ;
#1433 = AXIS2_PLACEMENT_3D ( 'NONE', #845, #560, #1196 ) ;
#1434 = EDGE_CURVE ( 'NONE', #977, #947, #1892, .T. ) ;
#1435 = AXIS2_PLACEMENT_3D ( 'NONE', #577, #1994, #876 ) ;
#1436 = AXIS2_PLACEMENT_3D ( 'NONE', #1757, #1278, #1925 ) ;
#1437 = PRESENTATION_LAYER_ASSIGNMENT (  '', '', ( #835 ) ) ;
#1438 = ORIENTED_EDGE ( 'NONE', *, *, #638, .T. ) ;
#1439 = CARTESIAN_POINT ( 'NONE',  ( -75.00000000000000000, 80.00000000000000000, 0.000000000000000000 ) ) ;
#1440 = ORIENTED_EDGE ( 'NONE', *, *, #1984, .F. ) ;
#1441 =( NAMED_UNIT ( * ) SI_UNIT ( $, .STERADIAN. ) SOLID_ANGLE_UNIT ( ) );
#1442 = ORIENTED_EDGE ( 'NONE', *, *, #985, .F. ) ;
#1443 = CARTESIAN_POINT ( 'NONE',  ( -110.7999999999999829, 79.99999999999998579, 10.00000000000000000 ) ) ;
#1444 = DIRECTION ( 'NONE',  ( -1.000000000000000000, 0.000000000000000000, 0.000000000000000000 ) ) ;
#1445 = LINE ( 'NONE', #1605, #934 ) ;
#1446 = EDGE_CURVE ( 'NONE', #1972, #1333, #1716, .T. ) ;
#1447 = DIRECTION ( 'NONE',  ( 1.000000000000000000, 0.000000000000000000, 0.000000000000000000 ) ) ;
#1448 = EDGE_LOOP ( 'NONE', ( #813, #828 ) ) ;
#1449 = CYLINDRICAL_SURFACE ( 'NONE', #1304, 4.199999999999995737 ) ;
#1450 = EDGE_CURVE ( 'NONE', #106, #1520, #706, .T. ) ;
#1451 = EDGE_LOOP ( 'NONE', ( #384, #303, #1197, #1232 ) ) ;
#1452 = EDGE_LOOP ( 'NONE', ( #1967, #265, #1884, #392, #130 ) ) ;
#1453 = DIRECTION ( 'NONE',  ( 1.000000000000000000, 0.000000000000000000, 0.000000000000000000 ) ) ;
#1454 = DIRECTION ( 'NONE',  ( -0.000000000000000000, -0.000000000000000000, 1.000000000000000000 ) ) ;
#1455 = CARTESIAN_POINT ( 'NONE',  ( -60.10407640085686154, 60.10407640085621495, 10.00000000000000178 ) ) ;
#1456 = DIRECTION ( 'NONE',  ( -0.000000000000000000, -0.000000000000000000, 1.000000000000000000 ) ) ;
#1457 = EDGE_LOOP ( 'NONE', ( #166, #1106, #923, #2049 ) ) ;
#1458 = EDGE_CURVE ( 'NONE', #2071, #1766, #1072, .T. ) ;
#1459 = LINE ( 'NONE', #30, #2077 ) ;
#1460 = ORIENTED_EDGE ( 'NONE', *, *, #1927, .F. ) ;
#1461 = AXIS2_PLACEMENT_3D ( 'NONE', #1911, #1552, #104 ) ;
#1462 = ORIENTED_EDGE ( 'NONE', *, *, #2058, .T. ) ;
#1463 = CARTESIAN_POINT ( 'NONE',  ( 95.00000000000000000, 75.80000000000001137, 0.000000000000000000 ) ) ;
#1464 = CARTESIAN_POINT ( 'NONE',  ( 95.00000000000000000, 80.00000000000000000, 0.000000000000000000 ) ) ;
#1465 = STYLED_ITEM ( 'NONE', ( #1226 ), #726 ) ;
#1466 = FACE_OUTER_BOUND ( 'NONE', #1128, .T. ) ;
#1467 = DIRECTION ( 'NONE',  ( 0.000000000000000000, 0.000000000000000000, 1.000000000000000000 ) ) ;
#1468 = VECTOR ( 'NONE', #158, 1000.000000000000000 ) ;
#1469 = ORIENTED_EDGE ( 'NONE', *, *, #755, .T. ) ;
#1470 = CIRCLE ( 'NONE', #1097, 4.200000000000009059 ) ;
#1471 = AXIS2_PLACEMENT_3D ( 'NONE', #1792, #1760, #154 ) ;
#1472 = VECTOR ( 'NONE', #672, 1000.000000000000000 ) ;
#1473 = FACE_OUTER_BOUND ( 'NONE', #311, .T. ) ;
#1474 = AXIS2_PLACEMENT_3D ( 'NONE', #281, #936, #924 ) ;
#1475 = ORIENTED_EDGE ( 'NONE', *, *, #611, .T. ) ;
#1476 = CARTESIAN_POINT ( 'NONE',  ( 99.20000000000000284, -80.00000000000000000, 0.000000000000000000 ) ) ;
#1477 = EDGE_CURVE ( 'NONE', #1152, #382, #111, .T. ) ;
#1478 = ORIENTED_EDGE ( 'NONE', *, *, #1958, .F. ) ;
#1479 = DIRECTION ( 'NONE',  ( -0.000000000000000000, -0.000000000000000000, 1.000000000000000000 ) ) ;
#1480 = CARTESIAN_POINT ( 'NONE',  ( -95.00000000000000000, -84.20000000000000284, 10.00000000000000000 ) ) ;
#1481 = PLANE ( 'NONE',  #96 ) ;
#1482 = FACE_OUTER_BOUND ( 'NONE', #1251, .T. ) ;
#1483 = ORIENTED_EDGE ( 'NONE', *, *, #2027, .T. ) ;
#1484 = DIRECTION ( 'NONE',  ( -0.000000000000000000, 1.000000000000000000, -0.000000000000000000 ) ) ;
#1485 = ORIENTED_EDGE ( 'NONE', *, *, #1924, .F. ) ;
#1486 = DIRECTION ( 'NONE',  ( -1.000000000000000000, 6.938893903907227392E-16, 0.000000000000000000 ) ) ;
#1487 = EDGE_CURVE ( 'NONE', #653, #861, #1470, .T. ) ;
#1488 = ORIENTED_EDGE ( 'NONE', *, *, #2082, .T. ) ;
#1489 = DIRECTION ( 'NONE',  ( 6.938893903907232322E-16, 1.000000000000000000, -0.000000000000000000 ) ) ;
#1490 = DIRECTION ( 'NONE',  ( 1.000000000000000000, 0.000000000000000000, 0.000000000000000000 ) ) ;
#1491 = EDGE_CURVE ( 'NONE', #480, #2017, #1639, .T. ) ;
#1492 = CYLINDRICAL_SURFACE ( 'NONE', #1810, 20.00000000000000355 ) ;
#1493 = ORIENTED_EDGE ( 'NONE', *, *, #1277, .F. ) ;
#1494 = CARTESIAN_POINT ( 'NONE',  ( 0.000000000000000000, 0.000000000000000000, 0.000000000000000000 ) ) ;
#1495 = ORIENTED_EDGE ( 'NONE', *, *, #1169, .F. ) ;
#1496 = FACE_OUTER_BOUND ( 'NONE', #1159, .T. ) ;
#1497 = EDGE_LOOP ( 'NONE', ( #1054, #1483, #963, #1178, #1648 ) ) ;
#1498 = DIRECTION ( 'NONE',  ( -0.000000000000000000, -0.000000000000000000, 1.000000000000000000 ) ) ;
#1499 = CARTESIAN_POINT ( 'NONE',  ( -60.10407640085686154, 60.10407640085621495, 0.000000000000000000 ) ) ;
#1500 = CARTESIAN_POINT ( 'NONE',  ( -110.7999999999999829, -79.99999999999998579, 0.000000000000000000 ) ) ;
#1501 = CARTESIAN_POINT ( 'NONE',  ( 130.0000000000000000, 75.00000000000000000, 10.00000000000000000 ) ) ;
#1502 = AXIS2_PLACEMENT_3D ( 'NONE', #2053, #1413, #275 ) ;
#1503 = ORIENTED_EDGE ( 'NONE', *, *, #1715, .F. ) ;
#1504 = EDGE_CURVE ( 'NONE', #1579, #947, #1808, .T. ) ;
#1505 = VECTOR ( 'NONE', #544, 1000.000000000000000 ) ;
#1506 = VECTOR ( 'NONE', #961, 1000.000000000000000 ) ;
#1507 = LINE ( 'NONE', #1385, #1541 ) ;
#1508 = CIRCLE ( 'NONE', #128, 4.200000000000023270 ) ;
#1509 = VECTOR ( 'NONE', #68, 1000.000000000000000 ) ;
#1510 = CIRCLE ( 'NONE', #1740, 3.399999999999986144 ) ;
#1511 = EDGE_LOOP ( 'NONE', ( #796, #1174, #115, #431 ) ) ;
#1512 = LINE ( 'NONE', #213, #327 ) ;
#1513 = CIRCLE ( 'NONE', #570, 3.400000000000000355 ) ;
#1514 = ORIENTED_EDGE ( 'NONE', *, *, #683, .F. ) ;
#1515 = LINE ( 'NONE', #87, #289 ) ;
#1516 = DIRECTION ( 'NONE',  ( 1.000000000000000000, 0.000000000000000000, 0.000000000000000000 ) ) ;
#1517 = CARTESIAN_POINT ( 'NONE',  ( 130.0000000000000000, 95.00000000000000000, 10.00000000000000000 ) ) ;
#1518 = FACE_OUTER_BOUND ( 'NONE', #669, .T. ) ;
#1519 = EDGE_CURVE ( 'NONE', #1766, #1895, #1922, .T. ) ;
#1520 = VERTEX_POINT ( 'NONE', #163 ) ;
#1521 = CARTESIAN_POINT ( 'NONE',  ( -110.7999999999999829, 79.99999999999998579, 10.00000000000000000 ) ) ;
#1522 = EDGE_CURVE ( 'NONE', #1144, #377, #324, .T. ) ;
#1523 = ORIENTED_EDGE ( 'NONE', *, *, #1504, .F. ) ;
#1524 = DIRECTION ( 'NONE',  ( -0.000000000000000000, -0.000000000000000000, 1.000000000000000000 ) ) ;
#1525 =( NAMED_UNIT ( * ) SI_UNIT ( $, .STERADIAN. ) SOLID_ANGLE_UNIT ( ) );
#1526 = DIRECTION ( 'NONE',  ( 1.000000000000000000, -6.938893903907227392E-16, -0.000000000000000000 ) ) ;
#1527 = DIRECTION ( 'NONE',  ( -1.000000000000000000, 6.938893903907233308E-16, 0.000000000000000000 ) ) ;
#1528 = DIRECTION ( 'NONE',  ( 0.000000000000000000, 0.000000000000000000, -1.000000000000000000 ) ) ;
#1529 = ADVANCED_FACE ( 'NONE', ( #182 ), #1132, .F. ) ;
#1530 = ORIENTED_EDGE ( 'NONE', *, *, #768, .F. ) ;
#1531 = VERTEX_POINT ( 'NONE', #1149 ) ;
#1532 = LINE ( 'NONE', #1025, #1505 ) ;
#1533 = SURFACE_STYLE_USAGE ( .BOTH. , #1694 ) ;
#1534 = FACE_OUTER_BOUND ( 'NONE', #20, .T. ) ;
#1535 = CARTESIAN_POINT ( 'NONE',  ( -130.0000000000000000, 95.00000000000000000, 10.00000000000000000 ) ) ;
#1536 = DIRECTION ( 'NONE',  ( -0.000000000000000000, -0.000000000000000000, 1.000000000000000000 ) ) ;
#1537 = EDGE_LOOP ( 'NONE', ( #1163, #52 ) ) ;
#1538 = VECTOR ( 'NONE', #1682, 1000.000000000000000 ) ;
#1539 = VECTOR ( 'NONE', #336, 1000.000000000000000 ) ;
#1540 = ORIENTED_EDGE ( 'NONE', *, *, #1266, .T. ) ;
#1541 = VECTOR ( 'NONE', #393, 1000.000000000000000 ) ;
#1542 = EDGE_CURVE ( 'NONE', #1520, #838, #28, .T. ) ;
#1543 = CIRCLE ( 'NONE', #766, 3.399999999999986144 ) ;
#1544 = DIRECTION ( 'NONE',  ( -0.000000000000000000, -0.000000000000000000, 1.000000000000000000 ) ) ;
#1545 = AXIS2_PLACEMENT_3D ( 'NONE', #468, #915, #2056 ) ;
#1546 = DIRECTION ( 'NONE',  ( 0.000000000000000000, 0.000000000000000000, 1.000000000000000000 ) ) ;
#1547 = DIRECTION ( 'NONE',  ( -0.000000000000000000, -0.000000000000000000, 1.000000000000000000 ) ) ;
#1548 = ORIENTED_EDGE ( 'NONE', *, *, #1912, .F. ) ;
#1549 = EDGE_LOOP ( 'NONE', ( #1116, #1019, #1276, #351 ) ) ;
#1550 = CARTESIAN_POINT ( 'NONE',  ( 109.9999999999999858, -95.00000000000000000, 10.00000000000000000 ) ) ;
#1551 = EDGE_CURVE ( 'NONE', #802, #1895, #1619, .T. ) ;
#1552 = DIRECTION ( 'NONE',  ( -0.000000000000000000, -0.000000000000000000, 1.000000000000000000 ) ) ;
#1553 = ADVANCED_FACE ( 'NONE', ( #1797 ), #817, .F. ) ;
#1554 = SURFACE_STYLE_FILL_AREA ( #1264 ) ;
#1555 = VERTEX_POINT ( 'NONE', #1322 ) ;
#1556 = ORIENTED_EDGE ( 'NONE', *, *, #720, .T. ) ;
#1557 = CARTESIAN_POINT ( 'NONE',  ( 130.0000000000000000, -74.99999999999998579, 10.00000000000000000 ) ) ;
#1558 = PRODUCT_CONTEXT ( 'NONE', #472, 'mechanical' ) ;
#1559 = DIRECTION ( 'NONE',  ( -0.000000000000000000, -0.000000000000000000, 1.000000000000000000 ) ) ;
#1560 =( NAMED_UNIT ( * ) PLANE_ANGLE_UNIT ( ) SI_UNIT ( $, .RADIAN. ) );
#1561 = EDGE_CURVE ( 'NONE', #1333, #1152, #566, .T. ) ;
#1562 = VECTOR ( 'NONE', #1454, 1000.000000000000000 ) ;
#1563 = ORIENTED_EDGE ( 'NONE', *, *, #1519, .F. ) ;
#1564 = DIRECTION ( 'NONE',  ( 1.000000000000000000, 0.000000000000000000, 0.000000000000000000 ) ) ;
#1565 = AXIS2_PLACEMENT_3D ( 'NONE', #1919, #993, #332 ) ;
#1566 = ORIENTED_EDGE ( 'NONE', *, *, #954, .F. ) ;
#1567 = CARTESIAN_POINT ( 'NONE',  ( 109.9999999999999858, 95.00000000000000000, 10.00000000000000000 ) ) ;
#1568 = AXIS2_PLACEMENT_3D ( 'NONE', #1869, #1246, #1064 ) ;
#1569 = AXIS2_PLACEMENT_3D ( 'NONE', #520, #815, #170 ) ;
#1570 = AXIS2_PLACEMENT_3D ( 'NONE', #1326, #1973, #1825 ) ;
#1571 = VECTOR ( 'NONE', #1582, 1000.000000000000000 ) ;
#1572 = DIRECTION ( 'NONE',  ( 0.000000000000000000, 0.000000000000000000, 1.000000000000000000 ) ) ;
#1573 = LINE ( 'NONE', #135, #1376 ) ;
#1574 = VECTOR ( 'NONE', #1893, 1000.000000000000000 ) ;
#1575 = DIRECTION ( 'NONE',  ( -0.000000000000000000, -0.000000000000000000, 1.000000000000000000 ) ) ;
#1576 = EDGE_LOOP ( 'NONE', ( #1791, #280 ) ) ;
#1577 = ADVANCED_FACE ( 'NONE', ( #1482 ), #1285, .F. ) ;
#1578 = CARTESIAN_POINT ( 'NONE',  ( 95.00000000000000000, -80.00000000000000000, 0.000000000000000000 ) ) ;
#1579 = VERTEX_POINT ( 'NONE', #523 ) ;
#1580 = CARTESIAN_POINT ( 'NONE',  ( -95.00000000000000000, 75.80000000000001137, 0.000000000000000000 ) ) ;
#1581 =( NAMED_UNIT ( * ) SI_UNIT ( $, .STERADIAN. ) SOLID_ANGLE_UNIT ( ) );
#1582 = DIRECTION ( 'NONE',  ( -1.000000000000000000, 6.938893903907227392E-16, -0.000000000000000000 ) ) ;
#1583 = CARTESIAN_POINT ( 'NONE',  ( 114.9999999999999858, 80.00000000000000000, 0.000000000000000000 ) ) ;
#1584 = FACE_BOUND ( 'NONE', #78, .T. ) ;
#1585 = ORIENTED_EDGE ( 'NONE', *, *, #1708, .F. ) ;
#1586 = DIRECTION ( 'NONE',  ( 1.000000000000000000, 0.000000000000000000, 0.000000000000000000 ) ) ;
#1587 = ORIENTED_EDGE ( 'NONE', *, *, #1826, .F. ) ;
#1588 = CARTESIAN_POINT ( 'NONE',  ( 110.7999999999999829, -79.99999999999998579, 0.000000000000000000 ) ) ;
#1589 = EDGE_CURVE ( 'NONE', #1914, #1719, #320, .T. ) ;
#1590 = EDGE_LOOP ( 'NONE', ( #2079, #1495, #282, #1752 ) ) ;
#1591 = CARTESIAN_POINT ( 'NONE',  ( -75.00000000000000000, -84.19999999999998863, 0.000000000000000000 ) ) ;
#1592 = FACE_BOUND ( 'NONE', #1612, .T. ) ;
#1593 = ORIENTED_EDGE ( 'NONE', *, *, #451, .F. ) ;
#1594 = CARTESIAN_POINT ( 'NONE',  ( -95.00000000000000000, -75.80000000000001137, 10.00000000000000000 ) ) ;
#1595 = SURFACE_STYLE_USAGE ( .BOTH. , #420 ) ;
#1596 = ADVANCED_FACE ( 'NONE', ( #1949 ), #230, .F. ) ;
#1597 = VERTEX_POINT ( 'NONE', #2014 ) ;
#1598 = AXIS2_PLACEMENT_3D ( 'NONE', #398, #1661, #848 ) ;
#1599 = VECTOR ( 'NONE', #1192, 1000.000000000000000 ) ;
#1600 = LINE ( 'NONE', #635, #1805 ) ;
#1601 = CARTESIAN_POINT ( 'NONE',  ( 119.2000000000000313, 60.00000000000000000, 10.00000000000000000 ) ) ;
#1602 = VECTOR ( 'NONE', #37, 1000.000000000000000 ) ;
#1603 = AXIS2_PLACEMENT_3D ( 'NONE', #237, #1002, #518 ) ;
#1604 = CIRCLE ( 'NONE', #701, 4.200000000000009059 ) ;
#1605 = CARTESIAN_POINT ( 'NONE',  ( -119.2000000000000313, 79.99999999999998579, 0.000000000000000000 ) ) ;
#1606 = PRODUCT_RELATED_PRODUCT_CATEGORY ( 'part', '', ( #5 ) ) ;
#1607 = MECHANICAL_DESIGN_GEOMETRIC_PRESENTATION_REPRESENTATION (  '', ( #65 ), #704 ) ;
#1608 = DIRECTION ( 'NONE',  ( -6.938893903907232322E-16, -1.000000000000000000, -0.000000000000000000 ) ) ;
#1609 = ORIENTED_EDGE ( 'NONE', *, *, #731, .F. ) ;
#1610 = AXIS2_PLACEMENT_3D ( 'NONE', #453, #310, #2035 ) ;
#1611 = DIRECTION ( 'NONE',  ( -1.000000000000000000, 0.000000000000000000, 0.000000000000000000 ) ) ;
#1612 = EDGE_LOOP ( 'NONE', ( #1684, #1940 ) ) ;
#1613 = DIRECTION ( 'NONE',  ( 1.000000000000000000, 0.000000000000000000, 0.000000000000000000 ) ) ;
#1614 = VERTEX_POINT ( 'NONE', #381 ) ;
#1615 = CARTESIAN_POINT ( 'NONE',  ( -110.7999999999999972, 60.00000000000000000, 10.00000000000000000 ) ) ;
#1616 = CARTESIAN_POINT ( 'NONE',  ( -75.00000000000000000, 80.00000000000000000, 10.00000000000000000 ) ) ;
#1617 = EDGE_CURVE ( 'NONE', #1083, #1231, #1236, .T. ) ;
#1618 = EDGE_LOOP ( 'NONE', ( #1478, #236, #2037, #1998, #2088 ) ) ;
#1619 = LINE ( 'NONE', #1275, #1065 ) ;
#1620 = VERTEX_POINT ( 'NONE', #1201 ) ;
#1621 = CARTESIAN_POINT ( 'NONE',  ( 63.50407640085642669, 60.10407640085665548, 0.000000000000000000 ) ) ;
#1622 = EDGE_LOOP ( 'NONE', ( #676, #1675, #1485, #1001 ) ) ;
#1623 = CARTESIAN_POINT ( 'NONE',  ( 95.00000000000000000, 75.80000000000001137, 10.00000000000000000 ) ) ;
#1624 = ORIENTED_EDGE ( 'NONE', *, *, #400, .F. ) ;
#1625 = CARTESIAN_POINT ( 'NONE',  ( 110.7999999999999829, 79.99999999999998579, 0.000000000000000000 ) ) ;
#1626 = CARTESIAN_POINT ( 'NONE',  ( -110.7999999999999829, 79.99999999999998579, 0.000000000000000000 ) ) ;
#1627 = CARTESIAN_POINT ( 'NONE',  ( -75.00000000000000000, 84.19999999999998863, 10.00000000000000000 ) ) ;
#1628 = DIRECTION ( 'NONE',  ( -0.000000000000000000, -0.000000000000000000, 1.000000000000000000 ) ) ;
#1629 = VERTEX_POINT ( 'NONE', #568 ) ;
#1630 = EDGE_CURVE ( 'NONE', #1223, #1759, #1332, .T. ) ;
#1631 = DIRECTION ( 'NONE',  ( -1.000000000000000000, 0.000000000000000000, 0.000000000000000000 ) ) ;
#1632 = ORIENTED_EDGE ( 'NONE', *, *, #1419, .T. ) ;
#1633 = DIRECTION ( 'NONE',  ( 1.000000000000000000, 0.000000000000000000, 0.000000000000000000 ) ) ;
#1634 = ORIENTED_EDGE ( 'NONE', *, *, #47, .F. ) ;
#1635 =( NAMED_UNIT ( * ) PLANE_ANGLE_UNIT ( ) SI_UNIT ( $, .RADIAN. ) );
#1636 = CARTESIAN_POINT ( 'NONE',  ( -110.0000000000000000, -95.00000000000000000, 10.00000000000000000 ) ) ;
#1637 = VECTOR ( 'NONE', #1489, 1000.000000000000000 ) ;
#1638 = DIRECTION ( 'NONE',  ( -1.000000000000000000, -6.938893903907227392E-16, 0.000000000000000000 ) ) ;
#1639 = LINE ( 'NONE', #370, #1978 ) ;
#1640 = VECTOR ( 'NONE', #1861, 1000.000000000000000 ) ;
#1641 = ORIENTED_EDGE ( 'NONE', *, *, #522, .T. ) ;
#1642 = AXIS2_PLACEMENT_3D ( 'NONE', #657, #1968, #1447 ) ;
#1643 = AXIS2_PLACEMENT_3D ( 'NONE', #748, #299, #467 ) ;
#1644 = MECHANICAL_DESIGN_GEOMETRIC_PRESENTATION_REPRESENTATION (  '', ( #1099 ), #2019 ) ;
#1645 = LINE ( 'NONE', #492, #1683 ) ;
#1646 = AXIS2_PLACEMENT_3D ( 'NONE', #1494, #1971, #650 ) ;
#1647 = EDGE_CURVE ( 'NONE', #1801, #1727, #93, .T. ) ;
#1648 = ORIENTED_EDGE ( 'NONE', *, *, #1723, .T. ) ;
#1649 = DIRECTION ( 'NONE',  ( 1.000000000000000000, 0.000000000000000000, 0.000000000000000000 ) ) ;
#1650 = EDGE_CURVE ( 'NONE', #861, #1119, #557, .T. ) ;
#1651 = ORIENTED_EDGE ( 'NONE', *, *, #32, .T. ) ;
#1652 = DIRECTION ( 'NONE',  ( 0.000000000000000000, -0.000000000000000000, -1.000000000000000000 ) ) ;
#1653 = PRESENTATION_STYLE_ASSIGNMENT (( #1533 ) ) ;
#1654 = DIRECTION ( 'NONE',  ( 1.000000000000000000, 0.000000000000000000, 0.000000000000000000 ) ) ;
#1655 = EDGE_LOOP ( 'NONE', ( #54, #1904, #1859, #507 ) ) ;
#1656 = DIRECTION ( 'NONE',  ( 1.000000000000000000, 0.000000000000000000, 0.000000000000000000 ) ) ;
#1657 = ORIENTED_EDGE ( 'NONE', *, *, #414, .T. ) ;
#1658 = DIRECTION ( 'NONE',  ( 0.000000000000000000, 0.000000000000000000, 1.000000000000000000 ) ) ;
#1659 = ORIENTED_EDGE ( 'NONE', *, *, #1127, .F. ) ;
#1660 = EDGE_CURVE ( 'NONE', #1119, #553, #152, .T. ) ;
#1661 = DIRECTION ( 'NONE',  ( -0.000000000000000000, -0.000000000000000000, 1.000000000000000000 ) ) ;
#1662 = CARTESIAN_POINT ( 'NONE',  ( 110.7999999999999829, -79.99999999999998579, 0.000000000000000000 ) ) ;
#1663 = DIRECTION ( 'NONE',  ( 1.000000000000000000, 0.000000000000000000, 0.000000000000000000 ) ) ;
#1664 = LINE ( 'NONE', #1535, #1599 ) ;
#1665 = ORIENTED_EDGE ( 'NONE', *, *, #1458, .F. ) ;
#1666 = DIRECTION ( 'NONE',  ( -1.000000000000000000, 6.938893903907233308E-16, 0.000000000000000000 ) ) ;
#1667 = VERTEX_POINT ( 'NONE', #537 ) ;
#1668 = CYLINDRICAL_SURFACE ( 'NONE', #1847, 4.200000000000009059 ) ;
#1669 = ORIENTED_EDGE ( 'NONE', *, *, #1984, .T. ) ;
#1670 = DIRECTION ( 'NONE',  ( -1.000000000000000000, 0.000000000000000000, 0.000000000000000000 ) ) ;
#1671 =( LENGTH_UNIT ( ) NAMED_UNIT ( * ) SI_UNIT ( .MILLI., .METRE. ) );
#1672 = ADVANCED_FACE ( 'NONE', ( #1518 ), #1492, .T. ) ;
#1673 = CARTESIAN_POINT ( 'NONE',  ( -110.7999999999999972, 60.00000000000000000, 0.000000000000000000 ) ) ;
#1674 = CARTESIAN_POINT ( 'NONE',  ( -119.2000000000000313, -79.99999999999998579, 0.000000000000000000 ) ) ;
#1675 = ORIENTED_EDGE ( 'NONE', *, *, #1698, .F. ) ;
#1676 = ADVANCED_FACE ( 'NONE', ( #1182 ), #1052, .F. ) ;
#1677 = VECTOR ( 'NONE', #1524, 1000.000000000000000 ) ;
#1678 = DIRECTION ( 'NONE',  ( -6.938893903907233308E-16, -1.000000000000000000, 0.000000000000000000 ) ) ;
#1679 = VECTOR ( 'NONE', #132, 1000.000000000000000 ) ;
#1680 = VECTOR ( 'NONE', #717, 1000.000000000000000 ) ;
#1681 = ORIENTED_EDGE ( 'NONE', *, *, #1723, .F. ) ;
#1682 = DIRECTION ( 'NONE',  ( 6.938893903907232322E-16, 1.000000000000000000, -0.000000000000000000 ) ) ;
#1683 = VECTOR ( 'NONE', #1124, 1000.000000000000000 ) ;
#1684 = ORIENTED_EDGE ( 'NONE', *, *, #1156, .T. ) ;
#1685 = DIRECTION ( 'NONE',  ( 1.000000000000000000, 0.000000000000000000, 0.000000000000000000 ) ) ;
#1686 = LINE ( 'NONE', #874, #1946 ) ;
#1687 = EDGE_CURVE ( 'NONE', #1399, #1759, #1842, .T. ) ;
#1688 = DIRECTION ( 'NONE',  ( 1.000000000000000000, 0.000000000000000000, 0.000000000000000000 ) ) ;
#1689 = DIRECTION ( 'NONE',  ( 1.000000000000000000, 0.000000000000000000, 0.000000000000000000 ) ) ;
#1690 = ORIENTED_EDGE ( 'NONE', *, *, #2009, .F. ) ;
#1691 = CARTESIAN_POINT ( 'NONE',  ( 99.20000000000000284, 80.00000000000000000, 0.000000000000000000 ) ) ;
#1692 = EDGE_LOOP ( 'NONE', ( #1995, #1265, #503, #803, #294 ) ) ;
#1693 = CARTESIAN_POINT ( 'NONE',  ( 60.10407640085728076, -60.10407640085579573, 10.00000000000000178 ) ) ;
#1694 = SURFACE_SIDE_STYLE ('',( #366 ) ) ;
#1695 = LINE ( 'NONE', #89, #129 ) ;
#1696 = DIRECTION ( 'NONE',  ( 1.000000000000000000, 0.000000000000000000, 0.000000000000000000 ) ) ;
#1697 = DIRECTION ( 'NONE',  ( 0.000000000000000000, -0.000000000000000000, -1.000000000000000000 ) ) ;
#1698 = EDGE_CURVE ( 'NONE', #1629, #67, #851, .T. ) ;
#1699 = ORIENTED_EDGE ( 'NONE', *, *, #161, .T. ) ;
#1700 = EDGE_LOOP ( 'NONE', ( #244, #1393, #1657, #465 ) ) ;
#1701 = DIRECTION ( 'NONE',  ( -0.000000000000000000, -0.000000000000000000, 1.000000000000000000 ) ) ;
#1702 = DIRECTION ( 'NONE',  ( -0.000000000000000000, -0.000000000000000000, 1.000000000000000000 ) ) ;
#1703 = CARTESIAN_POINT ( 'NONE',  ( -75.00000000000000000, -80.00000000000000000, 0.000000000000000000 ) ) ;
#1704 = CARTESIAN_POINT ( 'NONE',  ( 60.10407640085728076, -60.10407640085579573, 0.000000000000000000 ) ) ;
#1705 = VECTOR ( 'NONE', #973, 1000.000000000000000 ) ;
#1706 = VECTOR ( 'NONE', #1220, 1000.000000000000000 ) ;
#1707 = VERTEX_POINT ( 'NONE', #2026 ) ;
#1708 = EDGE_CURVE ( 'NONE', #1309, #1144, #1664, .T. ) ;
#1709 = AXIS2_PLACEMENT_3D ( 'NONE', #7, #2066, #1126 ) ;
#1710 = AXIS2_PLACEMENT_3D ( 'NONE', #606, #1559, #2054 ) ;
#1711 = ORIENTED_EDGE ( 'NONE', *, *, #746, .T. ) ;
#1712 = AXIS2_PLACEMENT_3D ( 'NONE', #675, #1160, #174 ) ;
#1713 = AXIS2_PLACEMENT_3D ( 'NONE', #1795, #354, #1638 ) ;
#1714 = FACE_OUTER_BOUND ( 'NONE', #190, .T. ) ;
#1715 = EDGE_CURVE ( 'NONE', #178, #1667, #860, .T. ) ;
#1716 = CIRCLE ( 'NONE', #1610, 4.199999999999981526 ) ;
#1717 = FACE_BOUND ( 'NONE', #1224, .T. ) ;
#1718 =( NAMED_UNIT ( * ) PLANE_ANGLE_UNIT ( ) SI_UNIT ( $, .RADIAN. ) );
#1719 = VERTEX_POINT ( 'NONE', #1384 ) ;
#1720 = CARTESIAN_POINT ( 'NONE',  ( 56.70407640085728929, -60.10407640085579573, 0.000000000000000000 ) ) ;
#1721 = ORIENTED_EDGE ( 'NONE', *, *, #400, .T. ) ;
#1722 = DIRECTION ( 'NONE',  ( 1.000000000000000000, 0.000000000000000000, 0.000000000000000000 ) ) ;
#1723 = EDGE_CURVE ( 'NONE', #473, #505, #1263, .T. ) ;
#1724 = CARTESIAN_POINT ( 'NONE',  ( -75.00000000000000000, 75.80000000000002558, 10.00000000000000000 ) ) ;
#1725 = CARTESIAN_POINT ( 'NONE',  ( -95.00000000000000000, -75.80000000000001137, 0.000000000000000000 ) ) ;
#1726 = VERTEX_POINT ( 'NONE', #90 ) ;
#1727 = VERTEX_POINT ( 'NONE', #892 ) ;
#1728 = CARTESIAN_POINT ( 'NONE',  ( 95.00000000000000000, 80.00000000000000000, 10.00000000000000000 ) ) ;
#1729 = CARTESIAN_POINT ( 'NONE',  ( -119.2000000000000313, 79.99999999999998579, 0.000000000000000000 ) ) ;
#1730 = EDGE_CURVE ( 'NONE', #1231, #1350, #738, .T. ) ;
#1731 = FACE_OUTER_BOUND ( 'NONE', #1750, .T. ) ;
#1732 = CARTESIAN_POINT ( 'NONE',  ( -119.2000000000000313, -79.99999999999998579, 0.000000000000000000 ) ) ;
#1733 = FILL_AREA_STYLE ('',( #1894 ) ) ;
#1734 = ORIENTED_EDGE ( 'NONE', *, *, #2034, .F. ) ;
#1735 = DIRECTION ( 'NONE',  ( 0.000000000000000000, 0.000000000000000000, -1.000000000000000000 ) ) ;
#1736 = VECTOR ( 'NONE', #1544, 1000.000000000000000 ) ;
#1737 = UNCERTAINTY_MEASURE_WITH_UNIT (LENGTH_MEASURE( 1.000000000000000082E-05 ), #598, 'distance_accuracy_value', 'NONE');
#1738 =( GEOMETRIC_REPRESENTATION_CONTEXT ( 3 ) GLOBAL_UNCERTAINTY_ASSIGNED_CONTEXT ( ( #101 ) ) GLOBAL_UNIT_ASSIGNED_CONTEXT ( ( #1671, #554, #1525 ) ) REPRESENTATION_CONTEXT ( 'NONE', 'WORKASPACE' ) );
#1739 = PRESENTATION_LAYER_ASSIGNMENT (  '', '', ( #734 ) ) ;
#1740 = AXIS2_PLACEMENT_3D ( 'NONE', #2013, #1993, #1663 ) ;
#1741 = FACE_BOUND ( 'NONE', #1511, .T. ) ;
#1742 = DIRECTION ( 'NONE',  ( 1.000000000000000000, 0.000000000000000000, 0.000000000000000000 ) ) ;
#1743 = CIRCLE ( 'NONE', #905, 4.199999999999995737 ) ;
#1744 = AXIS2_PLACEMENT_3D ( 'NONE', #784, #1546, #103 ) ;
#1745 = ADVANCED_FACE ( 'NONE', ( #1028 ), #1043, .F. ) ;
#1746 = CARTESIAN_POINT ( 'NONE',  ( -95.00000000000000000, 75.80000000000001137, 10.00000000000000000 ) ) ;
#1747 = ORIENTED_EDGE ( 'NONE', *, *, #3, .T. ) ;
#1748 = ADVANCED_FACE ( 'NONE', ( #728 ), #1059, .F. ) ;
#1749 = PLANE ( 'NONE',  #406 ) ;
#1750 = EDGE_LOOP ( 'NONE', ( #1204, #168, #945, #1256 ) ) ;
#1751 = CARTESIAN_POINT ( 'NONE',  ( 119.2000000000000313, 60.00000000000000000, 0.000000000000000000 ) ) ;
#1752 = ORIENTED_EDGE ( 'NONE', *, *, #1830, .T. ) ;
#1753 = DIRECTION ( 'NONE',  ( -0.000000000000000000, -0.000000000000000000, 1.000000000000000000 ) ) ;
#1754 = PLANE ( 'NONE',  #765 ) ;
#1755 = SURFACE_STYLE_USAGE ( .BOTH. , #608 ) ;
#1756 = ORIENTED_EDGE ( 'NONE', *, *, #1857, .T. ) ;
#1757 = CARTESIAN_POINT ( 'NONE',  ( -60.10407640085642100, -60.10407640085665548, 10.00000000000000178 ) ) ;
#1758 = EDGE_CURVE ( 'NONE', #730, #979, #832, .T. ) ;
#1759 = VERTEX_POINT ( 'NONE', #142 ) ;
#1760 = DIRECTION ( 'NONE',  ( 0.000000000000000000, 0.000000000000000000, 1.000000000000000000 ) ) ;
#1761 = VERTEX_POINT ( 'NONE', #940 ) ;
#1762 = CARTESIAN_POINT ( 'NONE',  ( -130.0000000000000000, 75.00000000000000000, 10.00000000000000000 ) ) ;
#1763 = CARTESIAN_POINT ( 'NONE',  ( -75.00000000000000000, 80.00000000000000000, 0.000000000000000000 ) ) ;
#1764 = CARTESIAN_POINT ( 'NONE',  ( -130.0000000000000000, 95.00000000000000000, 10.00000000000000000 ) ) ;
#1765 = DIRECTION ( 'NONE',  ( -1.000000000000000000, 0.000000000000000000, 0.000000000000000000 ) ) ;
#1766 = VERTEX_POINT ( 'NONE', #1260 ) ;
#1767 = DIRECTION ( 'NONE',  ( -0.000000000000000000, 0.000000000000000000, 1.000000000000000000 ) ) ;
#1768 = ORIENTED_EDGE ( 'NONE', *, *, #1857, .F. ) ;
#1769 = EDGE_CURVE ( 'NONE', #1614, #844, #1248, .T. ) ;
#1770 = EDGE_LOOP ( 'NONE', ( #126, #1503, #1292, #469 ) ) ;
#1771 = AXIS2_PLACEMENT_3D ( 'NONE', #1728, #1888, #780 ) ;
#1772 = CARTESIAN_POINT ( 'NONE',  ( 110.7999999999999829, 79.99999999999998579, 10.00000000000000000 ) ) ;
#1773 = CARTESIAN_POINT ( 'NONE',  ( -110.7999999999999829, -79.99999999999998579, 0.000000000000000000 ) ) ;
#1774 = ADVANCED_FACE ( 'NONE', ( #1069 ), #1095, .F. ) ;
#1775 = AXIS2_PLACEMENT_3D ( 'NONE', #134, #919, #761 ) ;
#1776 = FACE_OUTER_BOUND ( 'NONE', #1886, .T. ) ;
#1777 = VECTOR ( 'NONE', #516, 1000.000000000000000 ) ;
#1778 = CARTESIAN_POINT ( 'NONE',  ( 110.7999999999999829, -79.99999999999998579, 10.00000000000000000 ) ) ;
#1779 = ORIENTED_EDGE ( 'NONE', *, *, #1769, .T. ) ;
#1780 = CARTESIAN_POINT ( 'NONE',  ( -75.00000000000000000, -80.00000000000000000, 10.00000000000000000 ) ) ;
#1781 = ORIENTED_EDGE ( 'NONE', *, *, #1826, .T. ) ;
#1782 = LINE ( 'NONE', #498, #1301 ) ;
#1783 = ORIENTED_EDGE ( 'NONE', *, *, #266, .F. ) ;
#1784 = CYLINDRICAL_SURFACE ( 'NONE', #323, 3.399999999999993250 ) ;
#1785 = LINE ( 'NONE', #2092, #1202 ) ;
#1786 = EDGE_CURVE ( 'NONE', #686, #1726, #1405, .T. ) ;
#1787 = LINE ( 'NONE', #368, #328 ) ;
#1788 = PRESENTATION_STYLE_ASSIGNMENT (( #209 ) ) ;
#1789 = ORIENTED_EDGE ( 'NONE', *, *, #778, .T. ) ;
#1790 = DIRECTION ( 'NONE',  ( -0.000000000000000000, -0.000000000000000000, 1.000000000000000000 ) ) ;
#1791 = ORIENTED_EDGE ( 'NONE', *, *, #1397, .F. ) ;
#1792 = CARTESIAN_POINT ( 'NONE',  ( -75.00000000000000000, -80.00000000000000000, 10.00000000000000000 ) ) ;
#1793 = ORIENTED_EDGE ( 'NONE', *, *, #443, .T. ) ;
#1794 = CARTESIAN_POINT ( 'NONE',  ( -130.0000000000000000, 95.00000000000000000, 0.000000000000000000 ) ) ;
#1795 = CARTESIAN_POINT ( 'NONE',  ( 95.00000000000000000, 84.20000000000000284, 0.000000000000000000 ) ) ;
#1796 = ADVANCED_FACE ( 'NONE', ( #914 ), #775, .F. ) ;
#1797 = FACE_OUTER_BOUND ( 'NONE', #1451, .T. ) ;
#1798 = ORIENTED_EDGE ( 'NONE', *, *, #376, .F. ) ;
#1799 = FILL_AREA_STYLE ('',( #1336 ) ) ;
#1800 = ADVANCED_FACE ( 'NONE', ( #444 ), #592, .F. ) ;
#1801 = VERTEX_POINT ( 'NONE', #1882 ) ;
#1802 = DIRECTION ( 'NONE',  ( 6.938893903907227392E-16, 1.000000000000000000, 0.000000000000000000 ) ) ;
#1803 = ORIENTED_EDGE ( 'NONE', *, *, #1148, .T. ) ;
#1804 = CARTESIAN_POINT ( 'NONE',  ( -70.80000000000001137, 80.00000000000000000, 0.000000000000000000 ) ) ;
#1805 = VECTOR ( 'NONE', #1120, 1000.000000000000000 ) ;
#1806 = APPLICATION_CONTEXT ( 'automotive_design' ) ;
#1807 = CARTESIAN_POINT ( 'NONE',  ( -110.7999999999999829, 79.99999999999998579, 0.000000000000000000 ) ) ;
#1808 = LINE ( 'NONE', #1933, #1539 ) ;
#1809 = ORIENTED_EDGE ( 'NONE', *, *, #1013, .F. ) ;
#1810 = AXIS2_PLACEMENT_3D ( 'NONE', #62, #403, #415 ) ;
#1811 = CIRCLE ( 'NONE', #873, 20.00000000000000355 ) ;
#1812 = AXIS2_PLACEMENT_3D ( 'NONE', #1862, #1181, #48 ) ;
#1813 = CARTESIAN_POINT ( 'NONE',  ( 119.2000000000000313, 60.00000000000000000, 0.000000000000000000 ) ) ;
#1814 = EDGE_CURVE ( 'NONE', #951, #1223, #607, .T. ) ;
#1815 = ORIENTED_EDGE ( 'NONE', *, *, #112, .F. ) ;
#1816 = CYLINDRICAL_SURFACE ( 'NONE', #1339, 4.200000000000009059 ) ;
#1817 = EDGE_LOOP ( 'NONE', ( #1641, #1462, #462, #1061 ) ) ;
#1818 = DIRECTION ( 'NONE',  ( -0.000000000000000000, 1.000000000000000000, -0.000000000000000000 ) ) ;
#1819 = DIRECTION ( 'NONE',  ( 1.000000000000000000, 0.000000000000000000, 0.000000000000000000 ) ) ;
#1820 = CARTESIAN_POINT ( 'NONE',  ( -130.0000000000000000, 95.00000000000000000, 0.000000000000000000 ) ) ;
#1821 = DIRECTION ( 'NONE',  ( 6.938893903907232322E-16, -1.000000000000000000, 0.000000000000000000 ) ) ;
#1822 = VERTEX_POINT ( 'NONE', #1724 ) ;
#1823 =( LENGTH_UNIT ( ) NAMED_UNIT ( * ) SI_UNIT ( .MILLI., .METRE. ) );
#1824 = EDGE_LOOP ( 'NONE', ( #809, #222, #634, #1789 ) ) ;
#1825 = DIRECTION ( 'NONE',  ( 1.000000000000000000, 0.000000000000000000, 0.000000000000000000 ) ) ;
#1826 = EDGE_CURVE ( 'NONE', #1289, #688, #120, .T. ) ;
#1827 = ORIENTED_EDGE ( 'NONE', *, *, #2067, .F. ) ;
#1828 = DIRECTION ( 'NONE',  ( 1.000000000000000000, 0.000000000000000000, 0.000000000000000000 ) ) ;
#1829 = DIRECTION ( 'NONE',  ( -0.000000000000000000, -0.000000000000000000, 1.000000000000000000 ) ) ;
#1830 = EDGE_CURVE ( 'NONE', #1707, #40, #1573, .T. ) ;
#1831 = DIRECTION ( 'NONE',  ( 1.000000000000000000, 0.000000000000000000, 0.000000000000000000 ) ) ;
#1832 = DIRECTION ( 'NONE',  ( -0.000000000000000000, -0.000000000000000000, 1.000000000000000000 ) ) ;
#1833 = ORIENTED_EDGE ( 'NONE', *, *, #1758, .T. ) ;
#1834 = CARTESIAN_POINT ( 'NONE',  ( 63.50407640085641248, 60.10407640085665548, 10.00000000000000178 ) ) ;
#1835 = ORIENTED_EDGE ( 'NONE', *, *, #1867, .T. ) ;
#1836 = DIRECTION ( 'NONE',  ( 0.000000000000000000, 0.000000000000000000, 1.000000000000000000 ) ) ;
#1837 = ADVANCED_FACE ( 'NONE', ( #450 ), #1423, .F. ) ;
#1838 = ORIENTED_EDGE ( 'NONE', *, *, #1419, .F. ) ;
#1839 = FACE_OUTER_BOUND ( 'NONE', #1306, .T. ) ;
#1840 = STYLED_ITEM ( 'NONE', ( #1653 ), #2042 ) ;
#1841 = FACE_OUTER_BOUND ( 'NONE', #475, .T. ) ;
#1842 = LINE ( 'NONE', #422, #964 ) ;
#1843 = VECTOR ( 'NONE', #804, 1000.000000000000000 ) ;
#1844 = STYLED_ITEM ( 'NONE', ( #2033 ), #1774 ) ;
#1845 = DIRECTION ( 'NONE',  ( 1.000000000000000000, 0.000000000000000000, 0.000000000000000000 ) ) ;
#1846 = CIRCLE ( 'NONE', #1098, 4.200000000000009059 ) ;
#1847 = AXIS2_PLACEMENT_3D ( 'NONE', #245, #375, #1012 ) ;
#1848 = AXIS2_PLACEMENT_3D ( 'NONE', #1517, #1368, #1358 ) ;
#1849 = EDGE_LOOP ( 'NONE', ( #1355, #1990, #107, #603 ) ) ;
#1850 = DIRECTION ( 'NONE',  ( 1.000000000000000000, 0.000000000000000000, 0.000000000000000000 ) ) ;
#1851 = AXIS2_PLACEMENT_3D ( 'NONE', #853, #988, #1631 ) ;
#1852 = VERTEX_POINT ( 'NONE', #1111 ) ;
#1853 = CARTESIAN_POINT ( 'NONE',  ( -110.7999999999999829, 79.99999999999998579, 0.000000000000000000 ) ) ;
#1854 = LINE ( 'NONE', #849, #1237 ) ;
#1855 = DIRECTION ( 'NONE',  ( -0.000000000000000000, 0.000000000000000000, 1.000000000000000000 ) ) ;
#1856 = DIRECTION ( 'NONE',  ( 6.938893903907232322E-16, 1.000000000000000000, -0.000000000000000000 ) ) ;
#1857 = EDGE_CURVE ( 'NONE', #995, #2063, #737, .T. ) ;
#1858 = DIRECTION ( 'NONE',  ( -1.000000000000000000, 0.000000000000000000, 0.000000000000000000 ) ) ;
#1859 = ORIENTED_EDGE ( 'NONE', *, *, #2058, .F. ) ;
#1860 = EDGE_LOOP ( 'NONE', ( #981, #1193, #345, #589 ) ) ;
#1861 = DIRECTION ( 'NONE',  ( -6.938893903907232322E-16, 1.000000000000000000, 0.000000000000000000 ) ) ;
#1862 = CARTESIAN_POINT ( 'NONE',  ( -130.0000000000000000, -95.00000000000000000, 10.00000000000000000 ) ) ;
#1863 = CARTESIAN_POINT ( 'NONE',  ( 119.2000000000000313, 79.99999999999998579, 0.000000000000000000 ) ) ;
#1864 = EDGE_CURVE ( 'NONE', #972, #50, #1907, .T. ) ;
#1865 = CARTESIAN_POINT ( 'NONE',  ( -63.50407640085683880, 60.10407640085621495, 10.00000000000000178 ) ) ;
#1866 = EDGE_LOOP ( 'NONE', ( #789, #1428, #1909, #1258, #1838 ) ) ;
#1867 = EDGE_CURVE ( 'NONE', #1727, #495, #9, .T. ) ;
#1868 = ORIENTED_EDGE ( 'NONE', *, *, #602, .F. ) ;
#1869 = CARTESIAN_POINT ( 'NONE',  ( -110.0000000000000000, -75.00000000000000000, 0.000000000000000000 ) ) ;
#1870 = CARTESIAN_POINT ( 'NONE',  ( 60.10407640085642100, 60.10407640085665548, 10.00000000000000178 ) ) ;
#1871 = FACE_BOUND ( 'NONE', #1817, .T. ) ;
#1872 = VECTOR ( 'NONE', #1431, 1000.000000000000000 ) ;
#1873 = ORIENTED_EDGE ( 'NONE', *, *, #122, .T. ) ;
#1874 = AXIS2_PLACEMENT_3D ( 'NONE', #1190, #1829, #389 ) ;
#1875 = AXIS2_PLACEMENT_3D ( 'NONE', #1118, #508, #474 ) ;
#1876 = EDGE_CURVE ( 'NONE', #2065, #771, #595, .T. ) ;
#1877 = ORIENTED_EDGE ( 'NONE', *, *, #561, .F. ) ;
#1878 = AXIS2_PLACEMENT_3D ( 'NONE', #1996, #243, #1689 ) ;
#1879 = LINE ( 'NONE', #926, #834 ) ;
#1880 = AXIS2_PLACEMENT_3D ( 'NONE', #429, #1089, #288 ) ;
#1881 = PLANE ( 'NONE',  #1775 ) ;
#1882 = CARTESIAN_POINT ( 'NONE',  ( 75.00000000000000000, -75.80000000000002558, 0.000000000000000000 ) ) ;
#1883 = FACE_BOUND ( 'NONE', #208, .T. ) ;
#1884 = ORIENTED_EDGE ( 'NONE', *, *, #1127, .T. ) ;
#1885 = CYLINDRICAL_SURFACE ( 'NONE', #1474, 65.00000000000000000 ) ;
#1886 = EDGE_LOOP ( 'NONE', ( #34, #478, #29, #419 ) ) ;
#1887 = ADVANCED_FACE ( 'NONE', ( #1155 ), #1754, .F. ) ;
#1888 = DIRECTION ( 'NONE',  ( 0.000000000000000000, 0.000000000000000000, 1.000000000000000000 ) ) ;
#1889 = FILL_AREA_STYLE ('',( #117 ) ) ;
#1890 = CARTESIAN_POINT ( 'NONE',  ( -75.00000000000000000, -84.19999999999998863, 0.000000000000000000 ) ) ;
#1891 = EDGE_CURVE ( 'NONE', #480, #856, #664, .T. ) ;
#1892 = LINE ( 'NONE', #586, #98 ) ;
#1893 = DIRECTION ( 'NONE',  ( -0.000000000000000000, -0.000000000000000000, 1.000000000000000000 ) ) ;
#1894 = FILL_AREA_STYLE_COLOUR ( '', #1137 ) ;
#1895 = VERTEX_POINT ( 'NONE', #180 ) ;
#1896 = FILL_AREA_STYLE_COLOUR ( '', #231 ) ;
#1897 = EDGE_CURVE ( 'NONE', #313, #979, #159, .T. ) ;
#1898 = DIRECTION ( 'NONE',  ( -0.000000000000000000, -0.000000000000000000, 1.000000000000000000 ) ) ;
#1899 = DIRECTION ( 'NONE',  ( -0.000000000000000000, -0.000000000000000000, 1.000000000000000000 ) ) ;
#1900 = FILL_AREA_STYLE_COLOUR ( '', #369 ) ;
#1901 = ORIENTED_EDGE ( 'NONE', *, *, #1212, .T. ) ;
#1902 = CARTESIAN_POINT ( 'NONE',  ( -110.0000000000000000, 95.00000000000000000, 10.00000000000000000 ) ) ;
#1903 = VECTOR ( 'NONE', #45, 1000.000000000000000 ) ;
#1904 = ORIENTED_EDGE ( 'NONE', *, *, #3, .F. ) ;
#1905 = CARTESIAN_POINT ( 'NONE',  ( -56.70407640085687717, 60.10407640085621495, 10.00000000000000178 ) ) ;
#1906 = CIRCLE ( 'NONE', #1709, 4.200000000000009059 ) ;
#1907 = CIRCLE ( 'NONE', #1569, 4.199999999999981526 ) ;
#1908 = CIRCLE ( 'NONE', #534, 3.399999999999993250 ) ;
#1909 = ORIENTED_EDGE ( 'NONE', *, *, #1864, .F. ) ;
#1910 = FACE_BOUND ( 'NONE', #1537, .T. ) ;
#1911 = CARTESIAN_POINT ( 'NONE',  ( 75.00000000000000000, -80.00000000000000000, 0.000000000000000000 ) ) ;
#1912 = EDGE_CURVE ( 'NONE', #942, #1707, #1846, .T. ) ;
#1913 = FACE_OUTER_BOUND ( 'NONE', #1024, .T. ) ;
#1914 = VERTEX_POINT ( 'NONE', #1636 ) ;
#1915 = CARTESIAN_POINT ( 'NONE',  ( 119.2000000000000313, 79.99999999999998579, 0.000000000000000000 ) ) ;
#1916 = EDGE_LOOP ( 'NONE', ( #1918, #1185, #541, #1877 ) ) ;
#1917 = CARTESIAN_POINT ( 'NONE',  ( -110.7999999999999829, 79.99999999999998579, 0.000000000000000000 ) ) ;
#1918 = ORIENTED_EDGE ( 'NONE', *, *, #1044, .F. ) ;
#1919 = CARTESIAN_POINT ( 'NONE',  ( -114.9999999999999858, 80.00000000000000000, 10.00000000000000000 ) ) ;
#1920 = DIRECTION ( 'NONE',  ( 0.000000000000000000, 0.000000000000000000, 1.000000000000000000 ) ) ;
#1921 = EDGE_LOOP ( 'NONE', ( #1721, #1371, #1154, #144 ) ) ;
#1922 = LINE ( 'NONE', #1778, #58 ) ;
#1923 = EDGE_LOOP ( 'NONE', ( #1585, #362, #69, #1216 ) ) ;
#1924 = EDGE_CURVE ( 'NONE', #977, #1629, #60, .T. ) ;
#1925 = DIRECTION ( 'NONE',  ( 1.000000000000000000, 0.000000000000000000, 0.000000000000000000 ) ) ;
#1926 = VERTEX_POINT ( 'NONE', #353 ) ;
#1927 = EDGE_CURVE ( 'NONE', #868, #439, #477, .T. ) ;
#1928 = CYLINDRICAL_SURFACE ( 'NONE', #499, 4.199999999999995737 ) ;
#1929 = ORIENTED_EDGE ( 'NONE', *, *, #482, .T. ) ;
#1930 = PRESENTATION_STYLE_ASSIGNMENT (( #1965 ) ) ;
#1931 = DIRECTION ( 'NONE',  ( 6.938893903907232322E-16, 1.000000000000000000, -0.000000000000000000 ) ) ;
#1932 = ORIENTED_EDGE ( 'NONE', *, *, #1114, .F. ) ;
#1933 = CARTESIAN_POINT ( 'NONE',  ( 95.00000000000000000, 84.20000000000000284, 10.00000000000000000 ) ) ;
#1934 = ORIENTED_EDGE ( 'NONE', *, *, #335, .F. ) ;
#1935 = CYLINDRICAL_SURFACE ( 'NONE', #131, 4.200000000000023270 ) ;
#1936 = VERTEX_POINT ( 'NONE', #1601 ) ;
#1937 = DIRECTION ( 'NONE',  ( -0.000000000000000000, -0.000000000000000000, 1.000000000000000000 ) ) ;
#1938 = PRESENTATION_LAYER_ASSIGNMENT (  '', '', ( #1465 ) ) ;
#1939 = EDGE_CURVE ( 'NONE', #509, #992, #824, .T. ) ;
#1940 = ORIENTED_EDGE ( 'NONE', *, *, #1044, .T. ) ;
#1941 = CIRCLE ( 'NONE', #528, 3.399999999999986144 ) ;
#1942 = DIRECTION ( 'NONE',  ( 1.000000000000000000, 0.000000000000000000, 0.000000000000000000 ) ) ;
#1943 = DIRECTION ( 'NONE',  ( 0.000000000000000000, 0.000000000000000000, 1.000000000000000000 ) ) ;
#1944 =( GEOMETRIC_REPRESENTATION_CONTEXT ( 3 ) GLOBAL_UNCERTAINTY_ASSIGNED_CONTEXT ( ( #1026 ) ) GLOBAL_UNIT_ASSIGNED_CONTEXT ( ( #71, #412, #249 ) ) REPRESENTATION_CONTEXT ( 'NONE', 'WORKASPACE' ) );
#1945 = AXIS2_PLACEMENT_3D ( 'NONE', #385, #1658, #33 ) ;
#1946 = VECTOR ( 'NONE', #1526, 1000.000000000000000 ) ;
#1947 = VERTEX_POINT ( 'NONE', #1294 ) ;
#1948 = CIRCLE ( 'NONE', #1041, 20.00000000000000355 ) ;
#1949 = FACE_OUTER_BOUND ( 'NONE', #1161, .T. ) ;
#1950 = ORIENTED_EDGE ( 'NONE', *, *, #611, .F. ) ;
#1951 = CARTESIAN_POINT ( 'NONE',  ( -60.10407640085642100, -60.10407640085665548, 0.000000000000000000 ) ) ;
#1952 = ORIENTED_EDGE ( 'NONE', *, *, #456, .F. ) ;
#1953 = CARTESIAN_POINT ( 'NONE',  ( 65.00000000000000000, 0.000000000000000000, 0.000000000000000000 ) ) ;
#1954 = EDGE_CURVE ( 'NONE', #856, #2029, #488, .T. ) ;
#1955 = ORIENTED_EDGE ( 'NONE', *, *, #266, .T. ) ;
#1956 = DIRECTION ( 'NONE',  ( -0.000000000000000000, -0.000000000000000000, 1.000000000000000000 ) ) ;
#1957 = DIRECTION ( 'NONE',  ( 0.000000000000000000, -0.000000000000000000, -1.000000000000000000 ) ) ;
#1958 = EDGE_CURVE ( 'NONE', #1081, #509, #1291, .T. ) ;
#1959 = FILL_AREA_STYLE_COLOUR ( '', #1173 ) ;
#1960 = ORIENTED_EDGE ( 'NONE', *, *, #1254, .F. ) ;
#1961 = FACE_OUTER_BOUND ( 'NONE', #2045, .T. ) ;
#1962 = EDGE_LOOP ( 'NONE', ( #550, #619, #587, #1168 ) ) ;
#1963 = LINE ( 'NONE', #1521, #1538 ) ;
#1964 = VERTEX_POINT ( 'NONE', #1773 ) ;
#1965 = SURFACE_STYLE_USAGE ( .BOTH. , #1293 ) ;
#1966 = CARTESIAN_POINT ( 'NONE',  ( -110.7999999999999972, 60.00000000000000000, 0.000000000000000000 ) ) ;
#1967 = ORIENTED_EDGE ( 'NONE', *, *, #1079, .T. ) ;
#1968 = DIRECTION ( 'NONE',  ( -0.000000000000000000, -0.000000000000000000, 1.000000000000000000 ) ) ;
#1969 = ORIENTED_EDGE ( 'NONE', *, *, #1290, .F. ) ;
#1970 = EDGE_CURVE ( 'NONE', #253, #349, #671, .T. ) ;
#1971 = DIRECTION ( 'NONE',  ( 0.000000000000000000, 0.000000000000000000, 1.000000000000000000 ) ) ;
#1972 = VERTEX_POINT ( 'NONE', #1591 ) ;
#1973 = DIRECTION ( 'NONE',  ( -0.000000000000000000, -0.000000000000000000, 1.000000000000000000 ) ) ;
#1974 = ORIENTED_EDGE ( 'NONE', *, *, #746, .F. ) ;
#1975 = DIRECTION ( 'NONE',  ( 1.000000000000000000, 0.000000000000000000, 0.000000000000000000 ) ) ;
#1976 = CARTESIAN_POINT ( 'NONE',  ( 95.00000000000000000, 84.20000000000000284, 0.000000000000000000 ) ) ;
#1977 = AXIS2_PLACEMENT_3D ( 'NONE', #108, #752, #448 ) ;
#1978 = VECTOR ( 'NONE', #2084, 1000.000000000000000 ) ;
#1979 = CARTESIAN_POINT ( 'NONE',  ( -130.0000000000000000, -74.99999999999998579, 10.00000000000000000 ) ) ;
#1980 = DIRECTION ( 'NONE',  ( -0.000000000000000000, -0.000000000000000000, 1.000000000000000000 ) ) ;
#1981 = CIRCLE ( 'NONE', #627, 19.99999999999998934 ) ;
#1982 = ORIENTED_EDGE ( 'NONE', *, *, #1079, .F. ) ;
#1983 = CIRCLE ( 'NONE', #1067, 3.400000000000000355 ) ;
#1984 = EDGE_CURVE ( 'NONE', #553, #151, #636, .T. ) ;
#1985 = VECTOR ( 'NONE', #670, 1000.000000000000000 ) ;
#1986 = CARTESIAN_POINT ( 'NONE',  ( -119.2000000000000313, -79.99999999999998579, 10.00000000000000000 ) ) ;
#1987 = AXIS2_PLACEMENT_3D ( 'NONE', #1416, #941, #921 ) ;
#1988 = ORIENTED_EDGE ( 'NONE', *, *, #512, .T. ) ;
#1989 = CARTESIAN_POINT ( 'NONE',  ( -60.10407640085642100, -60.10407640085665548, 0.000000000000000000 ) ) ;
#1990 = ORIENTED_EDGE ( 'NONE', *, *, #414, .F. ) ;
#1991 = CARTESIAN_POINT ( 'NONE',  ( 119.2000000000000171, -60.00000000000000000, 0.000000000000000000 ) ) ;
#1992 = CARTESIAN_POINT ( 'NONE',  ( -114.9999999999999858, 80.00000000000000000, 0.000000000000000000 ) ) ;
#1993 = DIRECTION ( 'NONE',  ( -0.000000000000000000, -0.000000000000000000, 1.000000000000000000 ) ) ;
#1994 = DIRECTION ( 'NONE',  ( 0.000000000000000000, 0.000000000000000000, 1.000000000000000000 ) ) ;
#1995 = ORIENTED_EDGE ( 'NONE', *, *, #1477, .T. ) ;
#1996 = CARTESIAN_POINT ( 'NONE',  ( -60.10407640085686154, 60.10407640085621495, 10.00000000000000000 ) ) ;
#1997 = EDGE_CURVE ( 'NONE', #397, #473, #1300, .T. ) ;
#1998 = ORIENTED_EDGE ( 'NONE', *, *, #1266, .F. ) ;
#1999 = DIRECTION ( 'NONE',  ( -0.000000000000000000, 0.000000000000000000, 1.000000000000000000 ) ) ;
#2000 = VERTEX_POINT ( 'NONE', #1273 ) ;
#2001 = DIRECTION ( 'NONE',  ( 0.000000000000000000, 0.000000000000000000, 1.000000000000000000 ) ) ;
#2002 = PRODUCT_DEFINITION_CONTEXT ( 'detailed design', #1806, 'design' ) ;
#2003 = DIRECTION ( 'NONE',  ( 1.000000000000000000, 0.000000000000000000, 0.000000000000000000 ) ) ;
#2004 = DIRECTION ( 'NONE',  ( 0.000000000000000000, 0.000000000000000000, 1.000000000000000000 ) ) ;
#2005 = DIRECTION ( 'NONE',  ( -0.000000000000000000, -0.000000000000000000, 1.000000000000000000 ) ) ;
#2006 = ORIENTED_EDGE ( 'NONE', *, *, #1143, .T. ) ;
#2007 = CARTESIAN_POINT ( 'NONE',  ( -63.50407640085642669, -60.10407640085665548, 10.00000000000000000 ) ) ;
#2008 = EDGE_LOOP ( 'NONE', ( #1514, #113, #621, #1523, #1493 ) ) ;
#2009 = EDGE_CURVE ( 'NONE', #1936, #10, #1785, .T. ) ;
#2010 = CARTESIAN_POINT ( 'NONE',  ( 95.00000000000000000, 75.80000000000001137, 0.000000000000000000 ) ) ;
#2011 = DIRECTION ( 'NONE',  ( -6.938893903907232322E-16, -1.000000000000000000, -0.000000000000000000 ) ) ;
#2012 = COLOUR_RGB ( '',0.8980392156862745390, 0.9176470588235293713, 0.9294117647058823817 ) ;
#2013 = CARTESIAN_POINT ( 'NONE',  ( 60.10407640085642100, 60.10407640085665548, 10.00000000000000178 ) ) ;
#2014 = CARTESIAN_POINT ( 'NONE',  ( 99.20000000000000284, -80.00000000000000000, 10.00000000000000000 ) ) ;
#2015 = CIRCLE ( 'NONE', #1096, 4.199999999999995737 ) ;
#2016 = CARTESIAN_POINT ( 'NONE',  ( -70.80000000000001137, -80.00000000000000000, 0.000000000000000000 ) ) ;
#2017 = VERTEX_POINT ( 'NONE', #1130 ) ;
#2018 = ORIENTED_EDGE ( 'NONE', *, *, #1261, .F. ) ;
#2019 =( GEOMETRIC_REPRESENTATION_CONTEXT ( 3 ) GLOBAL_UNCERTAINTY_ASSIGNED_CONTEXT ( ( #882 ) ) GLOBAL_UNIT_ASSIGNED_CONTEXT ( ( #312, #2087, #1115 ) ) REPRESENTATION_CONTEXT ( 'NONE', 'WORKASPACE' ) );
#2020 = ORIENTED_EDGE ( 'NONE', *, *, #1450, .T. ) ;
#2021 = CARTESIAN_POINT ( 'NONE',  ( -115.0000000000000142, -60.00000000000000000, 10.00000000000000000 ) ) ;
#2022 = CYLINDRICAL_SURFACE ( 'NONE', #1874, 4.199999999999981526 ) ;
#2023 = UNCERTAINTY_MEASURE_WITH_UNIT (LENGTH_MEASURE( 1.000000000000000082E-05 ), #680, 'distance_accuracy_value', 'NONE');
#2024 = EDGE_CURVE ( 'NONE', #1822, #972, #658, .T. ) ;
#2025 = CARTESIAN_POINT ( 'NONE',  ( 60.10407640085728076, -60.10407640085579573, 0.000000000000000000 ) ) ;
#2026 = CARTESIAN_POINT ( 'NONE',  ( -119.2000000000000313, -60.00000000000000000, 0.000000000000000000 ) ) ;
#2027 = EDGE_CURVE ( 'NONE', #1021, #1284, #292, .T. ) ;
#2028 = DIRECTION ( 'NONE',  ( -1.000000000000000000, -6.938893903907227392E-16, 0.000000000000000000 ) ) ;
#2029 = VERTEX_POINT ( 'NONE', #872 ) ;
#2030 = ORIENTED_EDGE ( 'NONE', *, *, #335, .T. ) ;
#2031 = CARTESIAN_POINT ( 'NONE',  ( 75.00000000000000000, -75.80000000000002558, 0.000000000000000000 ) ) ;
#2032 = CYLINDRICAL_SURFACE ( 'NONE', #1710, 3.399999999999993250 ) ;
#2033 = PRESENTATION_STYLE_ASSIGNMENT (( #1078 ) ) ;
#2034 = EDGE_CURVE ( 'NONE', #653, #548, #1854, .T. ) ;
#2035 = DIRECTION ( 'NONE',  ( -1.000000000000000000, 0.000000000000000000, 0.000000000000000000 ) ) ;
#2036 = ORIENTED_EDGE ( 'NONE', *, *, #1148, .F. ) ;
#2037 = ORIENTED_EDGE ( 'NONE', *, *, #875, .F. ) ;
#2038 = DIRECTION ( 'NONE',  ( 0.000000000000000000, 0.000000000000000000, 1.000000000000000000 ) ) ;
#2039 = APPLICATION_PROTOCOL_DEFINITION ( 'draft international standard', 'automotive_design', 1998, #1806 ) ;
#2040 =( NAMED_UNIT ( * ) PLANE_ANGLE_UNIT ( ) SI_UNIT ( $, .RADIAN. ) );
#2041 = DIRECTION ( 'NONE',  ( 1.000000000000000000, 0.000000000000000000, 0.000000000000000000 ) ) ;
#2042 = ADVANCED_FACE ( 'NONE', ( #399 ), #1040, .F. ) ;
#2043 = VECTOR ( 'NONE', #1356, 1000.000000000000000 ) ;
#2044 = VECTOR ( 'NONE', #1856, 1000.000000000000000 ) ;
#2045 = EDGE_LOOP ( 'NONE', ( #374, #1934, #580, #1779 ) ) ;
#2046 = CARTESIAN_POINT ( 'NONE',  ( -70.80000000000001137, 80.00000000000000000, 0.000000000000000000 ) ) ;
#2047 = VECTOR ( 'NONE', #194, 1000.000000000000000 ) ;
#2048 = CIRCLE ( 'NONE', #1208, 3.399999999999993250 ) ;
#2049 = ORIENTED_EDGE ( 'NONE', *, *, #623, .F. ) ;
#2050 = EDGE_CURVE ( 'NONE', #610, #495, #326, .T. ) ;
#2051 = CIRCLE ( 'NONE', #156, 4.199999999999981526 ) ;
#2052 = LINE ( 'NONE', #1567, #1679 ) ;
#2053 = CARTESIAN_POINT ( 'NONE',  ( 0.000000000000000000, 0.000000000000000000, 0.000000000000000000 ) ) ;
#2054 = DIRECTION ( 'NONE',  ( 1.000000000000000000, 0.000000000000000000, 0.000000000000000000 ) ) ;
#2055 = CARTESIAN_POINT ( 'NONE',  ( 119.2000000000000313, -79.99999999999998579, 0.000000000000000000 ) ) ;
#2056 = DIRECTION ( 'NONE',  ( 1.000000000000000000, 0.000000000000000000, 0.000000000000000000 ) ) ;
#2057 = CARTESIAN_POINT ( 'NONE',  ( -110.7999999999999829, -79.99999999999998579, 0.000000000000000000 ) ) ;
#2058 = EDGE_CURVE ( 'NONE', #868, #951, #1508, .T. ) ;
#2059 = ORIENTED_EDGE ( 'NONE', *, *, #1897, .F. ) ;
#2060 = LINE ( 'NONE', #1234, #1640 ) ;
#2061 = FILL_AREA_STYLE_COLOUR ( '', #1101 ) ;
#2062 = FACE_BOUND ( 'NONE', #1497, .T. ) ;
#2063 = VERTEX_POINT ( 'NONE', #1976 ) ;
#2064 = CARTESIAN_POINT ( 'NONE',  ( 56.70407640085643663, 60.10407640085665548, 10.00000000000000178 ) ) ;
#2065 = VERTEX_POINT ( 'NONE', #1180 ) ;
#2066 = DIRECTION ( 'NONE',  ( 0.000000000000000000, 0.000000000000000000, 1.000000000000000000 ) ) ;
#2067 = EDGE_CURVE ( 'NONE', #1520, #106, #186, .T. ) ;
#2068 = EDGE_LOOP ( 'NONE', ( #1901, #696 ) ) ;
#2069 = DIRECTION ( 'NONE',  ( -0.000000000000000000, -0.000000000000000000, 1.000000000000000000 ) ) ;
#2070 = FACE_BOUND ( 'NONE', #1373, .T. ) ;
#2071 = VERTEX_POINT ( 'NONE', #545 ) ;
#2072 = CYLINDRICAL_SURFACE ( 'NONE', #295, 4.199999999999981526 ) ;
#2073 = AXIS2_PLACEMENT_3D ( 'NONE', #1328, #1652, #1828 ) ;
#2074 = ORIENTED_EDGE ( 'NONE', *, *, #1277, .T. ) ;
#2075 =( NAMED_UNIT ( * ) PLANE_ANGLE_UNIT ( ) SI_UNIT ( $, .RADIAN. ) );
#2076 = MECHANICAL_DESIGN_GEOMETRIC_PRESENTATION_REPRESENTATION (  '', ( #662 ), #1000 ) ;
#2077 = VECTOR ( 'NONE', #1171, 1000.000000000000000 ) ;
#2078 = CIRCLE ( 'NONE', #1302, 3.400000000000000355 ) ;
#2079 = ORIENTED_EDGE ( 'NONE', *, *, #1187, .T. ) ;
#2080 = CARTESIAN_POINT ( 'NONE',  ( -63.50407640085685301, 60.10407640085621495, 10.00000000000000000 ) ) ;
#2081 = DIRECTION ( 'NONE',  ( -1.000000000000000000, 0.000000000000000000, 0.000000000000000000 ) ) ;
#2082 = EDGE_CURVE ( 'NONE', #2071, #802, #1357, .T. ) ;
#2083 = ORIENTED_EDGE ( 'NONE', *, *, #1320, .T. ) ;
#2084 = DIRECTION ( 'NONE',  ( -0.000000000000000000, -0.000000000000000000, 1.000000000000000000 ) ) ;
#2085 = EDGE_LOOP ( 'NONE', ( #325, #1563, #896, #1073 ) ) ;
#2086 = ADVANCED_FACE ( 'NONE', ( #56 ), #2022, .F. ) ;
#2087 =( NAMED_UNIT ( * ) PLANE_ANGLE_UNIT ( ) SI_UNIT ( $, .RADIAN. ) );
#2088 = ORIENTED_EDGE ( 'NONE', *, *, #1939, .F. ) ;
#2089 =( LENGTH_UNIT ( ) NAMED_UNIT ( * ) SI_UNIT ( .MILLI., .METRE. ) );
#2090 = ORIENTED_EDGE ( 'NONE', *, *, #1233, .T. ) ;
#2091 = LINE ( 'NONE', #644, #898 ) ;
#2092 = CARTESIAN_POINT ( 'NONE',  ( 119.2000000000000313, 79.99999999999998579, 10.00000000000000000 ) ) ;
ENDSEC;
END-ISO-10303-21;
